{"type":"FeatureCollection","name":"fire_ranges","source":{"name":"GovMap military fire ranges","layer":"govmap:layer_234343","url":"https://www.govmap.gov.il/api/geoserver/wfs?service=WFS&version=1.1.0&request=GetFeature&typeName=govmap:layer_234343&outputFormat=application/json&maxFeatures=1000&srsName=EPSG:4326","crs":"EPSG:4326","coordinate_precision":5,"properties":{"name":"orders_nam","remarks":"remarks"},"fetched_at":"2026-06-18T10:00:17.715Z"},"features":[{"type":"Feature","properties":{"name":"מטווח 90 דרום","remarks":"pkdarom@gmail.com , 08-99029268"},"geometry":{"type":"MultiPolygon","coordinates":[[[[35.1761,30.6406],[35.1756,30.6409],[35.1736,30.6419],[35.172,30.6432],[35.1702,30.6455],[35.1672,30.6488],[35.1643,30.6513],[35.1615,30.6543],[35.1585,30.6578],[35.156,30.6606],[35.1527,30.664],[35.1515,30.6652],[35.1503,30.6664],[35.1481,30.6688],[35.1468,30.67],[35.146,30.6707],[35.1444,30.6723],[35.1423,30.6739],[35.1411,30.675],[35.1398,30.6765],[35.1366,30.6789],[35.1346,30.6801],[35.1333,30.681],[35.1315,30.6825],[35.1266,30.6867],[35.1241,30.6886],[35.1213,30.6907],[35.1183,30.6926],[35.1133,30.6959],[35.1083,30.6989],[35.1049,30.7014],[35.1012,30.7042],[35.0982,30.7064],[35.0958,30.7079],[35.094,30.7094],[35.0928,30.7104],[35.0909,30.7116],[35.0886,30.7132],[35.0862,30.7147],[35.0825,30.7169],[35.0808,30.7184],[35.0768,30.7201],[35.0754,30.7208],[35.0729,30.7222],[35.0708,30.7241],[35.0654,30.7284],[35.06,30.7331],[35.0572,30.7354],[35.0559,30.7363],[35.0543,30.7379],[35.0534,30.7387],[35.0515,30.74],[35.0496,30.7417],[35.0486,30.7426],[35.0477,30.7432],[35.0467,30.7443],[35.045,30.7457],[35.0421,30.7475],[35.041,30.7481],[35.0397,30.7489],[35.0388,30.7497],[35.0377,30.7508],[35.0369,30.7516],[35.0363,30.7524],[35.034,30.7543],[35.0328,30.7551],[35.0318,30.7562],[35.0307,30.7571],[35.0294,30.7582],[35.0283,30.7592],[35.0275,30.7601],[35.0269,30.7607],[35.0261,30.7611],[35.0256,30.7612],[35.0252,30.7615],[35.0241,30.7622],[35.0229,30.7634],[35.0215,30.7646],[35.0209,30.7653],[35.0202,30.7662],[35.0194,30.7669],[35.019,30.7673],[35.0184,30.7679],[35.0175,30.7686],[35.0169,30.7689],[35.0162,30.7695],[35.0158,30.7702],[35.0149,30.7715],[35.0134,30.7728],[35.0134,30.7727],[35.0121,30.7738],[35.0103,30.7753],[35.0089,30.7769],[35.0077,30.7781],[35.0067,30.7797],[35.0063,30.7812],[35.0063,30.7827],[35.0067,30.7836],[35.0076,30.7851],[35.0091,30.7861],[35.0118,30.7873],[35.0141,30.7881],[35.0165,30.789],[35.0191,30.7899],[35.0217,30.7902],[35.0238,30.791],[35.0254,30.7916],[35.0275,30.7922],[35.0291,30.7926],[35.0313,30.7933],[35.0333,30.7939],[35.035,30.7945],[35.0392,30.7957],[35.041,30.7964],[35.0423,30.7967],[35.0447,30.7977],[35.0464,30.7986],[35.0481,30.7996],[35.0495,30.8003],[35.0508,30.801],[35.0519,30.8016],[35.0537,30.8026],[35.0543,30.8028],[35.0558,30.8038],[35.0573,30.8046],[35.0582,30.8051],[35.0595,30.8057],[35.0608,30.8065],[35.0625,30.8073],[35.0638,30.8079],[35.065,30.8086],[35.0655,30.8087],[35.0664,30.8092],[35.0675,30.81],[35.0681,30.8108],[35.0687,30.8112],[35.0696,30.8118],[35.0705,30.8125],[35.0715,30.8132],[35.073,30.8141],[35.0739,30.8148],[35.0763,30.8161],[35.0777,30.8169],[35.0789,30.8176],[35.0797,30.8182],[35.081,30.8188],[35.082,30.8194],[35.0833,30.82],[35.0852,30.8212],[35.0869,30.8223],[35.0878,30.8229],[35.0887,30.8236],[35.0898,30.8243],[35.0912,30.8253],[35.0923,30.8259],[35.0946,30.8275],[35.0958,30.8282],[35.0971,30.8289],[35.0983,30.8296],[35.0996,30.8301],[35.1008,30.8307],[35.1026,30.8316],[35.1039,30.8323],[35.1054,30.8331],[35.1068,30.8336],[35.1079,30.8345],[35.1114,30.8367],[35.1126,30.8375],[35.1152,30.8394],[35.1172,30.8409],[35.1186,30.842],[35.1203,30.8432],[35.1221,30.8442],[35.1248,30.8455],[35.1261,30.8463],[35.1266,30.8467],[35.1275,30.8474],[35.1301,30.8487],[35.1307,30.8491],[35.1328,30.8504],[35.1345,30.8512],[35.138,30.8532],[35.1426,30.8561],[35.1438,30.8571],[35.1527,30.8623],[35.1536,30.8627],[35.1547,30.863],[35.1553,30.8626],[35.1576,30.8614],[35.1605,30.8595],[35.1631,30.8576],[35.1659,30.8564],[35.1682,30.8552],[35.1709,30.8537],[35.1732,30.8521],[35.1761,30.8505],[35.1784,30.8498],[35.1813,30.8484],[35.1836,30.8471],[35.1869,30.8453],[35.1901,30.8439],[35.1918,30.8427],[35.1938,30.8418],[35.1947,30.841],[35.196,30.8394],[35.1967,30.8378],[35.1972,30.835],[35.1978,30.8345],[35.1985,30.8332],[35.1992,30.831],[35.1992,30.8292],[35.1986,30.8278],[35.1969,30.8264],[35.1948,30.8255],[35.1929,30.8246],[35.1912,30.8239],[35.1895,30.8231],[35.1879,30.8217],[35.1864,30.8198],[35.1856,30.818],[35.1849,30.8162],[35.1849,30.8145],[35.1859,30.8119],[35.1875,30.8093],[35.1894,30.807],[35.1913,30.8052],[35.1933,30.8034],[35.1946,30.8018],[35.1952,30.8006],[35.196,30.7987],[35.197,30.7966],[35.1978,30.7946],[35.1987,30.7917],[35.1995,30.7884],[35.2005,30.786],[35.2015,30.7839],[35.2025,30.7806],[35.2035,30.7784],[35.204,30.7769],[35.2053,30.7736],[35.2056,30.7702],[35.2055,30.7671],[35.2051,30.763],[35.2048,30.7595],[35.2047,30.7562],[35.2046,30.7533],[35.2046,30.7505],[35.2042,30.7474],[35.204,30.7446],[35.2032,30.7422],[35.2023,30.7397],[35.2014,30.738],[35.1999,30.7359],[35.1984,30.7341],[35.1968,30.7339],[35.1939,30.7334],[35.1909,30.7332],[35.1869,30.7329],[35.1785,30.7329],[35.173,30.7325],[35.1726,30.7312],[35.1723,30.7253],[35.1723,30.7229],[35.1719,30.7208],[35.1719,30.7123],[35.1738,30.7123],[35.1766,30.7122],[35.1801,30.7119],[35.1831,30.7113],[35.183,30.7105],[35.182,30.7086],[35.1813,30.7071],[35.1801,30.7048],[35.1797,30.7034],[35.1797,30.7021],[35.1801,30.6998],[35.181,30.6962],[35.1817,30.6939],[35.182,30.6927],[35.1822,30.6905],[35.1821,30.6889],[35.1817,30.6872],[35.1813,30.6854],[35.1808,30.6835],[35.1806,30.6812],[35.1802,30.6796],[35.1797,30.6772],[35.1794,30.6761],[35.1789,30.6755],[35.1778,30.6747],[35.1752,30.6714],[35.1742,30.6694],[35.1737,30.6674],[35.1737,30.6655],[35.1741,30.6631],[35.175,30.66],[35.1762,30.6536],[35.1766,30.6509],[35.1766,30.6475],[35.1768,30.6451],[35.1768,30.6413],[35.1765,30.6408],[35.1761,30.6406]]]]}},{"type":"Feature","properties":{"name":"מטווח 90 צפון","remarks":"pkdarom@gmail.com , 08-99029268"},"geometry":{"type":"MultiPolygon","coordinates":[[[[35.2393,30.8207],[35.234,30.8249],[35.2286,30.8279],[35.2278,30.8285],[35.2241,30.8314],[35.1905,30.8506],[35.1546,30.8694],[35.1539,30.8721],[35.1534,30.878],[35.1548,30.8828],[35.1578,30.8856],[35.159,30.8879],[35.1588,30.891],[35.1621,30.8917],[35.1639,30.8917],[35.1656,30.8908],[35.1676,30.8892],[35.1703,30.889],[35.1734,30.8906],[35.1777,30.8942],[35.1817,30.8982],[35.1842,30.9018],[35.187,30.9015],[35.1892,30.9008],[35.1944,30.9028],[35.1978,30.9035],[35.2,30.9018],[35.2038,30.9024],[35.2062,30.9037],[35.2071,30.9055],[35.2078,30.9088],[35.2036,30.9156],[35.202,30.9206],[35.2031,30.9228],[35.2069,30.9245],[35.2084,30.9237],[35.2119,30.923],[35.2144,30.9252],[35.218,30.9278],[35.2228,30.931],[35.2271,30.9337],[35.2294,30.9346],[35.2316,30.9335],[35.233,30.9315],[35.2329,30.9278],[35.2345,30.9249],[35.2378,30.924],[35.2432,30.9245],[35.2484,30.9249],[35.2514,30.927],[35.2533,30.9278],[35.2549,30.9264],[35.2589,30.9259],[35.2642,30.9266],[35.2715,30.9281],[35.2757,30.928],[35.2777,30.9268],[35.2671,30.9137],[35.2595,30.8997],[35.2579,30.8928],[35.2577,30.8729],[35.2577,30.8503],[35.2548,30.845],[35.2484,30.8367],[35.2448,30.8314],[35.243,30.8261],[35.2426,30.8219],[35.2393,30.8207]]]]}},{"type":"Feature","properties":{"name":"1390 ז","remarks":"pkdarom@gmail.com , 08-99029268"},"geometry":{"type":"MultiPolygon","coordinates":[[[[34.9879,30.3216],[34.9902,30.3205],[34.991,30.3201],[34.9924,30.3191],[34.9932,30.3184],[34.9973,30.3192],[34.9996,30.3197],[35.0007,30.3193],[35.0017,30.3189],[35.0025,30.3183],[35.0034,30.3176],[35.005,30.316],[35.0063,30.3158],[35.0067,30.3152],[35.0073,30.3142],[35.0073,30.3133],[35.0073,30.3122],[35.0063,30.3113],[35.0069,30.3099],[35.0074,30.308],[35.0079,30.3067],[35.0084,30.3061],[35.0101,30.304],[35.0117,30.2984],[35.0114,30.2976],[35.0115,30.2971],[35.0103,30.2913],[35.0064,30.2857],[35.002,30.2846],[35.0004,30.284],[34.9994,30.2866],[34.9984,30.2881],[34.997,30.289],[34.9956,30.2897],[34.9938,30.2899],[34.9934,30.2899],[34.9898,30.2894],[34.9879,30.2891],[34.9861,30.289],[34.985,30.2896],[34.9842,30.2907],[34.984,30.2917],[34.9829,30.2951],[34.981,30.2963],[34.9772,30.298],[34.974,30.2991],[34.9719,30.2999],[34.9706,30.3],[34.968,30.3005],[34.9671,30.3012],[34.9667,30.302],[34.9667,30.3024],[34.9669,30.3029],[34.9674,30.3034],[34.9685,30.3057],[34.9691,30.3069],[34.9697,30.3081],[34.9698,30.3089],[34.9694,30.3098],[34.9688,30.3108],[34.9684,30.3117],[34.968,30.3135],[34.968,30.3154],[34.9681,30.3175],[34.968,30.3187],[34.9678,30.3197],[34.9688,30.3203],[34.9692,30.3202],[34.9702,30.3203],[34.9723,30.3205],[34.9749,30.3212],[34.9756,30.3213],[34.9771,30.3213],[34.9786,30.3212],[34.9796,30.321],[34.9812,30.3209],[34.9821,30.3209],[34.9835,30.3217],[34.9867,30.3218],[34.9879,30.3216]]]]}},{"type":"Feature","properties":{"name":"שטח אש 609","remarks":"pkdarom@gmail.com , 08-99029268"},"geometry":{"type":"MultiPolygon","coordinates":[[[[34.4986,31.6055],[34.4996,31.602],[34.5089,31.5973],[34.5127,31.5953],[34.5124,31.597],[34.5122,31.5985],[34.512,31.5988],[34.5111,31.5991],[34.5111,31.6009],[34.5117,31.6013],[34.5125,31.6023],[34.5129,31.603],[34.5133,31.6035],[34.5142,31.6038],[34.5152,31.6042],[34.5162,31.6044],[34.5173,31.6046],[34.518,31.6045],[34.5184,31.6045],[34.5188,31.6042],[34.5189,31.604],[34.5189,31.6023],[34.5197,31.6014],[34.52,31.6011],[34.521,31.6009],[34.522,31.6008],[34.5231,31.6008],[34.524,31.6011],[34.5265,31.6011],[34.5269,31.6012],[34.5292,31.6021],[34.5297,31.6023],[34.5302,31.6023],[34.531,31.6018],[34.5318,31.6012],[34.5324,31.6005],[34.533,31.5998],[34.5389,31.594],[34.5392,31.5937],[34.5396,31.5934],[34.5416,31.5881],[34.5406,31.5859],[34.5409,31.5843],[34.5464,31.5813],[34.5469,31.5809],[34.5461,31.5807],[34.5445,31.5805],[34.5434,31.5803],[34.5424,31.5789],[34.5421,31.578],[34.5426,31.5776],[34.5437,31.5771],[34.5441,31.5768],[34.5446,31.5767],[34.5448,31.5766],[34.5454,31.5758],[34.5466,31.5757],[34.5469,31.5758],[34.547,31.576],[34.5471,31.5762],[34.5471,31.5764],[34.5479,31.5765],[34.5493,31.5758],[34.5491,31.5745],[34.5489,31.5741],[34.5487,31.5737],[34.5485,31.5734],[34.548,31.573],[34.5477,31.5721],[34.5467,31.5712],[34.5462,31.5705],[34.5434,31.5705],[34.5433,31.5682],[34.5455,31.5683],[34.546,31.568],[34.5465,31.5674],[34.5463,31.5664],[34.5451,31.5662],[34.5458,31.5632],[34.5427,31.5612],[34.5394,31.5635],[34.5385,31.564],[34.5397,31.5652],[34.5418,31.5678],[34.5358,31.5719],[34.5337,31.5733],[34.5308,31.5702],[34.5277,31.5725],[34.5273,31.5724],[34.5233,31.5753],[34.5053,31.588],[34.493,31.5971],[34.4931,31.5972],[34.4931,31.5973],[34.4931,31.5973],[34.4931,31.5973],[34.4932,31.5974],[34.4932,31.5975],[34.4933,31.5976],[34.4933,31.5977],[34.4935,31.5979],[34.4937,31.5982],[34.4938,31.5984],[34.4939,31.5985],[34.494,31.5985],[34.4944,31.5992],[34.4944,31.5992],[34.4945,31.5993],[34.4948,31.5998],[34.4948,31.5999],[34.4949,31.6],[34.4978,31.6041],[34.4986,31.6055]]]]}},{"type":"Feature","properties":{"name":"שטח אש 512","remarks":"pkdarom@gmail.com , 08-99029268"},"geometry":{"type":"MultiPolygon","coordinates":[[[[35.0748,30.8604],[35.066,30.8675],[35.0651,30.8683],[35.0331,30.8956],[35.0363,30.8982],[35.0401,30.9024],[35.0417,30.9046],[35.0434,30.9081],[35.0462,30.912],[35.0467,30.9135],[35.0464,30.9157],[35.0464,30.9187],[35.0474,30.9223],[35.049,30.9242],[35.0503,30.9253],[35.0536,30.9267],[35.0549,30.9281],[35.0552,30.9287],[35.0562,30.9302],[35.0573,30.9346],[35.058,30.9441],[35.0583,30.9479],[35.0592,30.949],[35.0586,30.9517],[35.058,30.9531],[35.0584,30.9579],[35.095,30.9467],[35.0972,30.9455],[35.0996,30.9453],[35.1021,30.9442],[35.1042,30.9427],[35.105,30.9417],[35.126,30.9309],[35.1281,30.9297],[35.1276,30.925],[35.1269,30.9223],[35.1264,30.9201],[35.1255,30.9184],[35.1198,30.9133],[35.1103,30.8996],[35.1112,30.8978],[35.1114,30.8972],[35.1152,30.8926],[35.1068,30.8853],[35.1011,30.8807],[35.0967,30.8776],[35.091,30.8746],[35.0862,30.8711],[35.0835,30.8679],[35.0748,30.8604]]]]}},{"type":"Feature","properties":{"name":"112","remarks":"073-3483007, matampatzan@gmail.com"},"geometry":{"type":"MultiPolygon","coordinates":[[[[34.9919,32.5858],[34.994,32.5875],[34.9938,32.5878],[34.9953,32.5893],[34.9958,32.5896],[34.9965,32.5899],[34.9972,32.5902],[34.9976,32.5903],[34.998,32.5905],[34.9985,32.5907],[34.9987,32.5908],[34.9998,32.5907],[35.0004,32.5907],[35.001,32.5907],[35.0015,32.5906],[35.0023,32.5906],[35.003,32.5906],[35.0037,32.5909],[35.0043,32.5908],[35.0052,32.5909],[35.0056,32.5909],[35.0059,32.591],[35.0061,32.591],[35.0065,32.5909],[35.007,32.5909],[35.0073,32.5909],[35.0076,32.5909],[35.0078,32.5911],[35.0078,32.5912],[35.008,32.5917],[35.0081,32.5919],[35.0081,32.592],[35.0085,32.5923],[35.0091,32.5924],[35.0109,32.5924],[35.0112,32.5924],[35.013,32.5924],[35.0132,32.5923],[35.0141,32.5924],[35.0149,32.5918],[35.0152,32.5916],[35.0155,32.5912],[35.0157,32.591],[35.0158,32.5907],[35.016,32.5903],[35.0168,32.5904],[35.017,32.5902],[35.0173,32.59],[35.0182,32.5897],[35.0186,32.5897],[35.0191,32.5897],[35.0196,32.5898],[35.0198,32.5898],[35.0214,32.5893],[35.0221,32.5886],[35.0222,32.5882],[35.0217,32.5875],[35.023,32.5876],[35.023,32.5874],[35.0233,32.5874],[35.0237,32.5875],[35.024,32.5876],[35.0259,32.5873],[35.0264,32.5869],[35.0266,32.5864],[35.0263,32.5863],[35.026,32.5859],[35.026,32.5857],[35.0261,32.5852],[35.0266,32.5845],[35.0267,32.5842],[35.0269,32.5838],[35.0271,32.5833],[35.0273,32.5829],[35.0275,32.5821],[35.0277,32.5817],[35.0278,32.5808],[35.0279,32.5804],[35.028,32.5801],[35.028,32.5796],[35.0281,32.5786],[35.0281,32.5775],[35.0281,32.5772],[35.0282,32.5764],[35.0278,32.5754],[35.0277,32.5749],[35.0275,32.5747],[35.027,32.5745],[35.0264,32.5741],[35.0261,32.5738],[35.0259,32.5736],[35.0255,32.5732],[35.025,32.5728],[35.0246,32.5726],[35.0246,32.5724],[35.0239,32.5721],[35.0236,32.5719],[35.0231,32.5716],[35.0215,32.5706],[35.0202,32.5699],[35.0185,32.5688],[35.0176,32.5685],[35.017,32.5681],[35.0154,32.5674],[35.0146,32.567],[35.0139,32.5667],[35.0129,32.5664],[35.0117,32.5662],[35.0103,32.5659],[35.0093,32.5657],[35.008,32.5655],[35.0067,32.5655],[35.0041,32.5684],[35.0039,32.5695],[35.0045,32.5703],[35.0041,32.5711],[35.005,32.5714],[35.0056,32.5714],[35.0062,32.5717],[35.0078,32.5727],[35.0077,32.5728],[35.0062,32.5737],[35.0054,32.5735],[35.0042,32.575],[35.0031,32.5755],[35.0029,32.5765],[35.0029,32.577],[35.0033,32.5772],[35.0032,32.5785],[35.0027,32.5801],[35.0021,32.5801],[35.002,32.5803],[35.0008,32.58],[35.0003,32.5782],[35.0,32.5781],[34.9999,32.5774],[34.9997,32.5774],[34.9996,32.5771],[34.9997,32.5764],[35.0005,32.5766],[34.9999,32.5759],[35.0008,32.5743],[35.0006,32.5742],[35.0008,32.5732],[35.0011,32.5726],[35.0017,32.5718],[35.0018,32.5713],[35.0025,32.5713],[35.0026,32.5706],[35.0025,32.5695],[35.0024,32.5695],[35.003,32.5694],[35.0028,32.5691],[35.003,32.5683],[35.0037,32.5676],[35.0054,32.5658],[35.0065,32.5641],[35.0073,32.562],[35.0072,32.5612],[35.0071,32.5607],[35.0071,32.5599],[35.0069,32.5595],[35.0068,32.5592],[35.0067,32.5589],[35.0066,32.5585],[35.0065,32.5581],[35.0064,32.5578],[35.0062,32.5574],[35.0061,32.557],[35.006,32.5567],[35.0059,32.5563],[35.0058,32.5559],[35.0056,32.5555],[35.0055,32.5551],[35.0054,32.5548],[35.0053,32.5545],[35.0052,32.5541],[35.0051,32.5539],[35.0051,32.5536],[35.005,32.5532],[34.9997,32.5487],[34.9993,32.5463],[34.998,32.5439],[34.9977,32.5434],[34.997,32.5418],[34.9945,32.5398],[34.994,32.5397],[34.9937,32.5399],[34.9934,32.5397],[34.9926,32.5396],[34.9922,32.5397],[34.992,32.5396],[34.9909,32.5392],[34.9903,32.5393],[34.99,32.5391],[34.9899,32.5389],[34.9881,32.5383],[34.9879,32.5387],[34.9873,32.5393],[34.9871,32.5403],[34.9869,32.5405],[34.9872,32.5413],[34.9874,32.5421],[34.9875,32.5427],[34.9877,32.5432],[34.9883,32.5445],[34.9893,32.5457],[34.9879,32.5473],[34.9885,32.5508],[34.9887,32.551],[34.9884,32.5515],[34.9891,32.5521],[34.9887,32.5522],[34.9888,32.5529],[34.9885,32.5527],[34.9879,32.5526],[34.9868,32.5526],[34.9863,32.5532],[34.986,32.5544],[34.9857,32.5548],[34.985,32.555],[34.9842,32.5555],[34.9839,32.5561],[34.984,32.5564],[34.984,32.5566],[34.9839,32.5569],[34.984,32.5573],[34.9844,32.5577],[34.9851,32.5583],[34.9856,32.5588],[34.9854,32.559],[34.9856,32.5598],[34.9856,32.5604],[34.9854,32.5609],[34.9847,32.5617],[34.9848,32.5624],[34.985,32.5627],[34.9858,32.5632],[34.9849,32.5637],[34.9849,32.5648],[34.9849,32.5665],[34.9848,32.5673],[34.9848,32.5678],[34.9846,32.5685],[34.9846,32.569],[34.9844,32.5695],[34.9843,32.57],[34.9841,32.5706],[34.9839,32.5711],[34.9835,32.572],[34.9831,32.5729],[34.9831,32.5737],[34.9832,32.5742],[34.9821,32.5767],[34.983,32.5784],[34.9837,32.5785],[34.9841,32.5783],[34.9845,32.5802],[34.985,32.5806],[34.9857,32.5831],[34.986,32.5842],[34.9865,32.5844],[34.9871,32.5843],[34.9879,32.5841],[34.9882,32.5839],[34.9892,32.5834],[34.9895,32.5834],[34.99,32.5838],[34.9903,32.584],[34.9909,32.5842],[34.9916,32.5842],[34.9921,32.5841],[34.9926,32.5839],[34.9929,32.5843],[34.9923,32.5849],[34.9919,32.5858]]]]}},{"type":"Feature","properties":{"name":"שוק התרנגולים","remarks":"סגירת שטח לישראלים"},"geometry":{"type":"MultiPolygon","coordinates":[[[[35.1058,31.5243],[35.106,31.5244],[35.1062,31.5243],[35.1063,31.5243],[35.1062,31.5242],[35.1062,31.5241],[35.1061,31.524],[35.1061,31.524],[35.106,31.524],[35.106,31.524],[35.106,31.5239],[35.1059,31.524],[35.1058,31.5241],[35.1057,31.5242],[35.1058,31.5243]]]]}},{"type":"Feature","properties":{"name":"212","remarks":"02-5305042, pakmaz64@gmail.com"},"geometry":{"type":"MultiPolygon","coordinates":[[[[35.0852,31.691],[35.084,31.6901],[35.08,31.6884],[35.0745,31.6862],[35.0688,31.6836],[35.0653,31.6814],[35.0645,31.6807],[35.0612,31.6784],[35.0528,31.6732],[35.0514,31.6745],[35.0504,31.6748],[35.0484,31.675],[35.0473,31.6756],[35.0464,31.6772],[35.0459,31.6783],[35.0448,31.6792],[35.043,31.6796],[35.0407,31.6794],[35.0378,31.6792],[35.0344,31.6792],[35.0317,31.6798],[35.0301,31.6805],[35.0283,31.6822],[35.0294,31.6837],[35.0299,31.6851],[35.0303,31.6857],[35.0313,31.6863],[35.0338,31.6876],[35.0343,31.6878],[35.0346,31.6879],[35.0349,31.688],[35.0354,31.6883],[35.0366,31.6894],[35.0375,31.6896],[35.0394,31.6901],[35.0399,31.6904],[35.0404,31.6907],[35.0408,31.6908],[35.041,31.6906],[35.0427,31.6915],[35.043,31.6917],[35.0433,31.6916],[35.0436,31.6915],[35.0457,31.6933],[35.0461,31.6935],[35.0467,31.6935],[35.0475,31.6937],[35.048,31.6938],[35.0491,31.6945],[35.0497,31.695],[35.0501,31.6953],[35.0511,31.6952],[35.0516,31.6954],[35.0523,31.696],[35.0535,31.6964],[35.0541,31.6965],[35.0546,31.6964],[35.0553,31.6959],[35.0559,31.6955],[35.0561,31.6954],[35.0567,31.6954],[35.0625,31.6961],[35.0629,31.696],[35.0638,31.6957],[35.0644,31.6956],[35.0649,31.6956],[35.0654,31.6957],[35.0666,31.6961],[35.0675,31.6963],[35.0682,31.6962],[35.0695,31.6961],[35.0704,31.6962],[35.0709,31.6963],[35.0714,31.6966],[35.0719,31.6975],[35.0715,31.6982],[35.0709,31.6987],[35.0693,31.6994],[35.0691,31.6997],[35.0693,31.6999],[35.0705,31.7011],[35.0709,31.7013],[35.0713,31.7012],[35.0722,31.7009],[35.0737,31.7006],[35.0749,31.7002],[35.0758,31.6996],[35.0762,31.6994],[35.0768,31.6992],[35.0772,31.6992],[35.0775,31.6993],[35.0779,31.6995],[35.079,31.7],[35.079,31.6995],[35.079,31.699],[35.0792,31.6983],[35.0796,31.698],[35.08,31.6977],[35.0803,31.6974],[35.081,31.6967],[35.0817,31.696],[35.0824,31.6954],[35.083,31.6949],[35.0835,31.6947],[35.0841,31.6944],[35.0846,31.6939],[35.0849,31.6935],[35.0848,31.6928],[35.0848,31.692],[35.085,31.6913],[35.0852,31.691]]]]}},{"type":"Feature","properties":{"name":"150","remarks":"073-3483007, matampatzan@gmail.com"},"geometry":{"type":"MultiPolygon","coordinates":[[[[35.2333,33.0792],[35.2456,33.0921],[35.2472,33.0936],[35.2481,33.0943],[35.2482,33.0941],[35.2493,33.0938],[35.2501,33.094],[35.2506,33.0947],[35.2511,33.0953],[35.2518,33.0952],[35.2522,33.0942],[35.253,33.0938],[35.2542,33.0938],[35.2552,33.0939],[35.2562,33.0941],[35.2569,33.0944],[35.2576,33.0949],[35.2585,33.0954],[35.2594,33.0953],[35.2608,33.0956],[35.2622,33.0959],[35.2641,33.0965],[35.2647,33.0975],[35.266,33.0976],[35.2673,33.0984],[35.2706,33.099],[35.2748,33.099],[35.2755,33.0986],[35.2764,33.0981],[35.2774,33.0981],[35.2786,33.0879],[35.2743,33.0884],[35.2738,33.0882],[35.2709,33.0876],[35.2693,33.0877],[35.268,33.0867],[35.2677,33.0862],[35.2671,33.0855],[35.2666,33.0849],[35.2666,33.0845],[35.2659,33.0843],[35.2633,33.0832],[35.2632,33.0834],[35.262,33.0837],[35.2619,33.085],[35.2596,33.0851],[35.2564,33.0841],[35.2564,33.0836],[35.2539,33.0834],[35.2539,33.082],[35.2533,33.0817],[35.2495,33.0766],[35.2372,33.0774],[35.2333,33.0792]]]]}},{"type":"Feature","properties":{"name":"קמ\"ג","remarks":"pkdarom@gmail.com , 08-99029268"},"geometry":{"type":"MultiPolygon","coordinates":[[[[35.0662,31.01],[35.0677,31.0111],[35.0684,31.0142],[35.0698,31.0157],[35.0718,31.0159],[35.0744,31.0179],[35.0747,31.0201],[35.0761,31.0229],[35.0772,31.0231],[35.0784,31.0238],[35.0795,31.0237],[35.0796,31.0242],[35.0809,31.0255],[35.0812,31.0282],[35.0818,31.029],[35.0833,31.0316],[35.0859,31.033],[35.0851,31.0362],[35.0876,31.0368],[35.0916,31.0356],[35.0924,31.0309],[35.0925,31.0289],[35.0877,31.027],[35.0671,30.9949],[35.065,30.9919],[35.0591,30.9866],[35.0579,30.9855],[35.0571,30.9842],[35.0568,30.9823],[35.0563,30.9788],[35.0558,30.9743],[35.0561,30.9694],[35.0553,30.9677],[35.0526,30.9666],[35.0509,30.9652],[35.0472,30.9657],[35.0451,30.9658],[35.0452,30.9661],[35.0449,30.9666],[35.0449,30.9671],[35.0443,30.9678],[35.0443,30.968],[35.0444,30.9682],[35.0446,30.9687],[35.045,30.9696],[35.0455,30.9702],[35.0461,30.9707],[35.0465,30.9713],[35.0469,30.9719],[35.0471,30.9726],[35.0472,30.9735],[35.0472,30.9739],[35.0465,30.9751],[35.0467,30.9754],[35.0468,30.9755],[35.0473,30.9759],[35.0482,30.9764],[35.0485,30.9767],[35.0488,30.9771],[35.0491,30.9773],[35.0494,30.9782],[35.0496,30.979],[35.0494,30.9799],[35.0494,30.9803],[35.0499,30.9809],[35.0499,30.9811],[35.0495,30.9814],[35.0481,30.9827],[35.0474,30.9834],[35.0469,30.984],[35.0469,30.9846],[35.0471,30.9857],[35.0472,30.9863],[35.0472,30.9871],[35.0473,30.9877],[35.0473,30.9884],[35.0472,30.9889],[35.0471,30.99],[35.0453,30.9919],[35.0453,30.9921],[35.0455,30.9932],[35.0481,30.9943],[35.0488,30.9946],[35.0489,30.9954],[35.0489,30.9956],[35.0492,30.9959],[35.0496,30.9961],[35.0505,30.9968],[35.0507,30.9972],[35.0511,30.9984],[35.0512,30.9987],[35.0513,30.999],[35.0515,30.9991],[35.0517,30.9995],[35.0519,30.9998],[35.0524,31.0004],[35.0552,31.001],[35.0563,31.0013],[35.0568,31.0023],[35.0574,31.0034],[35.0592,31.0043],[35.0599,31.0046],[35.0597,31.0057],[35.0606,31.0061],[35.0613,31.0069],[35.0618,31.0076],[35.0623,31.0084],[35.0631,31.0084],[35.0645,31.01],[35.0662,31.01]]]]}},{"type":"Feature","properties":{"name":"501","remarks":"pkdarom@gmail.com , 08-99029268"},"geometry":{"type":"MultiPolygon","coordinates":[[[[34.8588,31.0778],[34.8585,31.0795],[34.8579,31.0812],[34.8567,31.0835],[34.8552,31.0859],[34.8533,31.0889],[34.8514,31.092],[34.8496,31.0957],[34.8481,31.099],[34.8436,31.1067],[34.8416,31.1107],[34.8396,31.1145],[34.8382,31.1185],[34.8375,31.122],[34.837,31.1251],[34.8354,31.1288],[34.8341,31.133],[34.8325,31.1379],[34.8319,31.1414],[34.8322,31.1445],[34.8337,31.1444],[34.8369,31.1449],[34.8389,31.1452],[34.841,31.1461],[34.8426,31.1469],[34.8443,31.1463],[34.8473,31.1448],[34.8509,31.1431],[34.8543,31.1416],[34.857,31.1406],[34.8606,31.1393],[34.8648,31.1385],[34.8691,31.1385],[34.8719,31.1392],[34.8739,31.1395],[34.8761,31.1396],[34.8789,31.1389],[34.8824,31.1378],[34.8865,31.137],[34.8902,31.1368],[34.8953,31.1367],[34.8992,31.1361],[34.903,31.1358],[34.9057,31.1357],[34.9087,31.1357],[34.9111,31.1356],[34.9128,31.1349],[34.9145,31.1346],[34.9174,31.1346],[34.9214,31.1347],[34.9263,31.1348],[34.9292,31.1343],[34.9315,31.1334],[34.9326,31.1333],[34.9339,31.134],[34.935,31.1359],[34.936,31.1374],[34.9371,31.1371],[34.9386,31.1361],[34.9403,31.1358],[34.9423,31.1356],[34.9437,31.1341],[34.9457,31.134],[34.9471,31.134],[34.9478,31.1334],[34.9486,31.1322],[34.9487,31.131],[34.948,31.1291],[34.9469,31.1274],[34.9456,31.1254],[34.9448,31.1243],[34.9441,31.1237],[34.9431,31.1234],[34.943,31.1216],[34.9445,31.1193],[34.9466,31.1148],[34.948,31.1122],[34.9491,31.1099],[34.9497,31.1081],[34.9492,31.1073],[34.9467,31.1052],[34.9444,31.1034],[34.9419,31.1015],[34.9394,31.0998],[34.9377,31.098],[34.9369,31.096],[34.9364,31.0936],[34.9351,31.0918],[34.934,31.0903],[34.9329,31.0892],[34.932,31.0882],[34.9312,31.0877],[34.9301,31.0874],[34.9268,31.0879],[34.9244,31.0879],[34.9225,31.088],[34.9203,31.0881],[34.9185,31.0881],[34.9165,31.0875],[34.9142,31.0869],[34.912,31.0863],[34.91,31.0858],[34.9069,31.0849],[34.9052,31.0845],[34.9025,31.0839],[34.9001,31.0824],[34.8974,31.0813],[34.8943,31.081],[34.8915,31.0813],[34.8897,31.0805],[34.8864,31.0785],[34.8831,31.0783],[34.8809,31.0784],[34.879,31.0784],[34.8765,31.0791],[34.8733,31.0788],[34.8709,31.0785],[34.8684,31.0786],[34.8648,31.0786],[34.8631,31.0788],[34.8608,31.0781],[34.8602,31.0777],[34.8588,31.0778]]]]}},{"type":"Feature","properties":{"name":"501 שטוח","remarks":"pkdarom@gmail.com , 08-99029268"},"geometry":{"type":"MultiPolygon","coordinates":[[[[34.8322,31.1445],[34.8319,31.1414],[34.8325,31.1379],[34.8341,31.133],[34.8354,31.1288],[34.837,31.1251],[34.8375,31.122],[34.8382,31.1185],[34.8396,31.1145],[34.8416,31.1107],[34.8436,31.1067],[34.8481,31.099],[34.8496,31.0957],[34.8513,31.0922],[34.8533,31.0889],[34.8552,31.0859],[34.8567,31.0835],[34.8579,31.0812],[34.8585,31.0796],[34.8586,31.0787],[34.8588,31.0778],[34.8565,31.0781],[34.8537,31.0807],[34.8509,31.0838],[34.8477,31.0874],[34.8436,31.0914],[34.8406,31.0944],[34.8376,31.0978],[34.8358,31.1011],[34.8349,31.1049],[34.8342,31.1086],[34.8337,31.1127],[34.8327,31.1175],[34.8319,31.1212],[34.8306,31.1258],[34.8283,31.1335],[34.8272,31.1372],[34.8267,31.1396],[34.8266,31.1415],[34.8267,31.1418],[34.8288,31.1436],[34.8302,31.1446],[34.8316,31.1444],[34.8322,31.1445]]]]}},{"type":"Feature","properties":{"name":"1005","remarks":"pkdarom@gmail.com , 08-99029268"},"geometry":{"type":"MultiPolygon","coordinates":[[[[34.978,30.5367],[34.9791,30.539],[34.98,30.5404],[34.981,30.5415],[34.9814,30.542],[34.9822,30.5428],[34.9827,30.5433],[34.9832,30.5437],[34.9835,30.5441],[34.9839,30.5445],[34.9843,30.545],[34.9873,30.5494],[34.9904,30.5536],[34.9916,30.5537],[34.9919,30.5541],[34.9922,30.5545],[34.9924,30.5549],[34.9924,30.5551],[34.9928,30.5557],[34.9931,30.5561],[34.9933,30.5565],[34.9936,30.557],[34.9941,30.5576],[34.9944,30.5582],[34.9947,30.5586],[34.9948,30.5587],[34.9949,30.5589],[34.9952,30.5593],[35.0595,30.5603],[35.0639,30.5597],[35.0686,30.5599],[35.0741,30.5599],[35.0777,30.5597],[35.0832,30.5586],[35.0887,30.556],[35.0946,30.5531],[35.1001,30.5503],[35.1068,30.5469],[35.1099,30.5454],[35.1134,30.5421],[35.1131,30.5389],[35.1101,30.5346],[35.1063,30.5307],[35.1022,30.5273],[35.0972,30.5228],[35.0921,30.518],[35.0862,30.5142],[35.0798,30.5105],[35.0746,30.5082],[35.0688,30.5079],[35.0522,30.5078],[35.0408,30.5084],[35.0295,30.5088],[35.0201,30.5091],[35.0122,30.5092],[35.007,30.5088],[35.0037,30.5076],[35.0011,30.5071],[35.0009,30.5073],[35.0005,30.5077],[35.0002,30.508],[34.9997,30.5085],[34.9994,30.5088],[34.999,30.5093],[34.9987,30.5097],[34.9982,30.5103],[34.9978,30.5108],[34.9966,30.5124],[34.9959,30.5131],[34.9956,30.5135],[34.9952,30.5139],[34.9945,30.5147],[34.9941,30.5152],[34.9934,30.5159],[34.9932,30.5162],[34.9929,30.5166],[34.9927,30.5169],[34.9924,30.5173],[34.992,30.5178],[34.9917,30.5183],[34.9914,30.5187],[34.9908,30.5195],[34.9901,30.5204],[34.989,30.5218],[34.9849,30.5273],[34.978,30.5367]]]]}},{"type":"Feature","properties":{"name":"131 א","remarks":"073-3483007, matampatzan@gmail.com"},"geometry":{"type":"MultiPolygon","coordinates":[[[[35.7357,33.1749],[35.736,33.1747],[35.7371,33.1743],[35.7384,33.1736],[35.7392,33.1732],[35.74,33.173],[35.7408,33.1727],[35.7409,33.1725],[35.7415,33.1724],[35.7417,33.1723],[35.7428,33.172],[35.7435,33.172],[35.7438,33.1718],[35.7446,33.1718],[35.7448,33.1717],[35.7467,33.1717],[35.7473,33.1716],[35.7581,33.1715],[35.7588,33.1714],[35.7602,33.171],[35.7606,33.1707],[35.7614,33.1705],[35.7622,33.17],[35.7624,33.1698],[35.7628,33.1696],[35.7632,33.1692],[35.7636,33.169],[35.7639,33.1687],[35.764,33.1683],[35.7647,33.1679],[35.7648,33.1677],[35.7654,33.167],[35.7659,33.1664],[35.7663,33.1661],[35.7667,33.1656],[35.7672,33.165],[35.7676,33.1647],[35.768,33.1642],[35.7688,33.1636],[35.7691,33.1632],[35.7695,33.1628],[35.77,33.1623],[35.7707,33.1618],[35.7712,33.1613],[35.7717,33.1608],[35.7719,33.1605],[35.7723,33.1601],[35.7724,33.1599],[35.7724,33.1593],[35.772,33.159],[35.7713,33.1579],[35.7708,33.1572],[35.7703,33.1566],[35.7701,33.1561],[35.7698,33.1556],[35.7698,33.155],[35.7701,33.1548],[35.7709,33.1546],[35.7727,33.1543],[35.7738,33.1543],[35.7748,33.154],[35.776,33.1538],[35.7769,33.1534],[35.7772,33.1531],[35.7774,33.1529],[35.7777,33.1522],[35.7777,33.1521],[35.7778,33.1517],[35.7778,33.1516],[35.7779,33.1514],[35.7779,33.1511],[35.7781,33.1508],[35.7781,33.1504],[35.7782,33.1502],[35.7782,33.1498],[35.7785,33.1493],[35.7786,33.1489],[35.7786,33.1487],[35.7787,33.1484],[35.7787,33.1468],[35.779,33.1464],[35.779,33.1459],[35.7788,33.1458],[35.7788,33.1457],[35.7786,33.1456],[35.7784,33.1454],[35.7783,33.1453],[35.7783,33.145],[35.778,33.1448],[35.778,33.1445],[35.7779,33.1442],[35.7779,33.1439],[35.7777,33.1436],[35.7777,33.1423],[35.7773,33.1416],[35.7772,33.1415],[35.7766,33.1413],[35.7765,33.1412],[35.7735,33.1412],[35.773,33.1411],[35.773,33.1419],[35.7716,33.1419],[35.7715,33.141],[35.7708,33.141],[35.7702,33.1409],[35.7691,33.1409],[35.7686,33.1407],[35.7682,33.1407],[35.7675,33.1406],[35.7671,33.1406],[35.7667,33.1404],[35.7659,33.1404],[35.7653,33.1403],[35.7649,33.1403],[35.7645,33.1402],[35.7634,33.1402],[35.7629,33.1401],[35.7625,33.14],[35.762,33.1399],[35.7616,33.1399],[35.761,33.1398],[35.7556,33.1398],[35.7548,33.1401],[35.7522,33.1401],[35.7516,33.1402],[35.7508,33.1402],[35.7504,33.1403],[35.7501,33.1404],[35.7475,33.1404],[35.7466,33.1405],[35.7429,33.1406],[35.7423,33.1407],[35.7417,33.1407],[35.7415,33.1408],[35.741,33.1408],[35.7407,33.1409],[35.7366,33.1409],[35.736,33.1408],[35.7358,33.1408],[35.7355,33.1407],[35.7351,33.1406],[35.7348,33.1405],[35.7344,33.1403],[35.734,33.1402],[35.7337,33.14],[35.7329,33.1396],[35.7328,33.1395],[35.7324,33.1394],[35.7321,33.1394],[35.7321,33.1395],[35.7319,33.1397],[35.7313,33.1399],[35.7311,33.1404],[35.7309,33.1405],[35.7308,33.1407],[35.7307,33.1409],[35.7303,33.1413],[35.73,33.1417],[35.7296,33.1422],[35.7289,33.1429],[35.7268,33.1447],[35.7261,33.1459],[35.7261,33.1463],[35.726,33.1464],[35.7259,33.1467],[35.7259,33.1469],[35.7258,33.1472],[35.7258,33.1479],[35.7255,33.1486],[35.7255,33.1494],[35.7254,33.1497],[35.7252,33.1497],[35.7253,33.1514],[35.7254,33.1519],[35.7255,33.1522],[35.7257,33.1524],[35.7258,33.1528],[35.7259,33.153],[35.7261,33.1535],[35.7261,33.1538],[35.7262,33.1544],[35.7264,33.1547],[35.7265,33.1549],[35.7265,33.1565],[35.7263,33.1571],[35.726,33.1574],[35.7256,33.158],[35.7255,33.1585],[35.7251,33.1588],[35.7243,33.1593],[35.7239,33.1598],[35.7225,33.1608],[35.7221,33.1613],[35.7216,33.1621],[35.7211,33.1623],[35.7207,33.1626],[35.7201,33.1629],[35.7197,33.1634],[35.7196,33.1636],[35.7192,33.1639],[35.7188,33.1642],[35.7187,33.1644],[35.7203,33.1653],[35.7239,33.1667],[35.727,33.1684],[35.7312,33.1702],[35.7314,33.1715],[35.7314,33.1741],[35.7318,33.1743],[35.7326,33.1746],[35.733,33.1748],[35.7332,33.1748],[35.7334,33.175],[35.7357,33.1749]]],[[[35.748,33.1915],[35.7481,33.1915],[35.7484,33.1915],[35.7485,33.1915],[35.7486,33.1915],[35.7488,33.1916],[35.7506,33.1882],[35.7524,33.1888],[35.7525,33.1886],[35.7538,33.1891],[35.7538,33.1892],[35.7548,33.1897],[35.7546,33.1901],[35.7547,33.1902],[35.7539,33.1917],[35.754,33.1922],[35.7539,33.1925],[35.7538,33.1925],[35.7537,33.1928],[35.7543,33.1925],[35.7547,33.1923],[35.7555,33.1921],[35.756,33.1919],[35.7568,33.1916],[35.7572,33.1916],[35.7579,33.1914],[35.7583,33.1914],[35.7589,33.1913],[35.7612,33.1913],[35.7616,33.1912],[35.7619,33.1911],[35.763,33.1911],[35.7631,33.191],[35.7648,33.191],[35.7655,33.1908],[35.7655,33.1899],[35.7656,33.1898],[35.7656,33.1871],[35.7655,33.1868],[35.7655,33.1844],[35.7654,33.1839],[35.7654,33.1828],[35.7652,33.1825],[35.7652,33.1822],[35.7651,33.1821],[35.7651,33.1818],[35.7649,33.1814],[35.7648,33.1812],[35.7648,33.181],[35.7647,33.1808],[35.7647,33.1801],[35.7645,33.1799],[35.7641,33.1785],[35.7636,33.1771],[35.7636,33.1769],[35.7632,33.1767],[35.7629,33.1763],[35.7628,33.1761],[35.7613,33.1749],[35.7612,33.1746],[35.7609,33.1744],[35.7608,33.1742],[35.7594,33.1731],[35.7581,33.1725],[35.7443,33.1725],[35.7443,33.1726],[35.744,33.1727],[35.7436,33.1727],[35.7432,33.173],[35.7428,33.173],[35.7427,33.1732],[35.7426,33.1732],[35.7422,33.1733],[35.7419,33.1734],[35.7416,33.1734],[35.7411,33.1735],[35.741,33.1736],[35.7406,33.1736],[35.7403,33.1738],[35.7387,33.1745],[35.738,33.1747],[35.7376,33.175],[35.7371,33.1751],[35.7367,33.1752],[35.7365,33.1755],[35.7363,33.1758],[35.7361,33.176],[35.7361,33.1763],[35.7367,33.1772],[35.7367,33.1776],[35.7368,33.1778],[35.737,33.1783],[35.7372,33.1789],[35.7374,33.1796],[35.7374,33.1806],[35.7375,33.1811],[35.7375,33.1828],[35.7374,33.1832],[35.7372,33.1835],[35.7372,33.1845],[35.7371,33.1847],[35.7371,33.1855],[35.7374,33.1857],[35.7376,33.1859],[35.7378,33.1861],[35.738,33.1863],[35.738,33.1864],[35.7382,33.1866],[35.7383,33.1868],[35.7383,33.1883],[35.7382,33.189],[35.7379,33.1897],[35.7379,33.1899],[35.7375,33.191],[35.7375,33.1912],[35.7374,33.1914],[35.7372,33.1917],[35.7372,33.1921],[35.7371,33.1924],[35.7371,33.1927],[35.737,33.193],[35.737,33.1944],[35.7368,33.1947],[35.7367,33.1949],[35.7367,33.1954],[35.7366,33.1957],[35.7366,33.1979],[35.7368,33.1983],[35.737,33.1984],[35.7372,33.1985],[35.7407,33.1985],[35.7414,33.1984],[35.7425,33.1982],[35.7432,33.1972],[35.743,33.1971],[35.7432,33.1969],[35.7432,33.1968],[35.7432,33.1967],[35.7432,33.1967],[35.7432,33.1966],[35.7432,33.1966],[35.7432,33.1966],[35.7432,33.1965],[35.7433,33.1965],[35.7433,33.1965],[35.7433,33.1965],[35.7433,33.1964],[35.7434,33.1964],[35.7434,33.1964],[35.7434,33.1964],[35.7434,33.1964],[35.7434,33.1964],[35.7434,33.1964],[35.7434,33.1964],[35.7434,33.1964],[35.7434,33.1964],[35.7434,33.1964],[35.7435,33.1964],[35.7435,33.1964],[35.7435,33.1964],[35.7435,33.1964],[35.7436,33.1963],[35.7447,33.1946],[35.7456,33.1933],[35.7459,33.1928],[35.7461,33.1926],[35.7462,33.1924],[35.7463,33.1923],[35.7464,33.1922],[35.7464,33.1922],[35.7466,33.1921],[35.7467,33.192],[35.7469,33.1918],[35.747,33.1918],[35.7471,33.1917],[35.7472,33.1917],[35.7473,33.1916],[35.7475,33.1916],[35.7476,33.1916],[35.7477,33.1915],[35.7478,33.1915],[35.7479,33.1915],[35.748,33.1915]]]]}},{"type":"Feature","properties":{"name":"208","remarks":"02-5305042, pakmaz64@gmail.com"},"geometry":{"type":"MultiPolygon","coordinates":[[[[35.0849,31.818],[35.084,31.8177],[35.0818,31.816],[35.0794,31.814],[35.0747,31.814],[35.0731,31.8136],[35.0724,31.8135],[35.0716,31.8143],[35.0709,31.8148],[35.0703,31.8147],[35.0687,31.8146],[35.0675,31.8142],[35.0659,31.8144],[35.065,31.8152],[35.063,31.8161],[35.0624,31.8162],[35.0613,31.8162],[35.0594,31.8154],[35.0585,31.8149],[35.057,31.8147],[35.0566,31.8154],[35.0563,31.8163],[35.0549,31.8166],[35.0542,31.8171],[35.052,31.8185],[35.0504,31.8193],[35.0485,31.8203],[35.0466,31.8212],[35.0457,31.8218],[35.046,31.8231],[35.0473,31.8249],[35.0477,31.8262],[35.0477,31.8269],[35.0482,31.8278],[35.0481,31.8287],[35.0474,31.8289],[35.0463,31.8295],[35.0453,31.8299],[35.0445,31.8305],[35.0446,31.8312],[35.0451,31.8322],[35.046,31.8335],[35.0463,31.8343],[35.0849,31.818]]]]}},{"type":"Feature","properties":{"name":"שטח אש 309 ג","remarks":"02-5305042, pakmaz64@gmail.com"},"geometry":{"type":"MultiPolygon","coordinates":[[[[34.7925,31.5056],[34.7926,31.5102],[34.7927,31.5118],[34.7928,31.5139],[34.7927,31.5169],[34.7927,31.519],[34.793,31.5199],[34.7932,31.5204],[34.7936,31.5228],[34.7942,31.5241],[34.7943,31.5243],[34.7943,31.5243],[34.7956,31.5258],[34.7975,31.5274],[34.7989,31.5282],[34.7991,31.5282],[34.8016,31.5287],[34.8043,31.5289],[34.8068,31.5288],[34.8094,31.5291],[34.8109,31.5291],[34.8122,31.5292],[34.8136,31.5292],[34.8162,31.5291],[34.8196,31.5292],[34.8225,31.5291],[34.8233,31.5291],[34.8244,31.529],[34.8293,31.5289],[34.8324,31.5291],[34.835,31.529],[34.8381,31.5298],[34.8393,31.5299],[34.8408,31.5301],[34.8432,31.53],[34.8444,31.53],[34.8466,31.5297],[34.8479,31.5296],[34.85,31.5291],[34.8512,31.5289],[34.8542,31.5285],[34.8587,31.5278],[34.8598,31.5276],[34.8619,31.5272],[34.8648,31.5266],[34.8665,31.526],[34.867,31.5259],[34.8691,31.5252],[34.8702,31.5244],[34.8711,31.5238],[34.8724,31.5222],[34.8729,31.5216],[34.8737,31.5196],[34.8741,31.5186],[34.8741,31.5178],[34.8741,31.5172],[34.8738,31.5159],[34.8735,31.5148],[34.8734,31.514],[34.8732,31.5131],[34.8726,31.5114],[34.8725,31.5111],[34.8719,31.509],[34.8719,31.5071],[34.8727,31.5061],[34.8729,31.5059],[34.8722,31.5058],[34.871,31.5054],[34.8699,31.5049],[34.8694,31.5042],[34.8686,31.503],[34.8684,31.502],[34.868,31.5013],[34.8675,31.5002],[34.8658,31.4988],[34.8644,31.4972],[34.8636,31.4963],[34.8629,31.4956],[34.8627,31.4949],[34.862,31.4935],[34.8619,31.4927],[34.8618,31.4916],[34.8622,31.4909],[34.8628,31.4903],[34.8635,31.49],[34.8636,31.4898],[34.8637,31.4888],[34.8626,31.4887],[34.8618,31.4884],[34.8607,31.4873],[34.8597,31.4859],[34.8595,31.4854],[34.8595,31.4844],[34.8591,31.4839],[34.8582,31.4831],[34.8577,31.4822],[34.8567,31.4818],[34.8562,31.4814],[34.8557,31.4807],[34.8553,31.4797],[34.8548,31.4791],[34.8544,31.479],[34.8539,31.4779],[34.8537,31.4771],[34.8535,31.4766],[34.8528,31.4762],[34.8523,31.4757],[34.8521,31.475],[34.8512,31.4735],[34.8509,31.4719],[34.8503,31.4706],[34.8501,31.4693],[34.8501,31.4683],[34.8499,31.4674],[34.8497,31.4662],[34.85,31.4651],[34.8503,31.4644],[34.8502,31.4634],[34.8498,31.4623],[34.8497,31.4615],[34.8502,31.4604],[34.8505,31.4597],[34.8507,31.4588],[34.851,31.458],[34.8511,31.4571],[34.8507,31.4562],[34.8501,31.4559],[34.8488,31.4552],[34.8475,31.4547],[34.8467,31.4542],[34.8458,31.4535],[34.845,31.4533],[34.8439,31.4536],[34.8431,31.454],[34.8425,31.4545],[34.8424,31.4537],[34.8427,31.4527],[34.8427,31.4522],[34.8431,31.4513],[34.843,31.4497],[34.8428,31.449],[34.8424,31.4481],[34.8424,31.4477],[34.8427,31.4472],[34.843,31.4468],[34.8429,31.4461],[34.8429,31.4448],[34.843,31.4442],[34.8433,31.4438],[34.8439,31.4434],[34.8443,31.443],[34.8443,31.4426],[34.8437,31.4425],[34.843,31.4423],[34.8423,31.4423],[34.8421,31.4418],[34.842,31.4411],[34.8424,31.4407],[34.8433,31.4404],[34.8442,31.4398],[34.8448,31.4391],[34.8451,31.4382],[34.8451,31.4378],[34.8456,31.4371],[34.8464,31.4367],[34.8466,31.436],[34.8467,31.435],[34.8469,31.4343],[34.8476,31.4332],[34.8483,31.4316],[34.8492,31.4305],[34.8506,31.4295],[34.8516,31.4289],[34.8524,31.4289],[34.8533,31.4289],[34.8538,31.429],[34.8543,31.4263],[34.8543,31.4252],[34.8541,31.4245],[34.8537,31.4221],[34.8532,31.42],[34.8532,31.4184],[34.853,31.4173],[34.8537,31.4148],[34.8539,31.4139],[34.8539,31.413],[34.8535,31.4112],[34.8531,31.41],[34.8529,31.4096],[34.852,31.4088],[34.8514,31.4084],[34.8504,31.4077],[34.8498,31.4078],[34.8491,31.4078],[34.8487,31.4079],[34.8474,31.4084],[34.8464,31.4091],[34.8458,31.4095],[34.8445,31.411],[34.8446,31.4108],[34.8439,31.4109],[34.8434,31.4109],[34.8429,31.411],[34.8432,31.4112],[34.8432,31.4116],[34.8425,31.4119],[34.8424,31.412],[34.8424,31.412],[34.8423,31.4121],[34.8423,31.4122],[34.8421,31.4124],[34.8421,31.4131],[34.8417,31.4133],[34.8408,31.4134],[34.8408,31.4136],[34.8409,31.4141],[34.8408,31.4145],[34.8406,31.4147],[34.8403,31.4148],[34.8403,31.4149],[34.8401,31.4149],[34.8396,31.4151],[34.8394,31.4153],[34.8393,31.4155],[34.8388,31.4159],[34.8386,31.4163],[34.8389,31.4166],[34.8383,31.4174],[34.8381,31.418],[34.838,31.4187],[34.8375,31.4207],[34.8373,31.4208],[34.8372,31.4209],[34.837,31.4211],[34.837,31.4211],[34.8369,31.4212],[34.8369,31.4212],[34.8367,31.4214],[34.8367,31.4217],[34.8367,31.4219],[34.8365,31.4224],[34.8365,31.4225],[34.8364,31.4229],[34.8362,31.4242],[34.8356,31.4253],[34.8353,31.4264],[34.8353,31.4269],[34.835,31.4269],[34.8346,31.4268],[34.8338,31.4268],[34.8311,31.4268],[34.8307,31.4269],[34.8302,31.4273],[34.8297,31.4276],[34.8285,31.4282],[34.8271,31.4291],[34.8258,31.4294],[34.8242,31.43],[34.8202,31.4318],[34.8188,31.4328],[34.8177,31.4326],[34.8159,31.4334],[34.8138,31.4338],[34.8107,31.4333],[34.8089,31.4348],[34.8071,31.4352],[34.8062,31.437],[34.8036,31.4391],[34.8013,31.4398],[34.7963,31.4432],[34.7954,31.4434],[34.7948,31.4463],[34.794,31.452],[34.7936,31.4557],[34.7932,31.4595],[34.7928,31.464],[34.7929,31.4679],[34.7935,31.4746],[34.7943,31.4813],[34.7947,31.4872],[34.7943,31.4901],[34.7926,31.5013],[34.7926,31.5034],[34.7926,31.5037],[34.7925,31.5056]]]]}},{"type":"Feature","properties":{"name":"121 א","remarks":"073-3483007, matampatzan@gmail.com"},"geometry":{"type":"MultiPolygon","coordinates":[[[[35.7863,32.9928],[35.7857,32.9933],[35.7845,32.9946],[35.7827,32.9965],[35.7803,32.9989],[35.7783,33.001],[35.7762,33.0032],[35.774,33.0055],[35.7722,33.0074],[35.7698,33.0099],[35.7643,33.0159],[35.7616,33.019],[35.7591,33.0219],[35.7571,33.0242],[35.755,33.027],[35.753,33.0299],[35.7502,33.0335],[35.7479,33.0365],[35.7456,33.0396],[35.7433,33.0429],[35.7409,33.0459],[35.7385,33.0494],[35.7404,33.0503],[35.7438,33.0519],[35.7484,33.0539],[35.757,33.0584],[35.7676,33.0637],[35.7707,33.068],[35.7703,33.0695],[35.7698,33.0754],[35.7726,33.0788],[35.7911,33.0868],[35.7929,33.0847],[35.7966,33.0881],[35.8069,33.0785],[35.8166,33.0842],[35.8176,33.0816],[35.8194,33.061],[35.8193,33.058],[35.8287,33.0403],[35.838,33.0219],[35.8355,33.0145],[35.8315,33.0126],[35.8284,33.0111],[35.8245,33.0092],[35.8209,33.007],[35.8181,33.009],[35.8142,33.0063],[35.8159,33.004],[35.813,33.0019],[35.8104,33.0003],[35.81,32.9975],[35.8057,32.9966],[35.7994,32.9954],[35.7863,32.9928]]]]}},{"type":"Feature","properties":{"name":"1001","remarks":"pkdarom@gmail.com , 08-99029268"},"geometry":{"type":"MultiPolygon","coordinates":[[[[35.039,29.9926],[35.0412,29.989],[35.0421,29.9875],[35.0426,29.9864],[35.0446,29.981],[35.0445,29.9766],[35.0464,29.9668],[35.0477,29.9616],[35.0481,29.9573],[35.0482,29.9562],[35.0484,29.9554],[35.0493,29.9509],[35.05,29.9478],[35.0512,29.9415],[35.0513,29.9386],[35.05,29.9329],[35.0476,29.9255],[35.0454,29.9195],[35.0431,29.914],[35.0425,29.9126],[35.0416,29.9103],[35.0409,29.9086],[35.0405,29.9069],[35.0384,29.9038],[35.0313,29.9072],[35.0272,29.909],[35.0236,29.9102],[35.0206,29.9113],[35.0201,29.9115],[35.0165,29.9113],[35.0137,29.9111],[35.013,29.9126],[35.0115,29.9155],[35.0106,29.9173],[35.0103,29.9178],[35.0097,29.9187],[35.0092,29.9196],[35.0085,29.9203],[35.0075,29.9208],[35.0063,29.9213],[35.0037,29.9221],[35.0021,29.9225],[35.0008,29.9225],[35.0001,29.9225],[34.9975,29.9245],[34.9956,29.925],[34.9937,29.9264],[34.9895,29.9315],[34.9871,29.9342],[34.9841,29.9378],[34.9828,29.9399],[34.9819,29.9442],[34.982,29.9448],[34.9828,29.9566],[34.9849,29.9614],[34.9879,29.9657],[34.9941,29.97],[35.0063,29.9757],[35.0153,29.9793],[35.0234,29.9832],[35.0254,29.9844],[35.0263,29.9854],[35.0272,29.9862],[35.028,29.987],[35.029,29.9864],[35.0305,29.9883],[35.0312,29.9891],[35.0321,29.9906],[35.0326,29.991],[35.037,29.9922],[35.0376,29.9924],[35.039,29.9926]]]]}},{"type":"Feature","properties":{"name":"123 ב","remarks":"073-3483007, matampatzan@gmail.com"},"geometry":{"type":"MultiPolygon","coordinates":[[[[35.7126,33.1695],[35.7117,33.1696],[35.7107,33.1697],[35.7099,33.1697],[35.709,33.1698],[35.7083,33.1699],[35.7074,33.17],[35.7067,33.1702],[35.7062,33.1703],[35.7052,33.1704],[35.7029,33.1704],[35.7024,33.1706],[35.7017,33.1706],[35.7001,33.1708],[35.6996,33.1709],[35.6994,33.171],[35.6989,33.1711],[35.6959,33.1711],[35.6952,33.1712],[35.6935,33.1712],[35.6931,33.1713],[35.6925,33.1713],[35.6909,33.1713],[35.6908,33.1713],[35.6908,33.1732],[35.691,33.1739],[35.691,33.1742],[35.6911,33.1748],[35.6911,33.175],[35.6914,33.1753],[35.6914,33.1757],[35.6915,33.1761],[35.6916,33.1767],[35.6917,33.1796],[35.6918,33.1802],[35.6918,33.1813],[35.692,33.1818],[35.692,33.1823],[35.6922,33.1836],[35.6924,33.1841],[35.6924,33.1848],[35.6925,33.1852],[35.6925,33.1867],[35.6927,33.1871],[35.6927,33.1876],[35.693,33.1882],[35.6931,33.1887],[35.6966,33.1887],[35.6973,33.1886],[35.6997,33.1886],[35.7001,33.1885],[35.7009,33.1886],[35.7255,33.1887],[35.726,33.1887],[35.7261,33.1887],[35.7331,33.1887],[35.7333,33.1886],[35.7341,33.1885],[35.7365,33.1885],[35.7366,33.1878],[35.737,33.1868],[35.737,33.1865],[35.7368,33.1864],[35.7366,33.1864],[35.7361,33.1861],[35.7358,33.1856],[35.7355,33.1851],[35.7354,33.1848],[35.7357,33.1835],[35.7359,33.183],[35.736,33.1825],[35.7362,33.182],[35.7362,33.1816],[35.7363,33.181],[35.7364,33.1804],[35.7359,33.1782],[35.7357,33.1777],[35.7356,33.1775],[35.7354,33.1772],[35.7352,33.1767],[35.735,33.1765],[35.7349,33.1762],[35.7348,33.1761],[35.7344,33.1759],[35.7332,33.1755],[35.7326,33.1754],[35.7318,33.1751],[35.7311,33.1748],[35.731,33.1748],[35.7305,33.1746],[35.7298,33.1743],[35.7287,33.1738],[35.7286,33.1737],[35.7284,33.1737],[35.7276,33.1733],[35.7271,33.173],[35.7267,33.1729],[35.7264,33.1728],[35.726,33.1726],[35.7256,33.1725],[35.7254,33.1725],[35.7249,33.1722],[35.7245,33.1721],[35.7241,33.1719],[35.7237,33.1718],[35.723,33.1716],[35.7224,33.1713],[35.7213,33.1715],[35.7212,33.1713],[35.7213,33.171],[35.7207,33.1709],[35.7202,33.1707],[35.7194,33.1704],[35.7191,33.1702],[35.7177,33.17],[35.7171,33.1698],[35.7167,33.1696],[35.7156,33.1694],[35.7136,33.1694],[35.7129,33.1695],[35.7126,33.1695]]]]}},{"type":"Feature","properties":{"name":"שטח אש 304","remarks":"02-5305042, pakmaz64@gmail.com"},"geometry":{"type":"MultiPolygon","coordinates":[[[[34.5813,31.7149],[34.5809,31.715],[34.5811,31.7156],[34.5853,31.7222],[34.5927,31.7335],[34.5954,31.7379],[34.5958,31.7387],[34.5971,31.7403],[34.5978,31.7413],[34.5983,31.7421],[34.5989,31.743],[34.5988,31.7431],[34.5989,31.7433],[34.5996,31.7429],[34.6009,31.7437],[34.6022,31.7432],[34.6025,31.743],[34.6031,31.7426],[34.6038,31.7419],[34.6048,31.7414],[34.6052,31.7412],[34.6054,31.7411],[34.6061,31.7405],[34.6071,31.7394],[34.6076,31.739],[34.6084,31.7388],[34.6094,31.7386],[34.6098,31.7386],[34.6101,31.7384],[34.6107,31.7381],[34.6116,31.7378],[34.6136,31.7374],[34.6149,31.7371],[34.6153,31.7368],[34.6154,31.7363],[34.6157,31.7354],[34.6161,31.735],[34.6178,31.7349],[34.619,31.7346],[34.6208,31.7337],[34.6213,31.7333],[34.6215,31.7328],[34.6215,31.7309],[34.6213,31.7301],[34.6207,31.7291],[34.6206,31.7288],[34.6203,31.7283],[34.62,31.7276],[34.6196,31.7267],[34.619,31.7258],[34.6181,31.7248],[34.6177,31.7237],[34.6175,31.7232],[34.6174,31.7209],[34.6172,31.7205],[34.6165,31.7203],[34.6158,31.7201],[34.615,31.72],[34.6144,31.7196],[34.614,31.7191],[34.6138,31.7184],[34.6138,31.7163],[34.6134,31.7152],[34.613,31.7144],[34.6127,31.714],[34.6115,31.7129],[34.6099,31.7129],[34.6091,31.7125],[34.6087,31.7121],[34.6085,31.7114],[34.6085,31.7111],[34.6087,31.7109],[34.609,31.7107],[34.6102,31.7103],[34.6109,31.7103],[34.6093,31.7094],[34.6079,31.7087],[34.6052,31.7075],[34.6046,31.7077],[34.6041,31.7078],[34.6037,31.7079],[34.6033,31.7079],[34.6031,31.7076],[34.6027,31.7074],[34.6024,31.7071],[34.6016,31.7068],[34.6014,31.7066],[34.6007,31.7063],[34.5999,31.7062],[34.5996,31.7062],[34.5985,31.7064],[34.5978,31.7071],[34.5971,31.7076],[34.5966,31.7082],[34.5963,31.7084],[34.5955,31.709],[34.595,31.7094],[34.5948,31.7096],[34.5942,31.7104],[34.5934,31.711],[34.5926,31.7115],[34.5918,31.7115],[34.5913,31.7114],[34.5902,31.711],[34.5896,31.7105],[34.5891,31.7102],[34.5883,31.7098],[34.5879,31.7098],[34.588,31.7106],[34.5881,31.7112],[34.5882,31.712],[34.5875,31.7124],[34.5873,31.7126],[34.5865,31.7132],[34.5857,31.7134],[34.5853,31.7137],[34.5848,31.7138],[34.584,31.7137],[34.5835,31.7134],[34.5827,31.7132],[34.5827,31.7137],[34.5826,31.7141],[34.5823,31.7144],[34.5818,31.7145],[34.5813,31.7149]]]]}},{"type":"Feature","properties":{"name":"115","remarks":"073-3483007, matampatzan@gmail.com"},"geometry":{"type":"MultiPolygon","coordinates":[[[[35.5227,32.9325],[35.5228,32.9325],[35.5313,32.925],[35.537,32.922],[35.5346,32.9151],[35.5295,32.9185],[35.5257,32.9179],[35.5171,32.918],[35.5129,32.916],[35.5086,32.9166],[35.509,32.9153],[35.508,32.9129],[35.5171,32.9075],[35.5203,32.9112],[35.5236,32.9094],[35.5258,32.9102],[35.5264,32.9093],[35.5232,32.9083],[35.5213,32.9077],[35.5202,32.9073],[35.516,32.9065],[35.5062,32.9066],[35.5055,32.9067],[35.5055,32.9074],[35.5051,32.9075],[35.505,32.909],[35.5024,32.9089],[35.5023,32.909],[35.5023,32.9091],[35.5022,32.9093],[35.5021,32.9094],[35.5021,32.9096],[35.502,32.91],[35.5022,32.9102],[35.5024,32.9104],[35.5025,32.9105],[35.5026,32.9105],[35.5026,32.9105],[35.5038,32.9115],[35.5038,32.9115],[35.5038,32.9115],[35.5038,32.9115],[35.5038,32.9116],[35.504,32.9117],[35.5041,32.9117],[35.5043,32.9119],[35.505,32.9125],[35.5051,32.9128],[35.5051,32.9129],[35.5052,32.9131],[35.5052,32.9132],[35.5051,32.9133],[35.5051,32.9133],[35.505,32.9134],[35.505,32.9134],[35.5049,32.9135],[35.5048,32.9136],[35.5046,32.9138],[35.5044,32.914],[35.5043,32.9141],[35.5042,32.9143],[35.504,32.9145],[35.504,32.9147],[35.5037,32.9147],[35.5034,32.9147],[35.5031,32.9147],[35.503,32.9147],[35.5029,32.9147],[35.5028,32.9147],[35.5027,32.9147],[35.5025,32.9147],[35.5024,32.9147],[35.5022,32.9146],[35.5019,32.9145],[35.5017,32.9142],[35.5013,32.9139],[35.5013,32.9139],[35.5014,32.9139],[35.5014,32.9138],[35.5014,32.9136],[35.5014,32.9134],[35.5013,32.9132],[35.5013,32.9128],[35.5012,32.9124],[35.5011,32.9123],[35.501,32.9121],[35.5007,32.912],[35.5004,32.9119],[35.4995,32.9117],[35.4987,32.9116],[35.4979,32.9114],[35.4973,32.9113],[35.4968,32.9118],[35.4961,32.9142],[35.4971,32.9137],[35.4986,32.9166],[35.498,32.9176],[35.503,32.9216],[35.5024,32.9219],[35.5032,32.9236],[35.5029,32.9256],[35.5037,32.9268],[35.5055,32.9285],[35.5072,32.9298],[35.5082,32.9308],[35.5087,32.9325],[35.5111,32.9328],[35.5116,32.9326],[35.5129,32.9334],[35.514,32.9337],[35.5148,32.9336],[35.5184,32.9333],[35.5227,32.9325]]]]}},{"type":"Feature","properties":{"name":"שטח אש 420","remarks":"pkdarom@gmail.com , 08-99029268"},"geometry":{"type":"MultiPolygon","coordinates":[[[[34.6683,31.2667],[34.6676,31.2671],[34.6657,31.2675],[34.6645,31.2669],[34.6631,31.2673],[34.6451,31.273],[34.6448,31.2728],[34.6445,31.274],[34.6445,31.2755],[34.6442,31.2765],[34.6434,31.279],[34.6466,31.2796],[34.6475,31.2798],[34.6484,31.2797],[34.6491,31.2799],[34.6499,31.28],[34.6507,31.28],[34.6505,31.2824],[34.6503,31.2833],[34.6502,31.2848],[34.6501,31.2855],[34.6489,31.2867],[34.6483,31.2887],[34.6478,31.2896],[34.648,31.2919],[34.6774,31.2923],[34.6791,31.2914],[34.68,31.2905],[34.6806,31.2901],[34.6817,31.2896],[34.6828,31.2894],[34.6828,31.2888],[34.6824,31.2877],[34.6834,31.2874],[34.6852,31.2874],[34.6877,31.2879],[34.6882,31.288],[34.6887,31.2881],[34.69,31.2885],[34.6921,31.2899],[34.693,31.2905],[34.694,31.2911],[34.695,31.2925],[34.6977,31.2925],[34.7007,31.2925],[34.7025,31.2903],[34.7042,31.2882],[34.7045,31.2877],[34.7044,31.2872],[34.7036,31.2857],[34.703,31.2847],[34.7029,31.2839],[34.7032,31.2832],[34.7037,31.2828],[34.7093,31.2801],[34.713,31.2806],[34.7141,31.2806],[34.7159,31.28],[34.7187,31.2784],[34.719,31.2773],[34.7191,31.2765],[34.7185,31.2753],[34.7182,31.2727],[34.718,31.2716],[34.7155,31.2684],[34.7141,31.2662],[34.7125,31.2646],[34.7114,31.2621],[34.7084,31.2622],[34.7,31.2632],[34.7,31.2641],[34.6981,31.2642],[34.6934,31.2641],[34.6928,31.2568],[34.6769,31.2565],[34.6739,31.2574],[34.6741,31.2586],[34.6726,31.2602],[34.6707,31.2622],[34.6681,31.2632],[34.6678,31.2644],[34.6681,31.2657],[34.6683,31.2667]]]]}},{"type":"Feature","properties":{"name":"106","remarks":"073-3483007, matampatzan@gmail.com"},"geometry":{"type":"MultiPolygon","coordinates":[[[[35.3778,32.5888],[35.3775,32.5889],[35.3771,32.5889],[35.3766,32.589],[35.3764,32.589],[35.3761,32.5891],[35.376,32.5892],[35.3758,32.5893],[35.3758,32.5893],[35.3754,32.5894],[35.3747,32.5899],[35.3743,32.5902],[35.3738,32.5905],[35.3735,32.5906],[35.3729,32.5909],[35.3727,32.591],[35.3724,32.5911],[35.3722,32.5913],[35.3719,32.5914],[35.3717,32.5913],[35.3715,32.5913],[35.3713,32.5913],[35.3709,32.5913],[35.3705,32.5913],[35.3704,32.5914],[35.37,32.5915],[35.3697,32.5917],[35.3695,32.5918],[35.3694,32.5919],[35.3694,32.5919],[35.3684,32.5923],[35.3682,32.5923],[35.3676,32.5926],[35.3671,32.5928],[35.3668,32.593],[35.3667,32.593],[35.3664,32.5932],[35.3661,32.5933],[35.3657,32.5935],[35.3655,32.5935],[35.3652,32.5936],[35.3646,32.5936],[35.3642,32.5936],[35.3639,32.5936],[35.3637,32.5936],[35.3636,32.5936],[35.3631,32.5935],[35.3628,32.5934],[35.3626,32.5935],[35.3625,32.5935],[35.3625,32.5935],[35.3624,32.5935],[35.362,32.5936],[35.3618,32.5936],[35.3616,32.5936],[35.3614,32.5937],[35.3613,32.5937],[35.3613,32.5938],[35.3615,32.5939],[35.3616,32.594],[35.3616,32.5942],[35.3616,32.5943],[35.3616,32.5943],[35.3617,32.5945],[35.3619,32.5946],[35.362,32.5947],[35.3621,32.5949],[35.3621,32.595],[35.3623,32.595],[35.3624,32.5951],[35.3624,32.5952],[35.3624,32.5953],[35.3627,32.5955],[35.3628,32.5955],[35.3628,32.5957],[35.3629,32.5958],[35.363,32.596],[35.3631,32.5962],[35.3632,32.5963],[35.3633,32.5964],[35.3633,32.5966],[35.3634,32.5968],[35.3636,32.5969],[35.3636,32.5971],[35.3636,32.5972],[35.3637,32.5973],[35.3637,32.5975],[35.3637,32.5976],[35.3638,32.5978],[35.3638,32.5979],[35.3639,32.5982],[35.364,32.5984],[35.3641,32.5985],[35.3641,32.5986],[35.3642,32.5986],[35.3643,32.5988],[35.3643,32.5992],[35.3643,32.5993],[35.3644,32.5995],[35.3645,32.5998],[35.3646,32.5998],[35.3646,32.6004],[35.3647,32.6006],[35.3648,32.6007],[35.3649,32.6009],[35.3649,32.6009],[35.365,32.6013],[35.3651,32.6015],[35.3651,32.6015],[35.3649,32.6019],[35.3649,32.602],[35.3648,32.6022],[35.3648,32.6022],[35.3659,32.6028],[35.3656,32.6035],[35.3657,32.604],[35.366,32.6048],[35.3664,32.6052],[35.3663,32.6061],[35.3666,32.6066],[35.3651,32.6093],[35.3654,32.6115],[35.3648,32.6137],[35.364,32.6138],[35.3575,32.6172],[35.3577,32.6176],[35.3603,32.6175],[35.3603,32.618],[35.3588,32.6192],[35.3591,32.6194],[35.3594,32.6194],[35.3597,32.6194],[35.3597,32.6195],[35.3596,32.6197],[35.3594,32.6199],[35.3592,32.6202],[35.3591,32.6204],[35.3593,32.6208],[35.3597,32.6218],[35.3598,32.6221],[35.36,32.6227],[35.3603,32.6229],[35.3603,32.623],[35.3607,32.6235],[35.361,32.6237],[35.3613,32.6239],[35.3617,32.6241],[35.3623,32.6243],[35.3634,32.6244],[35.3641,32.6246],[35.3647,32.6248],[35.3654,32.625],[35.3659,32.625],[35.366,32.6251],[35.3655,32.6256],[35.3649,32.6264],[35.3646,32.6269],[35.3645,32.6272],[35.3647,32.6274],[35.3655,32.6277],[35.366,32.6281],[35.3665,32.6282],[35.367,32.6284],[35.3674,32.6287],[35.3676,32.6288],[35.3678,32.6289],[35.3684,32.6291],[35.369,32.6294],[35.3693,32.6295],[35.3696,32.6297],[35.3696,32.63],[35.3697,32.6303],[35.3697,32.6307],[35.3698,32.6311],[35.3699,32.6313],[35.3698,32.6315],[35.3699,32.6317],[35.3701,32.6321],[35.3704,32.6324],[35.3706,32.633],[35.3708,32.6333],[35.371,32.6337],[35.3714,32.634],[35.3715,32.6343],[35.3717,32.6348],[35.3716,32.6349],[35.3711,32.6352],[35.3708,32.6355],[35.37,32.6362],[35.3697,32.6366],[35.3688,32.6374],[35.3684,32.6376],[35.368,32.6378],[35.3677,32.6381],[35.3674,32.6383],[35.3671,32.6386],[35.3668,32.6388],[35.3666,32.639],[35.3659,32.6394],[35.3657,32.6396],[35.3654,32.6399],[35.3651,32.6401],[35.3649,32.6403],[35.3645,32.6406],[35.3642,32.6408],[35.3639,32.6411],[35.3637,32.6412],[35.3635,32.6414],[35.3634,32.6414],[35.3631,32.6416],[35.3629,32.6418],[35.3628,32.6419],[35.3626,32.6421],[35.3622,32.6424],[35.362,32.6425],[35.3623,32.6423],[35.363,32.642],[35.364,32.6416],[35.3643,32.6415],[35.3645,32.6416],[35.3649,32.6419],[35.3653,32.642],[35.3656,32.6421],[35.3661,32.6422],[35.3668,32.6424],[35.3675,32.6424],[35.3679,32.6423],[35.3683,32.642],[35.3695,32.6415],[35.3701,32.6413],[35.3704,32.6412],[35.3711,32.6412],[35.3718,32.6412],[35.3724,32.6411],[35.3729,32.641],[35.3734,32.6409],[35.3741,32.6408],[35.3747,32.6406],[35.3754,32.6404],[35.3759,32.6402],[35.3765,32.6401],[35.3763,32.6392],[35.3776,32.6395],[35.3785,32.6384],[35.3784,32.6376],[35.3791,32.6378],[35.3796,32.6376],[35.3796,32.6371],[35.3805,32.637],[35.3795,32.6365],[35.3796,32.6364],[35.3799,32.6362],[35.3805,32.6358],[35.3809,32.6355],[35.3814,32.6353],[35.3815,32.6352],[35.382,32.6351],[35.3825,32.6349],[35.383,32.6348],[35.3832,32.6347],[35.3838,32.6358],[35.384,32.6357],[35.3842,32.6358],[35.3844,32.6353],[35.3848,32.6352],[35.3849,32.6353],[35.3854,32.6353],[35.3855,32.6355],[35.3858,32.6352],[35.3864,32.6351],[35.3854,32.6362],[35.3854,32.637],[35.3854,32.6373],[35.3858,32.6374],[35.3866,32.6371],[35.387,32.6369],[35.3873,32.6368],[35.3874,32.6367],[35.3875,32.6366],[35.3875,32.6364],[35.3884,32.6328],[35.3881,32.6328],[35.388,32.632],[35.3873,32.6306],[35.3867,32.63],[35.3878,32.6295],[35.3883,32.6285],[35.3888,32.628],[35.3892,32.6284],[35.3902,32.6284],[35.3917,32.626],[35.3911,32.626],[35.3917,32.625],[35.3916,32.6249],[35.3916,32.6248],[35.3916,32.6248],[35.3915,32.6247],[35.3914,32.6247],[35.3914,32.6247],[35.3913,32.6246],[35.3921,32.6243],[35.3929,32.6233],[35.3923,32.6234],[35.3918,32.6235],[35.3915,32.6236],[35.3911,32.6236],[35.3912,32.6235],[35.3913,32.6232],[35.3916,32.6227],[35.3918,32.6223],[35.3923,32.6213],[35.3924,32.621],[35.3925,32.6206],[35.3926,32.6202],[35.3926,32.6201],[35.3927,32.62],[35.3927,32.62],[35.3929,32.6199],[35.3933,32.6197],[35.3935,32.6196],[35.3936,32.6196],[35.3939,32.6195],[35.394,32.6194],[35.3943,32.6193],[35.3945,32.6192],[35.3949,32.6191],[35.3951,32.619],[35.3952,32.6189],[35.3954,32.6188],[35.3956,32.6187],[35.3958,32.6186],[35.3962,32.6185],[35.3963,32.6179],[35.3958,32.6173],[35.3956,32.6172],[35.3952,32.6172],[35.3949,32.6172],[35.3946,32.6171],[35.3944,32.6171],[35.394,32.617],[35.3939,32.617],[35.3932,32.6169],[35.3929,32.6169],[35.3924,32.6169],[35.3918,32.617],[35.3908,32.6176],[35.3902,32.6169],[35.389,32.6171],[35.389,32.6159],[35.3881,32.6157],[35.3865,32.6161],[35.3865,32.616],[35.3864,32.6157],[35.3864,32.6154],[35.3863,32.6151],[35.3862,32.6147],[35.3861,32.6143],[35.3861,32.6139],[35.386,32.6136],[35.3859,32.6132],[35.3858,32.6128],[35.3857,32.6123],[35.3857,32.6119],[35.3856,32.6115],[35.3855,32.6111],[35.3854,32.6106],[35.3854,32.6101],[35.3853,32.6094],[35.3851,32.609],[35.3849,32.608],[35.3848,32.6072],[35.3848,32.6067],[35.3847,32.6063],[35.3846,32.606],[35.3846,32.6056],[35.3845,32.6053],[35.3845,32.6052],[35.3845,32.6049],[35.3845,32.6045],[35.3845,32.6045],[35.385,32.6046],[35.3852,32.6046],[35.3854,32.6045],[35.3857,32.6045],[35.3858,32.6045],[35.386,32.6044],[35.3866,32.6044],[35.3866,32.6042],[35.3864,32.6037],[35.3862,32.6022],[35.3861,32.6016],[35.3859,32.6008],[35.3858,32.6003],[35.3857,32.5999],[35.3855,32.5996],[35.3853,32.5993],[35.385,32.5991],[35.3847,32.5989],[35.3847,32.5989],[35.3842,32.5985],[35.3831,32.5975],[35.3823,32.5969],[35.3813,32.5962],[35.3806,32.5956],[35.38,32.5951],[35.3795,32.5946],[35.3789,32.5941],[35.3788,32.5938],[35.3788,32.5935],[35.3788,32.5932],[35.3788,32.593],[35.3787,32.5926],[35.3787,32.5925],[35.3787,32.5924],[35.3787,32.5923],[35.3788,32.592],[35.3787,32.5915],[35.3785,32.5914],[35.3784,32.5911],[35.3781,32.5907],[35.3781,32.5903],[35.3779,32.59],[35.3778,32.5891],[35.3778,32.5888]]]]}},{"type":"Feature","properties":{"name":"ציר דוד המלך - חלק מזרחי","remarks":"סגירת שטח לישראלים"},"geometry":{"type":"MultiPolygon","coordinates":[[[[35.1051,31.525],[35.1052,31.5251],[35.1053,31.5248],[35.1053,31.5247],[35.1054,31.5246],[35.1054,31.5246],[35.1055,31.5246],[35.1056,31.5244],[35.1056,31.5245],[35.1057,31.5243],[35.1057,31.5242],[35.1057,31.5242],[35.106,31.5239],[35.1065,31.5236],[35.1066,31.5235],[35.1066,31.5234],[35.1063,31.5236],[35.1057,31.524],[35.1056,31.5241],[35.1055,31.5244],[35.1051,31.525]]],[[[35.1051,31.525],[35.1051,31.525],[35.1051,31.525],[35.1051,31.525]]]]}},{"type":"Feature","properties":{"name":"שטח אש 309 ב","remarks":"02-5305042, pakmaz64@gmail.com"},"geometry":{"type":"MultiPolygon","coordinates":[[[[34.9148,31.4704],[34.9147,31.4703],[34.9149,31.4701],[34.9157,31.4695],[34.9165,31.4689],[34.9173,31.4682],[34.918,31.4676],[34.9188,31.4669],[34.9196,31.4663],[34.9204,31.4656],[34.9212,31.465],[34.922,31.4643],[34.9228,31.4637],[34.9236,31.463],[34.9244,31.4624],[34.9236,31.4613],[34.9228,31.4602],[34.922,31.4591],[34.9217,31.4586],[34.9209,31.4577],[34.9201,31.4569],[34.9193,31.4561],[34.9187,31.4553],[34.918,31.4546],[34.9174,31.4539],[34.9171,31.4536],[34.9162,31.4526],[34.9153,31.4517],[34.9144,31.4507],[34.9136,31.4499],[34.9129,31.4491],[34.9117,31.4478],[34.9112,31.4473],[34.91,31.4474],[34.9089,31.4476],[34.9078,31.4476],[34.9067,31.4476],[34.9056,31.4476],[34.9045,31.4477],[34.9034,31.4477],[34.9024,31.4478],[34.9013,31.4478],[34.901,31.4479],[34.9009,31.4478],[34.8997,31.4474],[34.8984,31.447],[34.8972,31.4466],[34.8973,31.4457],[34.8974,31.4447],[34.8965,31.4442],[34.8959,31.4433],[34.8954,31.4424],[34.8936,31.4415],[34.8934,31.4409],[34.8938,31.4404],[34.8945,31.4401],[34.8956,31.44],[34.8967,31.4399],[34.8972,31.4398],[34.8974,31.4395],[34.8974,31.4386],[34.8972,31.4384],[34.8966,31.4377],[34.8956,31.4374],[34.8953,31.4373],[34.8949,31.4366],[34.8944,31.4361],[34.893,31.4361],[34.8915,31.4361],[34.8901,31.4361],[34.8889,31.4359],[34.8877,31.4358],[34.8881,31.4361],[34.8876,31.4366],[34.8871,31.4363],[34.8872,31.4362],[34.8867,31.4358],[34.8866,31.4357],[34.885,31.4356],[34.884,31.4356],[34.8829,31.4355],[34.8819,31.4354],[34.8804,31.4354],[34.8792,31.4354],[34.878,31.4354],[34.8769,31.4354],[34.8758,31.4355],[34.8747,31.4355],[34.8736,31.4355],[34.8725,31.4355],[34.8714,31.4356],[34.8703,31.4356],[34.8692,31.4356],[34.8682,31.4348],[34.8671,31.4347],[34.866,31.4347],[34.8649,31.4347],[34.8638,31.4347],[34.8628,31.4347],[34.8627,31.4338],[34.8627,31.4328],[34.8627,31.4319],[34.8626,31.431],[34.8626,31.4301],[34.8626,31.4292],[34.8626,31.4283],[34.8625,31.4274],[34.8626,31.4268],[34.8615,31.4268],[34.8603,31.4268],[34.8606,31.4253],[34.8614,31.4239],[34.8622,31.4231],[34.8629,31.4224],[34.8637,31.4216],[34.8642,31.4203],[34.8646,31.4191],[34.8648,31.418],[34.865,31.417],[34.8652,31.4159],[34.8654,31.4149],[34.8657,31.4134],[34.8653,31.4124],[34.8643,31.4113],[34.8634,31.4106],[34.8625,31.41],[34.8614,31.4094],[34.8604,31.4094],[34.8593,31.4095],[34.8582,31.4095],[34.8572,31.4095],[34.8561,31.4096],[34.855,31.4096],[34.854,31.4097],[34.8529,31.4097],[34.8531,31.41],[34.8535,31.4112],[34.8537,31.4121],[34.8539,31.413],[34.8539,31.4139],[34.8537,31.4148],[34.8534,31.4161],[34.853,31.4173],[34.8532,31.4184],[34.8532,31.42],[34.8535,31.4211],[34.8537,31.4221],[34.8539,31.4233],[34.8541,31.4245],[34.8543,31.4252],[34.8543,31.4263],[34.8541,31.4272],[34.854,31.4281],[34.8538,31.429],[34.8533,31.4289],[34.8516,31.4289],[34.8506,31.4295],[34.8492,31.4305],[34.8483,31.4316],[34.8476,31.4332],[34.8469,31.4343],[34.8467,31.435],[34.8466,31.436],[34.8464,31.4367],[34.8456,31.4371],[34.8451,31.4378],[34.8451,31.4382],[34.8448,31.4391],[34.8442,31.4398],[34.8433,31.4404],[34.8424,31.4407],[34.842,31.4411],[34.8421,31.4418],[34.8423,31.4423],[34.843,31.4423],[34.8437,31.4425],[34.8443,31.4426],[34.8443,31.443],[34.8439,31.4434],[34.8433,31.4438],[34.843,31.4442],[34.8429,31.4448],[34.8429,31.4461],[34.843,31.4468],[34.8427,31.4472],[34.8424,31.4477],[34.8424,31.4481],[34.8428,31.449],[34.843,31.4497],[34.8431,31.4513],[34.8427,31.4522],[34.8427,31.4527],[34.8424,31.4537],[34.8425,31.4545],[34.8431,31.454],[34.8439,31.4536],[34.845,31.4533],[34.8458,31.4535],[34.8467,31.4542],[34.8475,31.4547],[34.8488,31.4552],[34.8501,31.4559],[34.8507,31.4562],[34.8511,31.4571],[34.851,31.458],[34.8507,31.4588],[34.8505,31.4597],[34.8502,31.4604],[34.8497,31.4615],[34.8498,31.4623],[34.8502,31.4634],[34.8503,31.4644],[34.85,31.4651],[34.8497,31.4662],[34.8499,31.4674],[34.8501,31.4683],[34.8501,31.4693],[34.8503,31.4706],[34.8509,31.4719],[34.8512,31.4735],[34.8521,31.475],[34.8523,31.4757],[34.8528,31.4762],[34.8535,31.4766],[34.8537,31.4771],[34.8539,31.4779],[34.8544,31.479],[34.8548,31.4791],[34.8553,31.4797],[34.8557,31.4807],[34.8562,31.4814],[34.8567,31.4818],[34.8577,31.4822],[34.8582,31.4831],[34.8591,31.4839],[34.8595,31.4844],[34.8595,31.4854],[34.8597,31.4859],[34.8607,31.4873],[34.8618,31.4884],[34.8626,31.4887],[34.8637,31.4888],[34.8636,31.4899],[34.8628,31.4903],[34.8622,31.4909],[34.8618,31.4916],[34.8619,31.4927],[34.862,31.4935],[34.8627,31.4949],[34.8629,31.4956],[34.8636,31.4963],[34.8644,31.4972],[34.8651,31.498],[34.8658,31.4988],[34.8666,31.4995],[34.8675,31.5002],[34.868,31.5013],[34.8684,31.502],[34.8686,31.503],[34.8694,31.5042],[34.8699,31.5049],[34.871,31.5054],[34.8722,31.5058],[34.8729,31.5059],[34.8737,31.5054],[34.875,31.5042],[34.8756,31.5038],[34.8759,31.5035],[34.8759,31.5022],[34.8753,31.5005],[34.8752,31.5002],[34.8756,31.5003],[34.8762,31.5005],[34.8769,31.5009],[34.8784,31.5013],[34.8799,31.5017],[34.8805,31.5019],[34.881,31.502],[34.882,31.5024],[34.883,31.5027],[34.8839,31.5033],[34.8849,31.5038],[34.8859,31.5048],[34.8869,31.5054],[34.8878,31.506],[34.8888,31.5061],[34.8896,31.5062],[34.8908,31.5062],[34.8915,31.507],[34.8921,31.5078],[34.8928,31.5086],[34.8935,31.5093],[34.8943,31.5103],[34.8951,31.5112],[34.8958,31.5123],[34.8965,31.5134],[34.8968,31.5142],[34.8972,31.5151],[34.8973,31.5154],[34.8977,31.5162],[34.8981,31.5171],[34.8988,31.5179],[34.8995,31.5188],[34.8997,31.519],[34.9007,31.5204],[34.9023,31.5215],[34.9043,31.5221],[34.9054,31.5222],[34.9062,31.5223],[34.9081,31.5224],[34.9081,31.5214],[34.9081,31.5205],[34.9081,31.5195],[34.9081,31.5186],[34.9081,31.5176],[34.9081,31.5167],[34.9081,31.5157],[34.9081,31.5148],[34.9082,31.5138],[34.9082,31.5129],[34.9082,31.5119],[34.9082,31.511],[34.9082,31.51],[34.909,31.5102],[34.9097,31.5104],[34.9105,31.5106],[34.9109,31.5108],[34.9115,31.511],[34.9124,31.5115],[34.9135,31.5115],[34.9145,31.5115],[34.9156,31.5115],[34.9167,31.5115],[34.9177,31.5115],[34.9188,31.5115],[34.9198,31.5115],[34.9209,31.5115],[34.9219,31.5115],[34.923,31.5115],[34.9241,31.5115],[34.9251,31.5115],[34.9262,31.5115],[34.9267,31.5106],[34.9272,31.5097],[34.9277,31.5087],[34.9285,31.5076],[34.9292,31.5065],[34.9299,31.5053],[34.9306,31.5041],[34.9313,31.5038],[34.9323,31.5035],[34.9333,31.5031],[34.9337,31.5032],[34.9343,31.5034],[34.9357,31.5041],[34.9353,31.5037],[34.935,31.5019],[34.9341,31.5009],[34.9337,31.4999],[34.9346,31.4974],[34.9356,31.4964],[34.9359,31.4954],[34.9342,31.49],[34.9333,31.4887],[34.9323,31.4882],[34.9321,31.4885],[34.9319,31.4884],[34.9316,31.4882],[34.9313,31.4882],[34.931,31.4882],[34.9303,31.4883],[34.93,31.4883],[34.9293,31.4878],[34.9283,31.4872],[34.9281,31.4869],[34.9278,31.4863],[34.9274,31.4858],[34.927,31.485],[34.9266,31.4838],[34.9264,31.4833],[34.9259,31.4834],[34.9258,31.4831],[34.9256,31.4829],[34.9252,31.4821],[34.9243,31.4815],[34.9241,31.4812],[34.9239,31.4807],[34.9235,31.4802],[34.9224,31.4797],[34.9222,31.4796],[34.9232,31.479],[34.9232,31.4789],[34.923,31.4788],[34.9229,31.4787],[34.9219,31.478],[34.9209,31.4773],[34.9201,31.4768],[34.9198,31.4765],[34.9197,31.4764],[34.9195,31.4762],[34.9194,31.4761],[34.9193,31.4756],[34.9192,31.4752],[34.9191,31.4745],[34.9191,31.4741],[34.9191,31.474],[34.9191,31.4734],[34.919,31.4728],[34.919,31.4725],[34.9181,31.4718],[34.917,31.4711],[34.9166,31.4709],[34.9163,31.4709],[34.9155,31.4707],[34.9152,31.4706],[34.915,31.4705],[34.9148,31.4704]]]]}},{"type":"Feature","properties":{"name":"חנויות לאורך ציר תרפ\"ט","remarks":"סגירת שטח לישראלים"},"geometry":{"type":"MultiPolygon","coordinates":[[[[35.1013,31.5256],[35.1012,31.5255],[35.1011,31.5256],[35.1009,31.5256],[35.1007,31.5256],[35.1007,31.5258],[35.1009,31.5258],[35.1009,31.5258],[35.1009,31.5258],[35.1009,31.526],[35.1011,31.526],[35.1014,31.5261],[35.1019,31.5262],[35.1022,31.5263],[35.1022,31.5264],[35.1023,31.5264],[35.1023,31.5264],[35.1021,31.5265],[35.1021,31.5265],[35.102,31.5265],[35.102,31.5267],[35.1023,31.5267],[35.1026,31.5267],[35.1026,31.5267],[35.1028,31.5267],[35.1028,31.5266],[35.1029,31.5266],[35.1029,31.5265],[35.1029,31.5264],[35.1028,31.5263],[35.1028,31.5263],[35.1026,31.5261],[35.1025,31.5261],[35.1024,31.5261],[35.1025,31.526],[35.1024,31.526],[35.1024,31.5259],[35.1024,31.5259],[35.1024,31.5259],[35.1022,31.5259],[35.1021,31.5258],[35.1019,31.5259],[35.1019,31.5258],[35.1018,31.5259],[35.1018,31.5258],[35.1018,31.5257],[35.1017,31.5257],[35.1016,31.5258],[35.1016,31.5258],[35.1017,31.5256],[35.1016,31.5256],[35.1015,31.5257],[35.1013,31.5256],[35.1013,31.5256]]]]}},{"type":"Feature","properties":{"name":"שטח אש 514","remarks":"pkdarom@gmail.com , 08-99029268"},"geometry":{"type":"MultiPolygon","coordinates":[[[[34.9729,30.8016],[34.9677,30.8037],[34.9663,30.8052],[34.9638,30.8056],[34.9616,30.8065],[34.9576,30.8073],[34.9541,30.8074],[34.9481,30.8078],[34.9455,30.8087],[34.9452,30.8191],[34.9493,30.8208],[34.952,30.8222],[34.9568,30.8268],[34.9604,30.8292],[34.9615,30.8303],[34.9623,30.8312],[34.966,30.835],[34.9683,30.838],[34.9718,30.8397],[34.9741,30.8417],[34.9784,30.8456],[34.9841,30.8493],[34.9893,30.8535],[34.997,30.8587],[35.0048,30.8656],[35.0081,30.8694],[35.0105,30.8727],[35.0134,30.8797],[35.0172,30.8862],[35.0189,30.8881],[35.0201,30.8874],[35.0214,30.8863],[35.0235,30.8845],[35.0246,30.8823],[35.0275,30.8806],[35.0331,30.879],[35.0351,30.8795],[35.047,30.8716],[35.0507,30.8678],[35.0527,30.8647],[35.0531,30.8631],[35.053,30.8611],[35.0537,30.8594],[35.0593,30.8553],[35.0647,30.8548],[35.0671,30.8534],[35.0607,30.8458],[35.0516,30.8399],[35.048,30.8384],[35.045,30.8355],[35.0386,30.8326],[35.0348,30.8296],[35.0323,30.8279],[35.0291,30.8262],[35.0252,30.8262],[35.0217,30.8244],[35.0154,30.8219],[35.0123,30.819],[35.0097,30.817],[35.0076,30.8164],[35.0068,30.8151],[35.0047,30.8148],[35.0022,30.814],[34.9997,30.8125],[34.9974,30.81],[34.9966,30.8079],[34.9934,30.8055],[34.9886,30.8032],[34.9849,30.8023],[34.9843,30.8021],[34.9816,30.8032],[34.9764,30.8017],[34.9729,30.8016]]]]}},{"type":"Feature","properties":{"name":"שטח אש 309 א","remarks":"02-5305042, pakmaz64@gmail.com"},"geometry":{"type":"MultiPolygon","coordinates":[[[[34.9283,31.6132],[34.929,31.6131],[34.929,31.6132],[34.93,31.6131],[34.9304,31.6131],[34.9309,31.6132],[34.9316,31.6132],[34.9332,31.6132],[34.9347,31.6132],[34.9352,31.6133],[34.9364,31.6128],[34.9364,31.6127],[34.9367,31.6125],[34.9374,31.6123],[34.9376,31.6123],[34.9378,31.6123],[34.938,31.6123],[34.9389,31.6122],[34.9391,31.6122],[34.9394,31.6122],[34.9408,31.612],[34.9412,31.612],[34.9416,31.6121],[34.942,31.6125],[34.9427,31.6126],[34.9437,31.6128],[34.9444,31.6131],[34.9449,31.613],[34.945,31.6129],[34.9454,31.6128],[34.9455,31.6128],[34.9458,31.6128],[34.9462,31.6129],[34.9463,31.6129],[34.9464,31.613],[34.9471,31.6127],[34.9471,31.6125],[34.9483,31.6117],[34.9495,31.6112],[34.9501,31.6108],[34.9512,31.6103],[34.9519,31.6099],[34.953,31.6094],[34.9532,31.6091],[34.9534,31.6086],[34.9535,31.6085],[34.9541,31.608],[34.9542,31.6078],[34.9542,31.6077],[34.9545,31.607],[34.9545,31.6069],[34.9546,31.6066],[34.9546,31.6065],[34.9548,31.6064],[34.9549,31.6064],[34.9552,31.6065],[34.9553,31.6066],[34.9554,31.6066],[34.9555,31.6066],[34.9562,31.6063],[34.9564,31.6062],[34.9565,31.6061],[34.9566,31.6059],[34.9566,31.6057],[34.9567,31.6056],[34.9567,31.6054],[34.9568,31.6053],[34.9569,31.6051],[34.957,31.605],[34.957,31.605],[34.9571,31.6049],[34.9581,31.6047],[34.9583,31.6046],[34.9584,31.6046],[34.9584,31.6045],[34.9585,31.6044],[34.9587,31.6042],[34.9588,31.604],[34.9588,31.6035],[34.9588,31.6034],[34.9588,31.6033],[34.9588,31.603],[34.9588,31.6025],[34.9595,31.6016],[34.9587,31.6009],[34.958,31.6002],[34.9572,31.5995],[34.9564,31.5987],[34.9556,31.5979],[34.9547,31.5971],[34.9538,31.5962],[34.9529,31.5954],[34.9528,31.5953],[34.9523,31.5947],[34.9521,31.5944],[34.9521,31.5943],[34.9515,31.5927],[34.9512,31.5916],[34.9508,31.5906],[34.9504,31.5895],[34.9501,31.5886],[34.9498,31.5876],[34.9495,31.5867],[34.9492,31.5858],[34.9489,31.5848],[34.9486,31.5839],[34.9483,31.583],[34.948,31.582],[34.9476,31.5811],[34.9473,31.5802],[34.947,31.5792],[34.9467,31.5783],[34.9466,31.5767],[34.9465,31.5758],[34.9465,31.5748],[34.9464,31.5739],[34.9463,31.573],[34.9462,31.5719],[34.946,31.5709],[34.9459,31.57],[34.9457,31.5691],[34.9455,31.5682],[34.9453,31.5673],[34.9452,31.5664],[34.945,31.5655],[34.9448,31.5646],[34.945,31.5655],[34.9452,31.5664],[34.9453,31.5673],[34.9455,31.5682],[34.9457,31.5691],[34.9459,31.57],[34.946,31.5709],[34.9459,31.5699],[34.9458,31.5689],[34.9456,31.5679],[34.9455,31.5669],[34.9454,31.5659],[34.9453,31.5649],[34.9451,31.5639],[34.9444,31.563],[34.9438,31.562],[34.9437,31.561],[34.9436,31.56],[34.9435,31.559],[34.9434,31.5579],[34.9433,31.5569],[34.9432,31.5559],[34.9431,31.5549],[34.9431,31.5548],[34.9426,31.5536],[34.9422,31.5523],[34.9417,31.5507],[34.9416,31.5505],[34.9417,31.55],[34.9417,31.5498],[34.9417,31.5498],[34.9408,31.5494],[34.9398,31.5489],[34.9389,31.5484],[34.938,31.5479],[34.9371,31.5479],[34.9361,31.5479],[34.9341,31.5477],[34.9327,31.5488],[34.932,31.5493],[34.9318,31.5496],[34.9317,31.5498],[34.9316,31.5507],[34.9315,31.5512],[34.9312,31.5517],[34.9309,31.5522],[34.9305,31.5531],[34.9303,31.5542],[34.9301,31.5549],[34.9303,31.5565],[34.9301,31.5564],[34.9294,31.556],[34.9292,31.5559],[34.9291,31.5558],[34.9289,31.5558],[34.9283,31.5558],[34.9282,31.5558],[34.928,31.5558],[34.9276,31.5556],[34.9265,31.5552],[34.9264,31.5552],[34.9261,31.5552],[34.9259,31.5553],[34.9255,31.5554],[34.9253,31.5555],[34.9251,31.5555],[34.9249,31.5557],[34.9248,31.5558],[34.9248,31.5559],[34.9247,31.5561],[34.9247,31.5563],[34.9247,31.5565],[34.9246,31.5567],[34.9246,31.5567],[34.9245,31.5569],[34.9244,31.5571],[34.9244,31.5572],[34.9244,31.5574],[34.9244,31.5575],[34.9244,31.5577],[34.9244,31.5578],[34.9243,31.5578],[34.9241,31.5579],[34.924,31.5579],[34.9237,31.558],[34.9235,31.5581],[34.9234,31.5581],[34.9233,31.5582],[34.9232,31.5584],[34.9231,31.5585],[34.9229,31.5588],[34.9228,31.5589],[34.9227,31.5591],[34.9225,31.5592],[34.9222,31.5593],[34.9221,31.5594],[34.9219,31.5598],[34.9219,31.5599],[34.9218,31.56],[34.9217,31.5601],[34.9215,31.5603],[34.9215,31.5605],[34.9214,31.5605],[34.9213,31.5606],[34.9212,31.5607],[34.9206,31.5607],[34.9205,31.5608],[34.9203,31.5609],[34.9199,31.5614],[34.9198,31.5615],[34.9197,31.5617],[34.9194,31.5622],[34.9193,31.5623],[34.9192,31.5623],[34.919,31.5626],[34.9187,31.563],[34.9186,31.5632],[34.9184,31.5632],[34.9182,31.5633],[34.9179,31.5636],[34.9179,31.5637],[34.9178,31.5638],[34.9172,31.5637],[34.9171,31.5637],[34.9166,31.5638],[34.9161,31.564],[34.9159,31.5641],[34.9158,31.5642],[34.915,31.5637],[34.9141,31.5631],[34.9133,31.5626],[34.9124,31.562],[34.9115,31.5614],[34.9106,31.5608],[34.9097,31.5603],[34.9088,31.5597],[34.9079,31.5591],[34.9076,31.5587],[34.9075,31.5585],[34.9074,31.5584],[34.9072,31.5583],[34.9071,31.5582],[34.9071,31.5581],[34.9069,31.5581],[34.9069,31.5581],[34.9068,31.5581],[34.9067,31.558],[34.9066,31.5579],[34.9065,31.5578],[34.9064,31.5578],[34.9064,31.5576],[34.9063,31.5575],[34.906,31.557],[34.9059,31.5569],[34.9058,31.5567],[34.9056,31.5565],[34.9054,31.5562],[34.9052,31.556],[34.9051,31.5559],[34.905,31.5558],[34.9048,31.5557],[34.9046,31.5556],[34.9045,31.5556],[34.9043,31.5554],[34.9041,31.5552],[34.9039,31.555],[34.9038,31.5548],[34.9036,31.5543],[34.9033,31.5532],[34.9029,31.5527],[34.9017,31.5522],[34.9005,31.5518],[34.8993,31.5514],[34.8981,31.551],[34.8966,31.551],[34.8951,31.5509],[34.8952,31.5512],[34.8952,31.5513],[34.8948,31.5514],[34.8944,31.5514],[34.894,31.5514],[34.8938,31.5514],[34.8936,31.5516],[34.8935,31.5517],[34.8934,31.552],[34.8935,31.5523],[34.8937,31.5531],[34.8941,31.5538],[34.8945,31.5544],[34.8945,31.5551],[34.8942,31.555],[34.894,31.5545],[34.8935,31.5542],[34.8926,31.5532],[34.8924,31.5532],[34.8919,31.5527],[34.8901,31.5532],[34.889,31.5538],[34.8881,31.5547],[34.8878,31.5557],[34.8881,31.5566],[34.8884,31.5575],[34.889,31.5578],[34.8889,31.558],[34.8888,31.5581],[34.8887,31.5582],[34.8885,31.5583],[34.8885,31.5584],[34.8878,31.5583],[34.8878,31.5579],[34.8878,31.5579],[34.8872,31.5582],[34.8869,31.5585],[34.8868,31.5587],[34.8864,31.5592],[34.8863,31.5593],[34.8863,31.5593],[34.8862,31.5593],[34.8862,31.5593],[34.8862,31.5593],[34.8859,31.5596],[34.8851,31.5601],[34.8842,31.5605],[34.8834,31.5609],[34.8824,31.5614],[34.8824,31.5617],[34.8824,31.5618],[34.8823,31.5618],[34.8823,31.5618],[34.8823,31.5619],[34.8823,31.5619],[34.8824,31.562],[34.8826,31.5622],[34.8826,31.5623],[34.8826,31.5623],[34.8827,31.5624],[34.8826,31.5625],[34.8825,31.5628],[34.8825,31.5629],[34.8825,31.5629],[34.8826,31.5629],[34.8827,31.5629],[34.8828,31.563],[34.8829,31.5631],[34.8831,31.5633],[34.8832,31.5633],[34.8833,31.5634],[34.8835,31.5634],[34.8837,31.5634],[34.8837,31.5635],[34.8838,31.5635],[34.8838,31.5636],[34.8838,31.5637],[34.8838,31.5638],[34.8837,31.5638],[34.8836,31.5639],[34.8835,31.564],[34.8835,31.564],[34.8834,31.5639],[34.8833,31.5639],[34.8832,31.5638],[34.8831,31.5638],[34.8831,31.5639],[34.883,31.564],[34.8831,31.5641],[34.8832,31.5645],[34.8833,31.5647],[34.8833,31.5648],[34.8832,31.5649],[34.8832,31.565],[34.8831,31.565],[34.8831,31.5651],[34.883,31.5651],[34.8829,31.5651],[34.8824,31.565],[34.8828,31.5657],[34.8828,31.5661],[34.883,31.5664],[34.883,31.5676],[34.883,31.5693],[34.8829,31.57],[34.883,31.5701],[34.8831,31.5704],[34.8835,31.571],[34.8835,31.572],[34.8833,31.5732],[34.8844,31.5738],[34.8854,31.5742],[34.8864,31.5746],[34.8874,31.5751],[34.8884,31.5757],[34.8894,31.5762],[34.8904,31.5766],[34.8915,31.5771],[34.8926,31.5776],[34.8939,31.5782],[34.8944,31.5779],[34.8949,31.5782],[34.8951,31.5783],[34.8952,31.5784],[34.8953,31.5786],[34.8955,31.5787],[34.8957,31.5787],[34.8955,31.579],[34.8953,31.5792],[34.8948,31.5799],[34.8947,31.58],[34.8954,31.5799],[34.8967,31.5803],[34.8978,31.5807],[34.899,31.5812],[34.9003,31.5818],[34.9021,31.5825],[34.9031,31.583],[34.904,31.5834],[34.9037,31.5843],[34.9032,31.586],[34.9027,31.5873],[34.9025,31.5873],[34.9023,31.5878],[34.9022,31.5883],[34.9027,31.5887],[34.9024,31.5901],[34.902,31.5915],[34.9019,31.5916],[34.9021,31.593],[34.9021,31.593],[34.9022,31.5946],[34.9024,31.5955],[34.9027,31.5964],[34.9029,31.5973],[34.9031,31.5982],[34.9033,31.5982],[34.9038,31.5982],[34.9048,31.5984],[34.9051,31.5989],[34.9053,31.5991],[34.9055,31.5995],[34.9059,31.6003],[34.9062,31.6004],[34.9066,31.6006],[34.9071,31.6009],[34.9086,31.602],[34.9092,31.6024],[34.9102,31.6033],[34.9106,31.6036],[34.911,31.604],[34.9127,31.6043],[34.9138,31.6042],[34.9147,31.604],[34.9148,31.6039],[34.9152,31.6037],[34.916,31.603],[34.9164,31.6029],[34.9168,31.6029],[34.9172,31.6033],[34.9174,31.6036],[34.9173,31.6039],[34.9172,31.6043],[34.9177,31.6043],[34.918,31.6045],[34.9188,31.6044],[34.9193,31.604],[34.9195,31.6041],[34.92,31.604],[34.9211,31.6038],[34.9217,31.6039],[34.9218,31.604],[34.9226,31.6043],[34.9233,31.6046],[34.9236,31.605],[34.924,31.6052],[34.9243,31.6054],[34.9247,31.6056],[34.9245,31.6066],[34.9243,31.6073],[34.9243,31.6084],[34.9246,31.6094],[34.9249,31.6103],[34.9254,31.6115],[34.9257,31.6124],[34.9261,31.6133],[34.9265,31.6141],[34.9267,31.614],[34.9268,31.614],[34.9272,31.6139],[34.9275,31.6138],[34.9276,31.6137],[34.9277,31.6137],[34.9282,31.6133],[34.9283,31.6132]]]]}},{"type":"Feature","properties":{"name":"123 א","remarks":"073-3483007, matampatzan@gmail.com"},"geometry":{"type":"MultiPolygon","coordinates":[[[[35.7126,33.1695],[35.7125,33.1647],[35.7127,33.1636],[35.7127,33.1628],[35.7128,33.1618],[35.7128,33.1579],[35.7129,33.1568],[35.7129,33.1559],[35.7132,33.155],[35.7133,33.1538],[35.7134,33.1531],[35.7134,33.1523],[35.7137,33.1517],[35.7139,33.151],[35.7142,33.1501],[35.715,33.1494],[35.7154,33.1492],[35.7166,33.149],[35.7173,33.1487],[35.7181,33.1487],[35.7189,33.1484],[35.7193,33.1483],[35.7198,33.148],[35.7205,33.1476],[35.7215,33.1468],[35.7225,33.1461],[35.7227,33.1459],[35.7231,33.1456],[35.7236,33.145],[35.7237,33.1447],[35.7244,33.1439],[35.7247,33.1433],[35.7251,33.1428],[35.7255,33.1422],[35.7259,33.1414],[35.7261,33.1408],[35.7265,33.14],[35.7267,33.1396],[35.7267,33.138],[35.7265,33.1377],[35.7261,33.1373],[35.7252,33.1366],[35.7246,33.1364],[35.7237,33.1359],[35.7221,33.1354],[35.7211,33.1352],[35.72,33.1348],[35.7182,33.1346],[35.7172,33.1345],[35.7161,33.1344],[35.7157,33.1344],[35.7146,33.1343],[35.7137,33.134],[35.713,33.1338],[35.7129,33.1338],[35.7125,33.1336],[35.712,33.1332],[35.7111,33.1329],[35.7105,33.1325],[35.7097,33.1323],[35.709,33.132],[35.7082,33.1318],[35.7076,33.1317],[35.7058,33.1313],[35.7049,33.1311],[35.704,33.1309],[35.7035,33.1309],[35.7027,33.1308],[35.7018,33.1306],[35.701,33.1304],[35.7004,33.1303],[35.6987,33.1301],[35.6982,33.13],[35.6973,33.1297],[35.6966,33.1295],[35.6956,33.129],[35.6947,33.1287],[35.6938,33.128],[35.6927,33.1277],[35.6915,33.127],[35.69,33.1264],[35.6892,33.1268],[35.6888,33.1276],[35.6885,33.1281],[35.688,33.1289],[35.6876,33.1296],[35.6873,33.1301],[35.6868,33.1309],[35.6865,33.1321],[35.6862,33.1329],[35.686,33.1338],[35.686,33.1361],[35.6861,33.1364],[35.6863,33.137],[35.6865,33.1377],[35.6867,33.1385],[35.6868,33.1391],[35.687,33.1399],[35.687,33.1447],[35.6871,33.1455],[35.6871,33.1461],[35.6875,33.1481],[35.6875,33.1487],[35.6877,33.1495],[35.6877,33.1503],[35.688,33.1511],[35.6881,33.1518],[35.6881,33.1524],[35.6884,33.1535],[35.6884,33.154],[35.6885,33.1544],[35.6888,33.1551],[35.6889,33.1556],[35.6891,33.1559],[35.6892,33.1564],[35.6893,33.1566],[35.691,33.1573],[35.6914,33.1574],[35.6915,33.1576],[35.6915,33.1583],[35.6911,33.1588],[35.691,33.1591],[35.6907,33.1593],[35.6906,33.1596],[35.6903,33.1597],[35.6902,33.1602],[35.6902,33.1605],[35.6903,33.1609],[35.691,33.1615],[35.6914,33.1617],[35.6917,33.1621],[35.6917,33.1626],[35.6914,33.1633],[35.6909,33.164],[35.6909,33.1647],[35.6911,33.165],[35.6914,33.1655],[35.6915,33.1658],[35.6916,33.167],[35.6917,33.1673],[35.6921,33.1675],[35.6922,33.168],[35.6922,33.1684],[35.6921,33.169],[35.6916,33.1695],[35.6912,33.17],[35.6909,33.1705],[35.6909,33.1713],[35.6925,33.1713],[35.6931,33.1713],[35.6935,33.1712],[35.6952,33.1712],[35.6959,33.1711],[35.6989,33.1711],[35.6994,33.171],[35.6996,33.1709],[35.7001,33.1708],[35.7017,33.1706],[35.7024,33.1706],[35.7029,33.1704],[35.7052,33.1704],[35.7062,33.1703],[35.7067,33.1702],[35.7074,33.17],[35.7083,33.1699],[35.709,33.1698],[35.7099,33.1697],[35.7107,33.1697],[35.7117,33.1696],[35.7126,33.1695]]]]}},{"type":"Feature","properties":{"name":"111","remarks":"073-3483007, matampatzan@gmail.com"},"geometry":{"type":"MultiPolygon","coordinates":[[[[35.0157,32.6978],[35.0159,32.6957],[35.0159,32.6936],[35.0174,32.6935],[35.0171,32.6925],[35.018,32.6923],[35.0191,32.6919],[35.0191,32.6916],[35.0191,32.6914],[35.0192,32.6911],[35.0194,32.6906],[35.0196,32.6901],[35.0192,32.6901],[35.0178,32.6898],[35.0162,32.688],[35.0149,32.6868],[35.0134,32.6845],[35.0124,32.684],[35.0113,32.6839],[35.0107,32.6833],[35.0095,32.6837],[35.0082,32.6837],[35.0032,32.6814],[35.0032,32.6808],[35.006,32.6797],[35.0056,32.6783],[35.0054,32.6768],[35.0049,32.6764],[35.0046,32.6764],[35.0039,32.6759],[35.0038,32.6739],[35.0034,32.6714],[35.0019,32.6696],[35.001,32.6694],[34.9994,32.6696],[34.998,32.6687],[34.9975,32.6678],[34.9972,32.6669],[34.9963,32.6664],[34.995,32.6661],[34.9942,32.6665],[34.9932,32.6671],[34.9928,32.6682],[34.993,32.6689],[34.992,32.6691],[34.9901,32.6688],[34.9875,32.6682],[34.9873,32.668],[34.9782,32.6751],[34.9764,32.6767],[34.9752,32.6777],[34.9701,32.6819],[34.9697,32.6822],[34.9692,32.6822],[34.9691,32.6824],[34.9684,32.6825],[34.9678,32.6829],[34.9677,32.6831],[34.9677,32.6835],[34.9676,32.6844],[34.9678,32.6853],[34.9678,32.6855],[34.9671,32.6864],[34.9675,32.6884],[34.9681,32.6891],[34.9681,32.6895],[34.9692,32.6896],[34.9689,32.6902],[34.9691,32.6906],[34.9697,32.6912],[34.9701,32.692],[34.9703,32.6925],[34.9711,32.6928],[34.9724,32.6925],[34.9746,32.6921],[34.9754,32.692],[34.9755,32.6929],[34.9759,32.6936],[34.9752,32.6941],[34.9752,32.6945],[34.9752,32.6946],[34.9754,32.6953],[34.9788,32.6954],[34.9797,32.6958],[34.9793,32.6961],[34.9794,32.6963],[34.9791,32.6969],[34.9785,32.6973],[34.9777,32.698],[34.9778,32.6982],[34.977,32.6985],[34.9774,32.699],[34.9784,32.6992],[34.9789,32.6991],[34.9798,32.6986],[34.9804,32.6984],[34.9807,32.6983],[34.9808,32.6982],[34.981,32.698],[34.981,32.6976],[34.9812,32.6973],[34.9817,32.6971],[34.9823,32.6969],[34.9825,32.6968],[34.9828,32.6964],[34.9835,32.6959],[34.9841,32.6952],[34.9855,32.6951],[34.9875,32.6951],[34.9882,32.6953],[34.9888,32.6952],[34.9895,32.6944],[34.9897,32.6942],[34.9899,32.694],[34.9901,32.6938],[34.9908,32.6937],[34.9912,32.6936],[34.9914,32.6935],[34.9914,32.6933],[34.9914,32.6932],[34.992,32.693],[34.9923,32.6929],[34.9929,32.6925],[34.9933,32.6924],[34.9939,32.6924],[34.9943,32.6925],[34.995,32.6923],[34.9955,32.6923],[34.9978,32.691],[34.9988,32.6903],[34.9991,32.6902],[34.9996,32.6901],[35.0003,32.6901],[35.001,32.6902],[35.0014,32.6902],[35.0019,32.6903],[35.0024,32.6905],[35.003,32.6903],[35.0034,32.6908],[35.0035,32.6915],[35.0031,32.6919],[35.0029,32.6925],[35.0031,32.6929],[35.0027,32.6931],[35.0023,32.6936],[35.0022,32.694],[35.0027,32.6945],[35.0032,32.6947],[35.0037,32.695],[35.0042,32.6955],[35.0047,32.6959],[35.0038,32.6968],[35.0071,32.6969],[35.0087,32.6964],[35.0098,32.6961],[35.0112,32.6967],[35.012,32.697],[35.0134,32.6969],[35.0147,32.6968],[35.0157,32.6978]]]]}},{"type":"Feature","properties":{"name":"122 ג","remarks":"073-3483007, matampatzan@gmail.com"},"geometry":{"type":"MultiPolygon","coordinates":[[[[35.7787,32.893],[35.7797,32.8901],[35.7827,32.8824],[35.7845,32.876],[35.7852,32.8722],[35.7712,32.8719],[35.7484,32.8712],[35.7292,32.8706],[35.7103,32.8703],[35.7103,32.8776],[35.7105,32.8797],[35.7105,32.8816],[35.7106,32.8823],[35.7106,32.8829],[35.7113,32.8841],[35.7114,32.8845],[35.7119,32.8851],[35.712,32.8855],[35.7127,32.8862],[35.714,32.8869],[35.7156,32.8872],[35.7184,32.8873],[35.7249,32.8873],[35.7285,32.8874],[35.7323,32.8876],[35.736,32.8876],[35.738,32.8878],[35.7415,32.8882],[35.7447,32.8888],[35.7487,32.8894],[35.7515,32.89],[35.7556,32.8907],[35.7604,32.8916],[35.7651,32.8924],[35.7704,32.8935],[35.7777,32.8948],[35.7783,32.8941],[35.7787,32.893]]]]}},{"type":"Feature","properties":{"name":"107","remarks":"073-3483007, matampatzan@gmail.com"},"geometry":{"type":"MultiPolygon","coordinates":[[[[35.0677,32.5186],[35.0666,32.5206],[35.0637,32.5207],[35.0614,32.5204],[35.0587,32.521],[35.0564,32.5215],[35.0547,32.5217],[35.0518,32.5223],[35.0505,32.5228],[35.0505,32.5233],[35.0503,32.5238],[35.0502,32.5243],[35.0501,32.5251],[35.05,32.5259],[35.0499,32.5263],[35.0499,32.5265],[35.05,32.5267],[35.05,32.527],[35.0501,32.5274],[35.0503,32.5277],[35.0505,32.5281],[35.0505,32.5283],[35.0505,32.5287],[35.0504,32.5293],[35.0495,32.5298],[35.0489,32.5301],[35.0484,32.5303],[35.0481,32.5304],[35.045,32.5315],[35.0441,32.5319],[35.0439,32.5319],[35.0437,32.532],[35.0437,32.5322],[35.0438,32.5323],[35.045,32.5329],[35.0453,32.533],[35.0455,32.533],[35.0458,32.5331],[35.046,32.5333],[35.0462,32.5336],[35.0464,32.5339],[35.0466,32.5341],[35.0467,32.5343],[35.0473,32.5346],[35.0477,32.5348],[35.0478,32.5348],[35.0483,32.5348],[35.0488,32.5347],[35.0489,32.5347],[35.049,32.5347],[35.0492,32.5349],[35.0494,32.535],[35.0495,32.5351],[35.0497,32.5352],[35.0503,32.5352],[35.051,32.535],[35.0515,32.5351],[35.0516,32.5353],[35.0519,32.5356],[35.0518,32.5358],[35.052,32.5358],[35.0526,32.536],[35.053,32.5365],[35.0532,32.5366],[35.0535,32.5366],[35.0538,32.5367],[35.0539,32.5368],[35.0539,32.5369],[35.0548,32.5379],[35.0553,32.5384],[35.056,32.5391],[35.0565,32.5395],[35.057,32.5398],[35.0578,32.5397],[35.0593,32.54],[35.0595,32.5402],[35.0598,32.5404],[35.0602,32.5406],[35.0608,32.5408],[35.0611,32.5409],[35.0616,32.5408],[35.0626,32.5409],[35.0632,32.5411],[35.0637,32.5414],[35.0641,32.5419],[35.065,32.5428],[35.0656,32.5433],[35.0662,32.5442],[35.0669,32.5445],[35.0679,32.5448],[35.0688,32.5449],[35.0692,32.5448],[35.0708,32.546],[35.0717,32.547],[35.1042,32.5611],[35.1068,32.5643],[35.1091,32.5658],[35.1092,32.5657],[35.1303,32.5766],[35.1341,32.5782],[35.1344,32.5799],[35.1352,32.581],[35.1373,32.5812],[35.1395,32.5809],[35.1424,32.5828],[35.1437,32.5829],[35.1453,32.5853],[35.1473,32.5863],[35.1491,32.5893],[35.1496,32.589],[35.1522,32.5893],[35.1527,32.5895],[35.1531,32.59],[35.1545,32.5893],[35.1555,32.5866],[35.1565,32.5855],[35.1659,32.5859],[35.1658,32.5847],[35.1645,32.5824],[35.1651,32.5818],[35.1654,32.5781],[35.1667,32.5754],[35.1683,32.5745],[35.1706,32.5745],[35.1709,32.5703],[35.1723,32.5672],[35.1718,32.5653],[35.1716,32.5645],[35.1694,32.5645],[35.1681,32.5633],[35.1665,32.5625],[35.1652,32.5626],[35.1636,32.5624],[35.1595,32.5617],[35.1554,32.5611],[35.1482,32.5599],[35.1455,32.558],[35.1438,32.5568],[35.1419,32.5536],[35.1418,32.5505],[35.1432,32.5484],[35.1437,32.5469],[35.1426,32.5436],[35.142,32.5426],[35.1386,32.5412],[35.1334,32.5412],[35.1246,32.5412],[35.124,32.5413],[35.1234,32.5413],[35.1226,32.5412],[35.1218,32.5412],[35.1203,32.5411],[35.1198,32.5414],[35.1193,32.5411],[35.1117,32.541],[35.1102,32.5416],[35.1063,32.5431],[35.1003,32.5424],[35.0998,32.5415],[35.0992,32.5403],[35.0987,32.5394],[35.0981,32.5386],[35.0974,32.5376],[35.0964,32.5363],[35.0961,32.5362],[35.0953,32.5359],[35.0942,32.5362],[35.0931,32.5358],[35.0917,32.5349],[35.0912,32.534],[35.0909,32.5331],[35.0908,32.5321],[35.0912,32.5305],[35.0922,32.5265],[35.093,32.523],[35.0934,32.5203],[35.0877,32.5195],[35.0833,32.519],[35.0783,32.5186],[35.0702,32.5179],[35.0697,32.5179],[35.0677,32.5186]]]]}},{"type":"Feature","properties":{"name":"110","remarks":"073-3483007, matampatzan@gmail.com"},"geometry":{"type":"MultiPolygon","coordinates":[[[[35.4651,32.9437],[35.4692,32.943],[35.4713,32.9422],[35.4713,32.9412],[35.4781,32.9397],[35.4778,32.9378],[35.4781,32.9368],[35.4786,32.9363],[35.4799,32.9363],[35.4805,32.9367],[35.4809,32.9347],[35.4813,32.9332],[35.4819,32.9325],[35.477,32.9304],[35.4768,32.9315],[35.4728,32.9314],[35.4726,32.9303],[35.4709,32.9304],[35.4709,32.9289],[35.4721,32.9288],[35.4698,32.9254],[35.4697,32.923],[35.4722,32.9198],[35.4736,32.9187],[35.4746,32.9171],[35.4735,32.9168],[35.4717,32.9167],[35.4696,32.9158],[35.4695,32.9136],[35.4686,32.9126],[35.4671,32.9116],[35.4648,32.9105],[35.4636,32.9099],[35.4597,32.9101],[35.4603,32.9117],[35.4601,32.9126],[35.4586,32.9134],[35.4566,32.9135],[35.455,32.9134],[35.4536,32.9128],[35.4503,32.9108],[35.4476,32.9108],[35.4472,32.9113],[35.4463,32.9115],[35.447,32.9124],[35.4471,32.9133],[35.4457,32.9136],[35.4435,32.9138],[35.4436,32.915],[35.4456,32.9185],[35.4473,32.9205],[35.4482,32.9209],[35.4492,32.9209],[35.4506,32.9216],[35.4504,32.9217],[35.4531,32.9222],[35.4536,32.9225],[35.4552,32.9254],[35.456,32.9255],[35.457,32.9256],[35.4577,32.9266],[35.4571,32.9285],[35.4562,32.9286],[35.4554,32.9291],[35.4555,32.9324],[35.456,32.9346],[35.4575,32.9351],[35.4575,32.9361],[35.4576,32.9367],[35.457,32.9369],[35.4577,32.9381],[35.4582,32.9392],[35.4587,32.9417],[35.4587,32.9446],[35.4593,32.9456],[35.46,32.9463],[35.461,32.9464],[35.4626,32.9458],[35.4632,32.9457],[35.4639,32.945],[35.4651,32.9437]]]]}},{"type":"Feature","properties":{"name":"110 א","remarks":"073-3483007, matampatzan@gmail.com"},"geometry":{"type":"MultiPolygon","coordinates":[[[[35.4693,32.9014],[35.4689,32.9012],[35.4685,32.9011],[35.468,32.9011],[35.4673,32.8994],[35.468,32.8985],[35.4691,32.897],[35.4703,32.8956],[35.4717,32.8941],[35.4722,32.8939],[35.473,32.8939],[35.474,32.894],[35.475,32.8937],[35.4755,32.8925],[35.4759,32.8921],[35.4771,32.892],[35.4775,32.8919],[35.4779,32.8919],[35.4782,32.892],[35.4786,32.892],[35.4789,32.8916],[35.4789,32.8906],[35.4788,32.8894],[35.4782,32.8882],[35.4775,32.8872],[35.4765,32.8863],[35.4754,32.8858],[35.4738,32.8854],[35.4726,32.8846],[35.4714,32.8826],[35.4712,32.8813],[35.4711,32.8799],[35.471,32.8758],[35.4703,32.8741],[35.4694,32.8732],[35.4682,32.8728],[35.4674,32.8724],[35.4667,32.8724],[35.4655,32.872],[35.4634,32.8714],[35.4632,32.8718],[35.4633,32.8724],[35.4634,32.8732],[35.4634,32.8738],[35.4638,32.8741],[35.4641,32.8741],[35.4643,32.8737],[35.4651,32.8737],[35.4652,32.8755],[35.464,32.8758],[35.4625,32.876],[35.4608,32.8762],[35.4582,32.8767],[35.4559,32.8771],[35.4508,32.8771],[35.4494,32.8773],[35.4477,32.878],[35.4467,32.8785],[35.4452,32.8788],[35.4443,32.8788],[35.4441,32.8805],[35.4441,32.8827],[35.4443,32.8846],[35.445,32.8863],[35.4453,32.8874],[35.4438,32.8874],[35.4429,32.8875],[35.4421,32.8881],[35.4413,32.8885],[35.436,32.8894],[35.4331,32.8894],[35.4317,32.8892],[35.4315,32.8895],[35.4333,32.8901],[35.4347,32.8902],[35.4357,32.8903],[35.4367,32.891],[35.4374,32.8914],[35.4381,32.8922],[35.4381,32.8929],[35.437,32.8936],[35.4351,32.8946],[35.4332,32.8953],[35.4314,32.8963],[35.4295,32.8968],[35.4296,32.8975],[35.43,32.8981],[35.4303,32.8994],[35.4303,32.9001],[35.4292,32.9002],[35.4282,32.9007],[35.4276,32.9017],[35.4273,32.9024],[35.4267,32.9031],[35.4275,32.9031],[35.4282,32.9038],[35.4286,32.9043],[35.429,32.9052],[35.43,32.9055],[35.4301,32.9058],[35.4305,32.9058],[35.4313,32.9066],[35.4329,32.9066],[35.433,32.9076],[35.4348,32.9077],[35.4352,32.908],[35.4361,32.9079],[35.437,32.9084],[35.4381,32.908],[35.4406,32.9068],[35.4435,32.9053],[35.4468,32.9045],[35.4495,32.9039],[35.4524,32.9035],[35.4545,32.9033],[35.4604,32.9032],[35.4629,32.904],[35.4642,32.9045],[35.4654,32.9032],[35.4663,32.9034],[35.467,32.9036],[35.4677,32.9036],[35.4679,32.9043],[35.4685,32.9043],[35.469,32.9045],[35.4697,32.9048],[35.4705,32.905],[35.4704,32.9046],[35.4717,32.9028],[35.4718,32.9026],[35.4706,32.9024],[35.4698,32.9019],[35.4697,32.9018],[35.4696,32.9014],[35.4693,32.9014]]]]}},{"type":"Feature","properties":{"name":"ש.א. 208","remarks":""},"geometry":{"type":"MultiPolygon","coordinates":[[[[35.0865,31.8802],[35.0873,31.8783],[35.0881,31.8756],[35.0889,31.8749],[35.0911,31.8742],[35.0946,31.8733],[35.0968,31.8722],[35.099,31.8712],[35.1017,31.8701],[35.1033,31.8689],[35.1041,31.8664],[35.1044,31.8643],[35.1043,31.864],[35.1043,31.8615],[35.1041,31.8589],[35.104,31.8561],[35.1039,31.8538],[35.1037,31.8512],[35.1031,31.8486],[35.1027,31.8457],[35.1022,31.8441],[35.1014,31.8428],[35.0995,31.8419],[35.0977,31.8418],[35.0959,31.8419],[35.0951,31.8419],[35.0932,31.842],[35.0912,31.8417],[35.0903,31.8415],[35.0896,31.8427],[35.0887,31.8447],[35.0877,31.8469],[35.0864,31.8489],[35.085,31.8504],[35.0831,31.8522],[35.0809,31.8534],[35.0792,31.8539],[35.0773,31.8545],[35.0744,31.8554],[35.0711,31.8558],[35.0676,31.8562],[35.0647,31.8565],[35.0629,31.8565],[35.0611,31.8568],[35.0615,31.8584],[35.0626,31.8595],[35.0636,31.8607],[35.0652,31.8616],[35.0662,31.8621],[35.0677,31.8633],[35.0685,31.864],[35.0697,31.8652],[35.0719,31.8673],[35.0737,31.8696],[35.0749,31.8717],[35.0754,31.8733],[35.0753,31.8755],[35.0755,31.8769],[35.0763,31.8785],[35.0776,31.879],[35.0791,31.8793],[35.0807,31.879],[35.0821,31.8788],[35.0828,31.8789],[35.0844,31.8797],[35.0865,31.8802]]]]}},{"type":"Feature","properties":{"name":"114","remarks":"02-5305042, pakmaz64@gmail.com"},"geometry":{"type":"MultiPolygon","coordinates":[[[[35.4284,32.489],[35.4308,32.4892],[35.4344,32.4864],[35.4358,32.4857],[35.4371,32.485],[35.4379,32.4848],[35.4395,32.4843],[35.4402,32.4837],[35.4424,32.4826],[35.4438,32.4817],[35.4453,32.4805],[35.4457,32.4794],[35.446,32.4769],[35.4464,32.4747],[35.4467,32.4731],[35.447,32.4719],[35.4477,32.4708],[35.4488,32.4697],[35.4501,32.4691],[35.4512,32.4686],[35.4524,32.4682],[35.4533,32.4676],[35.4554,32.4656],[35.4568,32.4643],[35.4582,32.4637],[35.4586,32.4636],[35.4584,32.4612],[35.4578,32.4611],[35.4565,32.4601],[35.4558,32.4595],[35.4558,32.4586],[35.4562,32.4578],[35.4565,32.4575],[35.4575,32.4569],[35.4571,32.4565],[35.4518,32.4538],[35.4508,32.4541],[35.4501,32.4539],[35.4488,32.4537],[35.4479,32.4532],[35.4476,32.4534],[35.4479,32.4541],[35.4475,32.4542],[35.446,32.4536],[35.4447,32.4555],[35.4438,32.4558],[35.4429,32.4556],[35.4401,32.455],[35.4387,32.4542],[35.4381,32.4534],[35.4375,32.4528],[35.4356,32.4522],[35.4406,32.4502],[35.4411,32.4501],[35.4418,32.4504],[35.4429,32.4513],[35.4443,32.4511],[35.4448,32.4511],[35.4454,32.4509],[35.4459,32.4508],[35.4465,32.4509],[35.4471,32.4519],[35.4484,32.4527],[35.4491,32.453],[35.4511,32.453],[35.4522,32.4527],[35.453,32.4491],[35.4534,32.4467],[35.453,32.4434],[35.4528,32.4421],[35.453,32.4411],[35.4539,32.44],[35.4534,32.4396],[35.4526,32.4396],[35.4536,32.438],[35.4538,32.4374],[35.4538,32.4365],[35.4523,32.4354],[35.4497,32.4346],[35.4494,32.4339],[35.4499,32.4301],[35.4518,32.4292],[35.4519,32.4285],[35.4488,32.4282],[35.4467,32.4282],[35.4464,32.4293],[35.4466,32.432],[35.4463,32.433],[35.4456,32.4334],[35.4445,32.433],[35.443,32.4317],[35.4423,32.431],[35.4414,32.4302],[35.442,32.4329],[35.442,32.4339],[35.4415,32.4352],[35.4403,32.4358],[35.4391,32.4361],[35.4378,32.4363],[35.4361,32.4364],[35.4355,32.4363],[35.4346,32.4363],[35.4339,32.4365],[35.4329,32.4367],[35.4322,32.4371],[35.4322,32.4376],[35.4324,32.438],[35.4329,32.4385],[35.4338,32.4393],[35.4343,32.44],[35.4342,32.4405],[35.4339,32.4413],[35.4341,32.4419],[35.4345,32.4422],[35.4353,32.4422],[35.4363,32.4422],[35.4367,32.4424],[35.437,32.4428],[35.4371,32.4435],[35.4366,32.4447],[35.4358,32.4465],[35.4353,32.4478],[35.4348,32.4483],[35.4334,32.4487],[35.4316,32.449],[35.4306,32.449],[35.4291,32.4491],[35.4283,32.4495],[35.4281,32.4502],[35.4283,32.4506],[35.4289,32.4517],[35.4289,32.4525],[35.4285,32.4539],[35.4278,32.4559],[35.4283,32.457],[35.4287,32.4574],[35.4307,32.4595],[35.4308,32.4596],[35.4314,32.4602],[35.4321,32.4609],[35.4324,32.4619],[35.4323,32.4624],[35.4318,32.463],[35.4347,32.4699],[35.4374,32.4764],[35.4277,32.4839],[35.4283,32.4891],[35.4284,32.489]]]]}},{"type":"Feature","properties":{"name":"1014","remarks":"pkdarom@gmail.com , 08-99029268"},"geometry":{"type":"MultiPolygon","coordinates":[[[[34.8354,29.8425],[34.8347,29.8406],[34.8341,29.8326],[34.8344,29.8259],[34.8359,29.8225],[34.839,29.8168],[34.8421,29.8107],[34.8362,29.8106],[34.8239,29.815],[34.8158,29.8376],[34.8135,29.8444],[34.8145,29.8442],[34.8157,29.8425],[34.8174,29.8419],[34.819,29.8421],[34.8226,29.8447],[34.8231,29.8449],[34.8237,29.8445],[34.8239,29.8426],[34.8253,29.8416],[34.8291,29.8406],[34.8306,29.8407],[34.8354,29.8425]]]]}},{"type":"Feature","properties":{"name":"122","remarks":"073-3483007, matampatzan@gmail.com"},"geometry":{"type":"MultiPolygon","coordinates":[[[[35.7285,32.9523],[35.7285,32.9522],[35.7292,32.9522],[35.73,32.9523],[35.7309,32.9525],[35.7318,32.9529],[35.7326,32.9531],[35.7333,32.9533],[35.734,32.9539],[35.7342,32.954],[35.7349,32.9545],[35.7354,32.9548],[35.7365,32.9552],[35.7377,32.9555],[35.7399,32.9555],[35.7417,32.9551],[35.7439,32.9542],[35.7443,32.9539],[35.7458,32.9535],[35.7464,32.9535],[35.7483,32.9538],[35.7494,32.954],[35.7507,32.9541],[35.7519,32.9541],[35.7529,32.954],[35.7538,32.9537],[35.7541,32.9528],[35.7546,32.9516],[35.7549,32.9507],[35.7553,32.9484],[35.7562,32.9454],[35.7578,32.94],[35.7584,32.938],[35.7587,32.9375],[35.7588,32.9365],[35.7592,32.9353],[35.7595,32.9343],[35.7598,32.9329],[35.7602,32.9317],[35.7606,32.9302],[35.761,32.9289],[35.7612,32.9278],[35.7613,32.9268],[35.7627,32.9243],[35.7632,32.9236],[35.7634,32.9231],[35.7639,32.9222],[35.7645,32.921],[35.7649,32.9201],[35.7654,32.9189],[35.7665,32.9169],[35.7669,32.9158],[35.7677,32.9141],[35.7691,32.9115],[35.7709,32.9077],[35.7709,32.9077],[35.7709,32.9077],[35.7709,32.9077],[35.7709,32.9077],[35.7709,32.9077],[35.7708,32.9077],[35.7708,32.9077],[35.7708,32.9077],[35.7708,32.9077],[35.7708,32.9077],[35.7708,32.9077],[35.7708,32.9077],[35.7708,32.9077],[35.7708,32.9077],[35.7708,32.9077],[35.7708,32.9077],[35.7708,32.9077],[35.7708,32.9077],[35.7708,32.9077],[35.7708,32.9077],[35.7708,32.9077],[35.7708,32.9077],[35.7708,32.9077],[35.7708,32.9077],[35.7708,32.9077],[35.7708,32.9077],[35.7708,32.9077],[35.7708,32.9077],[35.7708,32.9077],[35.7708,32.9076],[35.7708,32.9076],[35.7708,32.9076],[35.7708,32.9076],[35.7708,32.9076],[35.7708,32.9076],[35.7708,32.9076],[35.7708,32.9076],[35.7708,32.9076],[35.7708,32.9076],[35.7708,32.9076],[35.7708,32.9076],[35.7707,32.9076],[35.7707,32.9076],[35.7707,32.9076],[35.7707,32.9076],[35.7707,32.9076],[35.7707,32.9076],[35.7707,32.9076],[35.7707,32.9076],[35.7707,32.9076],[35.7707,32.9076],[35.7707,32.9076],[35.7707,32.9076],[35.7707,32.9076],[35.7707,32.9076],[35.7707,32.9075],[35.7707,32.9075],[35.7707,32.9075],[35.7707,32.9075],[35.7707,32.9075],[35.7707,32.9075],[35.7707,32.9075],[35.7707,32.9075],[35.7707,32.9075],[35.7707,32.9075],[35.7707,32.9075],[35.7707,32.9075],[35.7707,32.9075],[35.7707,32.9075],[35.7707,32.9075],[35.7707,32.9075],[35.7707,32.9075],[35.7707,32.9075],[35.7707,32.9075],[35.7707,32.9075],[35.7707,32.9075],[35.7707,32.9075],[35.7707,32.9075],[35.7707,32.9075],[35.7708,32.9075],[35.7708,32.9074],[35.7708,32.9074],[35.7708,32.9074],[35.7708,32.9074],[35.7708,32.9074],[35.7708,32.9074],[35.7708,32.9074],[35.7708,32.9074],[35.7708,32.9074],[35.7708,32.9074],[35.7708,32.9074],[35.7708,32.9074],[35.7708,32.9074],[35.7708,32.9074],[35.7708,32.9074],[35.7708,32.9074],[35.7708,32.9074],[35.7708,32.9074],[35.7708,32.9074],[35.7708,32.9074],[35.7708,32.9074],[35.7708,32.9074],[35.7708,32.9074],[35.7708,32.9074],[35.7708,32.9074],[35.7708,32.9074],[35.7708,32.9074],[35.7708,32.9074],[35.7708,32.9074],[35.7708,32.9074],[35.7708,32.9074],[35.7708,32.9074],[35.7708,32.9074],[35.7708,32.9074],[35.7708,32.9074],[35.7708,32.9074],[35.7708,32.9074],[35.7709,32.9074],[35.7709,32.9074],[35.7709,32.9074],[35.7709,32.9073],[35.7709,32.9073],[35.7709,32.9073],[35.7709,32.9073],[35.7709,32.9073],[35.7709,32.9073],[35.7709,32.9073],[35.7709,32.9073],[35.7709,32.9073],[35.7709,32.9073],[35.7709,32.9073],[35.7709,32.9073],[35.7709,32.9073],[35.7709,32.9073],[35.7709,32.9073],[35.7709,32.9073],[35.7709,32.9073],[35.7709,32.9073],[35.7709,32.9073],[35.7709,32.9073],[35.7709,32.9073],[35.7709,32.9073],[35.7709,32.9073],[35.771,32.9073],[35.771,32.9073],[35.771,32.9073],[35.771,32.9073],[35.771,32.9073],[35.771,32.9073],[35.771,32.9073],[35.771,32.9073],[35.771,32.9073],[35.771,32.9073],[35.771,32.9073],[35.771,32.9073],[35.771,32.9073],[35.771,32.9073],[35.771,32.9073],[35.771,32.9073],[35.771,32.9074],[35.771,32.9074],[35.771,32.9074],[35.771,32.9074],[35.771,32.9074],[35.771,32.9074],[35.771,32.9074],[35.7729,32.903],[35.7764,32.8959],[35.776,32.8959],[35.7756,32.8959],[35.7745,32.8957],[35.7737,32.8955],[35.7726,32.8952],[35.7713,32.895],[35.7701,32.8948],[35.769,32.8945],[35.7675,32.8942],[35.7665,32.894],[35.7638,32.8935],[35.7629,32.8933],[35.7622,32.8931],[35.7606,32.8927],[35.7588,32.8923],[35.7571,32.8921],[35.7559,32.8918],[35.7552,32.8915],[35.7539,32.8913],[35.753,32.8912],[35.7523,32.891],[35.7511,32.8908],[35.7506,32.8907],[35.7495,32.8906],[35.748,32.8904],[35.7472,32.8901],[35.7458,32.8899],[35.7451,32.8898],[35.7445,32.8897],[35.7436,32.8897],[35.7425,32.8895],[35.7417,32.8894],[35.7404,32.8892],[35.7391,32.8892],[35.7379,32.8891],[35.7369,32.8888],[35.7356,32.8887],[35.7344,32.8886],[35.7336,32.8885],[35.7308,32.8885],[35.73,32.8883],[35.7225,32.8883],[35.7209,32.8881],[35.7151,32.888],[35.714,32.8879],[35.713,32.8877],[35.7125,32.8876],[35.7114,32.8872],[35.7108,32.8869],[35.7102,32.8864],[35.71,32.8861],[35.7098,32.8859],[35.7097,32.8856],[35.7097,32.8853],[35.7097,32.885],[35.7096,32.8847],[35.7095,32.8842],[35.7094,32.884],[35.7092,32.8837],[35.7089,32.8834],[35.708,32.883],[35.7078,32.8828],[35.7072,32.8826],[35.7068,32.8824],[35.706,32.8823],[35.7045,32.8824],[35.7038,32.8825],[35.703,32.8825],[35.7024,32.8825],[35.7015,32.8825],[35.7006,32.8825],[35.6996,32.8826],[35.6989,32.8826],[35.6981,32.8826],[35.6974,32.8826],[35.6967,32.8828],[35.696,32.8828],[35.6956,32.8828],[35.695,32.8829],[35.6946,32.8832],[35.694,32.8837],[35.6934,32.8842],[35.6929,32.8848],[35.6929,32.886],[35.693,32.8869],[35.6932,32.8872],[35.6936,32.888],[35.6938,32.8883],[35.6942,32.8889],[35.6947,32.8894],[35.6954,32.89],[35.6959,32.8904],[35.6969,32.8908],[35.6979,32.8914],[35.699,32.8919],[35.6997,32.892],[35.7005,32.8921],[35.7015,32.8922],[35.703,32.8923],[35.7042,32.8924],[35.7076,32.8925],[35.7088,32.8928],[35.709,32.8932],[35.7092,32.8938],[35.7091,32.8948],[35.7092,32.8955],[35.709,32.8959],[35.7085,32.8962],[35.7081,32.8963],[35.7071,32.8965],[35.7064,32.8966],[35.7056,32.8967],[35.705,32.8968],[35.7038,32.8971],[35.703,32.8972],[35.7019,32.8974],[35.7011,32.8974],[35.6997,32.8976],[35.6988,32.8978],[35.6981,32.898],[35.6975,32.8981],[35.6966,32.8982],[35.6953,32.8985],[35.6945,32.8986],[35.6909,32.8985],[35.6901,32.8984],[35.6842,32.8984],[35.6835,32.8983],[35.6827,32.8982],[35.6821,32.898],[35.6815,32.8979],[35.6809,32.8978],[35.68,32.8976],[35.6794,32.8976],[35.6787,32.8973],[35.6784,32.897],[35.6779,32.8967],[35.6772,32.8967],[35.677,32.897],[35.677,32.8978],[35.6771,32.8983],[35.6772,32.899],[35.6775,32.8997],[35.6779,32.9003],[35.678,32.9008],[35.6783,32.9018],[35.6784,32.9025],[35.6787,32.903],[35.679,32.904],[35.6792,32.9045],[35.6794,32.9054],[35.6794,32.9107],[35.6792,32.9114],[35.6792,32.9118],[35.6791,32.9125],[35.6789,32.913],[35.6787,32.9134],[35.6784,32.914],[35.6781,32.9144],[35.6776,32.9151],[35.6773,32.9155],[35.6769,32.9161],[35.6766,32.9163],[35.6762,32.9169],[35.6761,32.9174],[35.6761,32.9178],[35.6762,32.9186],[35.6765,32.919],[35.6777,32.9197],[35.6785,32.92],[35.6791,32.9202],[35.6797,32.9203],[35.6802,32.9207],[35.6807,32.9208],[35.6814,32.9214],[35.6818,32.9216],[35.6827,32.922],[35.6831,32.922],[35.6835,32.9221],[35.6842,32.9226],[35.6845,32.9228],[35.6846,32.923],[35.6853,32.9237],[35.6862,32.9239],[35.6875,32.9243],[35.6879,32.9244],[35.6889,32.9245],[35.6897,32.9246],[35.6907,32.9248],[35.6913,32.9251],[35.6926,32.9255],[35.6933,32.9259],[35.6939,32.9264],[35.6945,32.927],[35.6949,32.9275],[35.695,32.928],[35.695,32.9284],[35.6954,32.929],[35.6964,32.9297],[35.6972,32.9302],[35.6979,32.9304],[35.6986,32.9307],[35.699,32.9313],[35.6995,32.9318],[35.7006,32.9331],[35.7007,32.9337],[35.7008,32.9341],[35.7009,32.9347],[35.7011,32.9351],[35.7012,32.9355],[35.7013,32.936],[35.7017,32.9365],[35.702,32.9367],[35.7027,32.9368],[35.704,32.9373],[35.7045,32.9375],[35.7045,32.9379],[35.7048,32.9383],[35.7051,32.9385],[35.7055,32.9388],[35.7056,32.9388],[35.7059,32.9389],[35.7064,32.9393],[35.7067,32.9397],[35.7068,32.9401],[35.7069,32.9404],[35.7069,32.9414],[35.707,32.9419],[35.7074,32.9425],[35.7078,32.9429],[35.7078,32.944],[35.7081,32.9445],[35.7082,32.9451],[35.7086,32.9456],[35.7086,32.9465],[35.7085,32.9473],[35.7082,32.9477],[35.7079,32.9479],[35.7078,32.9481],[35.7076,32.9486],[35.7076,32.949],[35.7076,32.9491],[35.7127,32.963],[35.7128,32.9636],[35.7134,32.9649],[35.7136,32.9658],[35.7137,32.9666],[35.7141,32.9673],[35.7145,32.9682],[35.7147,32.9686],[35.7151,32.9693],[35.7154,32.9699],[35.7158,32.9703],[35.7161,32.9708],[35.7164,32.9713],[35.7168,32.9719],[35.7169,32.9723],[35.7172,32.9731],[35.7173,32.9737],[35.7181,32.975],[35.7182,32.9758],[35.7186,32.9765],[35.7189,32.9773],[35.719,32.9778],[35.7194,32.978],[35.7201,32.9783],[35.7211,32.9787],[35.7221,32.9788],[35.7226,32.9788],[35.723,32.9789],[35.7243,32.9791],[35.7251,32.9794],[35.7261,32.9798],[35.727,32.9802],[35.7273,32.9805],[35.7281,32.981],[35.729,32.9818],[35.7303,32.9824],[35.7313,32.9829],[35.7323,32.9832],[35.7338,32.9832],[35.7338,32.9822],[35.7336,32.9813],[35.7332,32.9803],[35.7327,32.9783],[35.7321,32.9764],[35.7314,32.9721],[35.7309,32.9701],[35.7306,32.9684],[35.7304,32.9668],[35.7302,32.9665],[35.7298,32.9651],[35.7296,32.9641],[35.7293,32.963],[35.7294,32.9604],[35.7292,32.9596],[35.729,32.9583],[35.7288,32.9574],[35.7285,32.9553],[35.7283,32.9544],[35.7284,32.9529],[35.7285,32.9523]]],[[[35.7709,32.9075],[35.7709,32.9075],[35.7709,32.9075],[35.7709,32.9075],[35.7709,32.9075],[35.7709,32.9075],[35.7709,32.9075],[35.7709,32.9075],[35.7709,32.9075],[35.7709,32.9075],[35.7709,32.9075],[35.771,32.9075],[35.771,32.9075],[35.771,32.9075],[35.771,32.9075],[35.771,32.9075],[35.771,32.9075],[35.771,32.9075],[35.771,32.9075],[35.771,32.9075],[35.771,32.9075],[35.771,32.9075],[35.771,32.9075],[35.771,32.9075],[35.771,32.9075],[35.771,32.9075],[35.771,32.9075],[35.771,32.9075],[35.771,32.9075],[35.771,32.9075],[35.771,32.9075],[35.771,32.9075],[35.771,32.9075],[35.771,32.9075],[35.771,32.9075],[35.771,32.9075],[35.771,32.9075],[35.771,32.9075],[35.771,32.9075],[35.771,32.9075],[35.771,32.9075],[35.771,32.9075],[35.771,32.9075],[35.771,32.9075],[35.771,32.9075],[35.771,32.9075],[35.771,32.9075],[35.771,32.9075],[35.771,32.9075],[35.771,32.9075],[35.771,32.9075],[35.771,32.9075],[35.771,32.9075],[35.771,32.9075],[35.771,32.9075],[35.771,32.9075],[35.771,32.9075],[35.771,32.9075],[35.771,32.9075],[35.771,32.9075],[35.771,32.9075],[35.771,32.9074],[35.771,32.9074],[35.771,32.9074],[35.771,32.9074],[35.771,32.9074],[35.771,32.9074],[35.771,32.9074],[35.771,32.9074],[35.771,32.9074],[35.771,32.9074],[35.7709,32.9074],[35.7709,32.9074],[35.7709,32.9074],[35.7709,32.9074],[35.7709,32.9074],[35.7709,32.9074],[35.7709,32.9074],[35.7709,32.9074],[35.7709,32.9074],[35.7709,32.9074],[35.7709,32.9074],[35.7709,32.9074],[35.7709,32.9074],[35.7709,32.9074],[35.7709,32.9074],[35.7709,32.9074],[35.7709,32.9074],[35.7709,32.9074],[35.7709,32.9074],[35.7709,32.9074],[35.7709,32.9074],[35.7709,32.9074],[35.7709,32.9074],[35.7709,32.9074],[35.7709,32.9074],[35.7709,32.9074],[35.7709,32.9074],[35.7709,32.9074],[35.7709,32.9074],[35.7709,32.9074],[35.7709,32.9074],[35.7709,32.9074],[35.7709,32.9074],[35.7709,32.9074],[35.7709,32.9074],[35.7709,32.9074],[35.7709,32.9074],[35.7709,32.9075],[35.7709,32.9075],[35.7709,32.9075],[35.7709,32.9075],[35.7709,32.9075],[35.7709,32.9075],[35.7709,32.9075],[35.7709,32.9075],[35.7709,32.9075],[35.7709,32.9075],[35.7709,32.9075],[35.7709,32.9075],[35.7709,32.9075],[35.7709,32.9075],[35.7709,32.9075],[35.7709,32.9075],[35.7709,32.9075],[35.7709,32.9075],[35.7709,32.9075],[35.7709,32.9075],[35.7709,32.9075],[35.7709,32.9075],[35.7709,32.9075],[35.7709,32.9075],[35.7709,32.9075],[35.7709,32.9075],[35.7709,32.9075],[35.7709,32.9075],[35.7709,32.9075],[35.7709,32.9075],[35.7709,32.9075],[35.7709,32.9075],[35.7709,32.9075],[35.7709,32.9075],[35.7709,32.9075],[35.7709,32.9075],[35.7709,32.9075],[35.7709,32.9075],[35.7709,32.9075],[35.7709,32.9075],[35.7709,32.9075],[35.7709,32.9075],[35.7709,32.9075],[35.7709,32.9075],[35.7709,32.9075],[35.7709,32.9075],[35.7709,32.9075],[35.7709,32.9075],[35.7709,32.9075],[35.7709,32.9075],[35.7709,32.9075],[35.7709,32.9075],[35.7709,32.9075],[35.7709,32.9075],[35.7709,32.9075],[35.7709,32.9075],[35.7709,32.9075],[35.7709,32.9075],[35.7709,32.9075],[35.7709,32.9075],[35.7709,32.9075],[35.7709,32.9075],[35.7709,32.9075],[35.7709,32.9075],[35.7709,32.9075],[35.7709,32.9075],[35.7709,32.9075],[35.7709,32.9075],[35.7709,32.9075],[35.7709,32.9075],[35.7709,32.9075],[35.7709,32.9075],[35.7709,32.9075],[35.7709,32.9075],[35.7709,32.9075],[35.7709,32.9075],[35.7709,32.9075],[35.7709,32.9075],[35.7709,32.9075],[35.7709,32.9075],[35.7709,32.9075],[35.7709,32.9075],[35.7709,32.9075],[35.7709,32.9075],[35.7709,32.9075],[35.7709,32.9075],[35.7709,32.9075],[35.7709,32.9075],[35.7709,32.9076],[35.7709,32.9076],[35.7709,32.9076],[35.7709,32.9076],[35.7709,32.9076],[35.7709,32.9076],[35.7709,32.9076],[35.7709,32.9076],[35.7709,32.9076],[35.7709,32.9076],[35.7709,32.9076],[35.7709,32.9076],[35.7709,32.9076],[35.7709,32.9076],[35.7709,32.9076],[35.7709,32.9076],[35.7709,32.9076],[35.7709,32.9076],[35.7709,32.9076],[35.7709,32.9076],[35.7709,32.9076],[35.7709,32.9076],[35.7709,32.9076],[35.7709,32.9076],[35.7709,32.9076],[35.7709,32.9076],[35.7709,32.9076],[35.7709,32.9076],[35.7709,32.9076],[35.7709,32.9076],[35.7709,32.9076],[35.7709,32.9076],[35.7709,32.9076],[35.7709,32.9076],[35.7709,32.9076],[35.7709,32.9076],[35.7709,32.9076],[35.7709,32.9076],[35.7709,32.9076],[35.7709,32.9076],[35.7709,32.9076],[35.7709,32.9076],[35.7709,32.9076],[35.7709,32.9076],[35.7709,32.9076],[35.7709,32.9076],[35.7709,32.9076],[35.7709,32.9076],[35.7709,32.9076],[35.7709,32.9076],[35.7709,32.9076],[35.7709,32.9076],[35.7709,32.9076],[35.7709,32.9076],[35.7709,32.9076],[35.7709,32.9076],[35.7709,32.9076],[35.7709,32.9076],[35.7709,32.9076],[35.7709,32.9076],[35.7709,32.9076],[35.7709,32.9076],[35.7709,32.9076],[35.7709,32.9076],[35.7709,32.9076],[35.7709,32.9076],[35.7709,32.9076],[35.7709,32.9076],[35.7709,32.9076],[35.7709,32.9076],[35.7709,32.9076],[35.7709,32.9076],[35.7709,32.9076],[35.7709,32.9076],[35.7709,32.9076],[35.7709,32.9076],[35.7709,32.9076],[35.7709,32.9076],[35.7709,32.9076],[35.7709,32.9076],[35.7709,32.9076],[35.7709,32.9076],[35.7709,32.9076],[35.7709,32.9076],[35.7709,32.9076],[35.7709,32.9076],[35.7709,32.9076],[35.7709,32.9076],[35.7709,32.9075],[35.7709,32.9075],[35.7709,32.9075],[35.7709,32.9075],[35.7709,32.9075],[35.7709,32.9075],[35.7709,32.9075],[35.7709,32.9075],[35.7709,32.9075],[35.7709,32.9075],[35.7709,32.9075],[35.7709,32.9075],[35.7709,32.9075],[35.7709,32.9075],[35.7709,32.9075],[35.7709,32.9075],[35.7709,32.9075],[35.7709,32.9075],[35.7709,32.9075],[35.7709,32.9075],[35.7709,32.9075],[35.7709,32.9075],[35.7709,32.9075],[35.7709,32.9075],[35.7709,32.9075],[35.7709,32.9075],[35.7709,32.9075],[35.7709,32.9075],[35.7709,32.9075],[35.7709,32.9075],[35.7709,32.9075],[35.7709,32.9075],[35.7709,32.9075],[35.7709,32.9075],[35.7709,32.9075],[35.7709,32.9075],[35.7709,32.9075],[35.7709,32.9075],[35.7709,32.9075],[35.7709,32.9075],[35.7709,32.9075],[35.7709,32.9075],[35.7709,32.9075],[35.7709,32.9075],[35.7709,32.9075],[35.7709,32.9075],[35.7709,32.9075],[35.7709,32.9075],[35.7709,32.9075],[35.7709,32.9075]]]]}},{"type":"Feature","properties":{"name":"120","remarks":"073-3483007, matampatzan@gmail.com"},"geometry":{"type":"MultiPolygon","coordinates":[[[[35.7028,33.0556],[35.7028,33.0544],[35.7027,33.0535],[35.7027,33.0526],[35.7025,33.0515],[35.7023,33.0508],[35.7022,33.0496],[35.7022,33.0477],[35.702,33.047],[35.702,33.0452],[35.7016,33.0442],[35.7011,33.0441],[35.7007,33.0438],[35.7002,33.0436],[35.6995,33.0432],[35.6991,33.0429],[35.6989,33.0428],[35.6983,33.0423],[35.6978,33.0417],[35.6972,33.0412],[35.6968,33.0407],[35.6966,33.0404],[35.6965,33.0403],[35.6961,33.04],[35.6955,33.0393],[35.6946,33.0385],[35.6942,33.0381],[35.6934,33.0374],[35.6933,33.0372],[35.6919,33.036],[35.6913,33.0356],[35.6902,33.035],[35.6889,33.0343],[35.6873,33.0336],[35.6867,33.0333],[35.6855,33.0329],[35.6849,33.0328],[35.6847,33.0326],[35.6843,33.0329],[35.684,33.0333],[35.6834,33.0344],[35.6831,33.0353],[35.6827,33.036],[35.6823,33.0368],[35.682,33.0378],[35.6818,33.0383],[35.6817,33.0388],[35.6815,33.0394],[35.6815,33.0399],[35.6814,33.0404],[35.6812,33.0412],[35.6811,33.0418],[35.681,33.0451],[35.6806,33.045],[35.6797,33.0451],[35.6739,33.045],[35.6731,33.0451],[35.6726,33.0454],[35.672,33.0455],[35.6716,33.0459],[35.6715,33.0462],[35.6712,33.0466],[35.6704,33.0475],[35.6699,33.0478],[35.6698,33.0481],[35.6695,33.0483],[35.6689,33.0484],[35.6683,33.0487],[35.6679,33.0488],[35.667,33.0489],[35.666,33.0491],[35.6655,33.0491],[35.6647,33.0494],[35.6639,33.0495],[35.6631,33.0497],[35.662,33.0498],[35.6612,33.0499],[35.6606,33.0501],[35.6601,33.0502],[35.6587,33.0508],[35.6585,33.0508],[35.6579,33.0511],[35.6575,33.0513],[35.657,33.0515],[35.6559,33.052],[35.6558,33.0523],[35.6557,33.0528],[35.6559,33.0535],[35.656,33.0541],[35.6561,33.0545],[35.6563,33.0559],[35.6567,33.0568],[35.6568,33.0573],[35.6571,33.0579],[35.6572,33.0586],[35.6574,33.0593],[35.6577,33.0603],[35.6579,33.0611],[35.6582,33.062],[35.6584,33.0633],[35.6587,33.064],[35.6588,33.0647],[35.6589,33.0652],[35.6589,33.066],[35.6591,33.067],[35.6592,33.0681],[35.6593,33.0686],[35.6592,33.0723],[35.6591,33.073],[35.6591,33.0739],[35.6589,33.0743],[35.6588,33.0749],[35.6585,33.0752],[35.6583,33.076],[35.6582,33.0766],[35.6578,33.0775],[35.6576,33.0779],[35.6575,33.0785],[35.6572,33.0791],[35.657,33.0796],[35.6567,33.08],[35.6563,33.0803],[35.6559,33.0808],[35.6556,33.0814],[35.6555,33.0818],[35.6552,33.0823],[35.6551,33.083],[35.655,33.0839],[35.6551,33.0846],[35.6553,33.0851],[35.6552,33.0875],[35.6549,33.0881],[35.6546,33.0885],[35.6545,33.0889],[35.6544,33.091],[35.6546,33.0915],[35.6548,33.092],[35.6549,33.0928],[35.655,33.0933],[35.655,33.0962],[35.6548,33.0966],[35.6544,33.0969],[35.6543,33.097],[35.6537,33.0975],[35.6537,33.0984],[35.654,33.0989],[35.6542,33.0996],[35.6542,33.1006],[35.654,33.101],[35.6539,33.1018],[35.6537,33.1024],[35.6536,33.1028],[35.6533,33.1032],[35.6531,33.1041],[35.653,33.1047],[35.653,33.1059],[35.6532,33.1066],[35.6533,33.1071],[35.6536,33.1076],[35.6538,33.1083],[35.6543,33.1092],[35.6549,33.11],[35.655,33.1106],[35.6556,33.1123],[35.6557,33.1127],[35.6558,33.1134],[35.656,33.1139],[35.6561,33.1144],[35.6563,33.1153],[35.6563,33.1159],[35.6564,33.1166],[35.6565,33.1174],[35.6566,33.1183],[35.6568,33.1188],[35.6569,33.1196],[35.657,33.1202],[35.6572,33.121],[35.6575,33.1215],[35.6577,33.1222],[35.6581,33.1229],[35.6584,33.1235],[35.6589,33.1241],[35.6595,33.1248],[35.6599,33.1255],[35.6603,33.1261],[35.6614,33.1269],[35.6619,33.1275],[35.6631,33.1279],[35.6656,33.128],[35.6663,33.1278],[35.6675,33.1273],[35.6683,33.127],[35.669,33.1267],[35.6702,33.1263],[35.6716,33.1259],[35.6728,33.1254],[35.6733,33.1254],[35.6747,33.125],[35.6756,33.1248],[35.6763,33.1245],[35.6775,33.1235],[35.6782,33.1226],[35.6789,33.1216],[35.6795,33.1209],[35.68,33.12],[35.6809,33.1192],[35.682,33.1185],[35.6829,33.1178],[35.6841,33.1176],[35.6845,33.1175],[35.6849,33.1175],[35.6865,33.1177],[35.6871,33.1181],[35.6874,33.1188],[35.6882,33.1204],[35.6883,33.121],[35.6883,33.1224],[35.6885,33.1231],[35.6886,33.1238],[35.6889,33.1244],[35.6893,33.1247],[35.6902,33.1247],[35.6909,33.1245],[35.6912,33.1243],[35.6916,33.1235],[35.6922,33.1224],[35.6925,33.1215],[35.6927,33.1218],[35.6936,33.1225],[35.6943,33.1232],[35.6952,33.1239],[35.6964,33.1248],[35.6978,33.1258],[35.6996,33.1269],[35.7017,33.1271],[35.704,33.1272],[35.7056,33.127],[35.7068,33.1261],[35.7071,33.1245],[35.7071,33.1242],[35.7072,33.1221],[35.707,33.1196],[35.7062,33.1171],[35.7058,33.1148],[35.7054,33.1129],[35.7044,33.1102],[35.7034,33.1083],[35.702,33.1067],[35.7006,33.1045],[35.6996,33.1034],[35.7019,33.099],[35.704,33.0948],[35.7057,33.0916],[35.7071,33.0897],[35.7089,33.087],[35.7118,33.0833],[35.7157,33.0783],[35.7204,33.0722],[35.7249,33.0663],[35.7267,33.0637],[35.7279,33.0625],[35.729,33.0611],[35.73,33.0596],[35.7315,33.0576],[35.7324,33.0558],[35.7323,33.0555],[35.7319,33.0549],[35.7316,33.0541],[35.7311,33.0532],[35.7305,33.0527],[35.7294,33.0523],[35.7282,33.0518],[35.7267,33.0514],[35.7252,33.0509],[35.7229,33.0499],[35.7201,33.0498],[35.7131,33.0497],[35.709,33.0555],[35.7028,33.0556]]]]}},{"type":"Feature","properties":{"name":"122 א","remarks":"073-3483007, matampatzan@gmail.com"},"geometry":{"type":"MultiPolygon","coordinates":[[[[35.7861,32.9918],[35.7873,32.9921],[35.7897,32.9893],[35.7917,32.9871],[35.7936,32.9847],[35.7976,32.9806],[35.7992,32.9789],[35.8005,32.9772],[35.8003,32.976],[35.7998,32.9743],[35.7993,32.9727],[35.7988,32.9709],[35.7985,32.9697],[35.7981,32.9686],[35.7978,32.9673],[35.7974,32.9656],[35.7969,32.9644],[35.7968,32.9635],[35.7964,32.962],[35.7957,32.9605],[35.7948,32.9593],[35.7942,32.9585],[35.7934,32.9586],[35.7927,32.9589],[35.7919,32.9591],[35.7915,32.9593],[35.7908,32.9596],[35.7904,32.9598],[35.7902,32.9599],[35.7898,32.9589],[35.7893,32.9572],[35.7892,32.9565],[35.7892,32.956],[35.7889,32.9556],[35.7889,32.9551],[35.7888,32.9545],[35.7885,32.9539],[35.788,32.9519],[35.7878,32.9511],[35.7876,32.9507],[35.7876,32.9495],[35.7877,32.9494],[35.7879,32.9488],[35.7879,32.9481],[35.788,32.9473],[35.7881,32.9468],[35.7884,32.9462],[35.7886,32.945],[35.7889,32.9445],[35.789,32.9438],[35.7894,32.9424],[35.7898,32.9412],[35.7899,32.9407],[35.7899,32.9403],[35.7901,32.9387],[35.7901,32.9383],[35.7894,32.9381],[35.7889,32.938],[35.7884,32.938],[35.7881,32.9379],[35.7874,32.9376],[35.787,32.9376],[35.7862,32.9374],[35.7861,32.9371],[35.7858,32.9368],[35.7855,32.9366],[35.7853,32.9361],[35.785,32.9359],[35.7847,32.9355],[35.7843,32.9351],[35.7842,32.9349],[35.7838,32.9347],[35.7836,32.9346],[35.7835,32.9343],[35.7828,32.9338],[35.7826,32.9337],[35.7823,32.9335],[35.7821,32.9335],[35.7817,32.9333],[35.7815,32.9331],[35.7811,32.9331],[35.7803,32.9328],[35.7797,32.9327],[35.7792,32.9325],[35.7788,32.9324],[35.7784,32.9324],[35.7776,32.9321],[35.7769,32.9319],[35.7761,32.9316],[35.7753,32.9314],[35.775,32.9313],[35.7744,32.9309],[35.7738,32.9309],[35.7729,32.9307],[35.7722,32.9306],[35.7715,32.9305],[35.7708,32.9304],[35.7696,32.9301],[35.7688,32.93],[35.7684,32.93],[35.7678,32.9298],[35.7672,32.9298],[35.7665,32.9297],[35.7635,32.9297],[35.7616,32.9292],[35.7615,32.9292],[35.7596,32.9355],[35.7577,32.9429],[35.7561,32.9489],[35.7539,32.9557],[35.7525,32.9611],[35.7516,32.964],[35.7517,32.9706],[35.7515,32.9757],[35.7515,32.9815],[35.7515,32.9858],[35.7535,32.986],[35.755,32.9862],[35.7557,32.9862],[35.7565,32.9863],[35.758,32.9868],[35.7596,32.9873],[35.7607,32.9876],[35.7621,32.9882],[35.7637,32.988],[35.7649,32.9876],[35.7688,32.9882],[35.771,32.9886],[35.7732,32.9891],[35.7762,32.9897],[35.779,32.9902],[35.7817,32.9909],[35.7846,32.9914],[35.7861,32.9918]]]]}},{"type":"Feature","properties":{"name":"מטווח 82 ושטח","remarks":"02-5305042, pakmaz64@gmail.com"},"geometry":{"type":"MultiPolygon","coordinates":[[[[34.6904,31.9157],[34.6917,31.9154],[34.6918,31.9158],[34.692,31.9164],[34.6922,31.9164],[34.6923,31.9162],[34.6927,31.9162],[34.6935,31.9175],[34.6936,31.9175],[34.696,31.9187],[34.6962,31.919],[34.6966,31.9195],[34.6974,31.9203],[34.6982,31.9211],[34.6987,31.9218],[34.6993,31.9228],[34.6997,31.9233],[34.7003,31.924],[34.7007,31.9244],[34.7012,31.9249],[34.7014,31.9252],[34.7016,31.9256],[34.7019,31.9261],[34.7022,31.9265],[34.7027,31.9269],[34.703,31.927],[34.7034,31.9272],[34.7037,31.9276],[34.7042,31.9282],[34.7047,31.9287],[34.7052,31.9291],[34.7057,31.9296],[34.706,31.9298],[34.7062,31.9299],[34.7065,31.9302],[34.707,31.9305],[34.7071,31.9306],[34.7072,31.9308],[34.7072,31.9308],[34.7069,31.9308],[34.7068,31.931],[34.707,31.931],[34.7073,31.9311],[34.7077,31.9314],[34.7079,31.9319],[34.7106,31.932],[34.7109,31.932],[34.7111,31.9316],[34.711,31.9312],[34.7126,31.9315],[34.7126,31.9317],[34.7134,31.9318],[34.7139,31.9318],[34.7144,31.9319],[34.7146,31.9321],[34.7149,31.9326],[34.715,31.9328],[34.7153,31.9328],[34.7156,31.9327],[34.7169,31.9327],[34.717,31.9325],[34.7179,31.9326],[34.718,31.9324],[34.7189,31.9325],[34.719,31.933],[34.7194,31.933],[34.7199,31.9328],[34.7205,31.9326],[34.7209,31.9324],[34.7215,31.9322],[34.7218,31.9321],[34.7221,31.9322],[34.7222,31.9325],[34.7249,31.9327],[34.7256,31.933],[34.7268,31.9326],[34.727,31.9327],[34.7273,31.9327],[34.7283,31.934],[34.7287,31.934],[34.729,31.9338],[34.7293,31.9337],[34.7295,31.9337],[34.7298,31.9334],[34.73,31.9332],[34.7302,31.9332],[34.7306,31.9331],[34.7311,31.9331],[34.7316,31.9332],[34.7322,31.9335],[34.7324,31.9336],[34.7329,31.9336],[34.7333,31.9335],[34.7337,31.9334],[34.7342,31.9332],[34.7345,31.933],[34.7346,31.9327],[34.7346,31.9324],[34.7348,31.9319],[34.735,31.9314],[34.7352,31.931],[34.7354,31.9307],[34.7359,31.9304],[34.7363,31.9302],[34.7367,31.93],[34.737,31.93],[34.7374,31.9301],[34.7378,31.9295],[34.739,31.9295],[34.7395,31.9295],[34.7398,31.9296],[34.7401,31.9297],[34.7402,31.9291],[34.7406,31.9289],[34.7404,31.9286],[34.7404,31.9283],[34.7403,31.9281],[34.7403,31.9275],[34.7402,31.9268],[34.7401,31.9261],[34.74,31.9251],[34.7378,31.9089],[34.7374,31.9071],[34.7368,31.9054],[34.7338,31.8987],[34.7312,31.8939],[34.7301,31.8917],[34.7285,31.8885],[34.7281,31.8876],[34.7275,31.8867],[34.726,31.8847],[34.7238,31.8813],[34.7223,31.8792],[34.7219,31.8786],[34.7206,31.8766],[34.7184,31.8735],[34.718,31.8733],[34.7174,31.8731],[34.7166,31.8729],[34.716,31.8727],[34.7152,31.8726],[34.7142,31.8722],[34.7135,31.872],[34.7125,31.8717],[34.7117,31.8715],[34.7113,31.8714],[34.7109,31.8714],[34.7107,31.8713],[34.7107,31.8712],[34.7099,31.8712],[34.7091,31.8712],[34.7085,31.8713],[34.7078,31.8713],[34.7073,31.8713],[34.7065,31.8714],[34.7058,31.8714],[34.7048,31.8716],[34.7041,31.8717],[34.7033,31.8718],[34.7018,31.8717],[34.7009,31.8717],[34.7001,31.8718],[34.6993,31.8719],[34.6953,31.8653],[34.6753,31.8477],[34.6729,31.8476],[34.6598,31.8521],[34.6904,31.9157]]]]}},{"type":"Feature","properties":{"name":"121 ב","remarks":"073-3483007, matampatzan@gmail.com"},"geometry":{"type":"MultiPolygon","coordinates":[[[[35.7616,33.019],[35.7643,33.0159],[35.7698,33.0099],[35.7722,33.0074],[35.774,33.0055],[35.7762,33.0032],[35.7783,33.001],[35.7803,32.9989],[35.7827,32.9965],[35.7845,32.9946],[35.7857,32.9933],[35.7863,32.9928],[35.7747,32.9905],[35.7649,32.9885],[35.7639,32.9887],[35.7629,32.989],[35.7621,32.9891],[35.7618,32.989],[35.7609,32.9889],[35.7602,32.9885],[35.7589,32.9882],[35.7579,32.988],[35.7569,32.9877],[35.7559,32.9875],[35.7548,32.9873],[35.7527,32.987],[35.7478,32.9866],[35.7352,32.9856],[35.7343,32.9854],[35.7337,32.9852],[35.7323,32.9847],[35.7262,32.9827],[35.7254,32.9829],[35.7243,32.9833],[35.7235,32.9838],[35.7227,32.9847],[35.7219,32.9855],[35.7206,32.9862],[35.7196,32.9865],[35.7187,32.9868],[35.7173,32.987],[35.7173,32.9875],[35.7169,32.9879],[35.7165,32.9881],[35.7161,32.9885],[35.7155,32.9887],[35.7158,32.9891],[35.716,32.9894],[35.7163,32.9899],[35.7163,32.991],[35.7163,32.9929],[35.716,32.9935],[35.7157,32.9944],[35.7145,32.9954],[35.7136,32.9962],[35.7129,32.9966],[35.7124,32.9969],[35.7122,32.9976],[35.7118,32.9977],[35.711,32.9977],[35.7106,32.9975],[35.7102,32.9973],[35.7099,32.997],[35.7098,32.9966],[35.7097,32.9965],[35.7095,32.9962],[35.7092,32.9961],[35.7088,32.9962],[35.7084,32.9963],[35.7082,32.9963],[35.7081,32.9961],[35.7078,32.9959],[35.7071,32.9953],[35.7069,32.9953],[35.7064,32.9958],[35.7062,32.9958],[35.7054,32.9963],[35.7049,32.9963],[35.7043,32.9958],[35.7039,32.9954],[35.7038,32.9952],[35.704,32.995],[35.704,32.9947],[35.7037,32.9945],[35.7036,32.9944],[35.7034,32.9942],[35.7032,32.994],[35.703,32.9939],[35.7023,32.9939],[35.7019,32.9941],[35.7015,32.9945],[35.7,32.9945],[35.6997,32.9944],[35.6991,32.9939],[35.6979,32.9947],[35.6955,32.9966],[35.6949,32.9971],[35.6925,32.9997],[35.6905,33.0018],[35.6895,33.0033],[35.689,33.0034],[35.6884,33.0036],[35.688,33.0038],[35.6877,33.004],[35.6872,33.0041],[35.6866,33.0042],[35.686,33.0042],[35.6851,33.0042],[35.685,33.0042],[35.6849,33.0042],[35.6841,33.0087],[35.6874,33.0109],[35.6908,33.0136],[35.6964,33.0179],[35.6997,33.0166],[35.7066,33.0187],[35.708,33.0212],[35.7077,33.0282],[35.7101,33.0287],[35.7113,33.029],[35.7121,33.0294],[35.7128,33.0297],[35.7132,33.03],[35.7136,33.0304],[35.7148,33.0315],[35.7156,33.0324],[35.716,33.033],[35.7168,33.0337],[35.7191,33.036],[35.7228,33.0397],[35.7263,33.0409],[35.7261,33.0437],[35.7227,33.0447],[35.7228,33.0481],[35.7366,33.0486],[35.7385,33.0494],[35.7409,33.0459],[35.7433,33.0429],[35.7456,33.0396],[35.7479,33.0365],[35.7502,33.0335],[35.753,33.0299],[35.755,33.027],[35.7571,33.0242],[35.7591,33.0219],[35.7616,33.019]]]]}},{"type":"Feature","properties":{"name":"122 ב","remarks":"073-3483007, matampatzan@gmail.com"},"geometry":{"type":"MultiPolygon","coordinates":[[[[35.7838,32.9339],[35.7848,32.9344],[35.7858,32.9348],[35.7876,32.9358],[35.7881,32.9361],[35.7885,32.9364],[35.7888,32.9366],[35.7888,32.9362],[35.789,32.9359],[35.7894,32.9356],[35.7897,32.9352],[35.79,32.9351],[35.7901,32.9347],[35.7903,32.9345],[35.7903,32.9337],[35.7901,32.9333],[35.7901,32.9313],[35.7899,32.931],[35.7899,32.9305],[35.7896,32.9301],[35.7896,32.93],[35.7893,32.9295],[35.7893,32.9282],[35.7895,32.928],[35.7897,32.9277],[35.79,32.9276],[35.7905,32.9275],[35.7917,32.9277],[35.7921,32.9278],[35.7929,32.9281],[35.7944,32.9287],[35.795,32.9288],[35.7957,32.9289],[35.7979,32.9296],[35.7988,32.9298],[35.8,32.9302],[35.8008,32.9304],[35.8014,32.9305],[35.8021,32.9306],[35.8031,32.9306],[35.8036,32.9304],[35.8037,32.9301],[35.8043,32.9298],[35.8046,32.9295],[35.8047,32.9292],[35.805,32.9289],[35.8053,32.9285],[35.8055,32.9283],[35.8062,32.9272],[35.8063,32.9268],[35.8066,32.9263],[35.8071,32.9259],[35.8072,32.9255],[35.8078,32.9252],[35.8084,32.9251],[35.8109,32.9251],[35.8112,32.925],[35.8118,32.925],[35.8121,32.9247],[35.8125,32.9242],[35.8127,32.9237],[35.813,32.9233],[35.8133,32.9229],[35.8132,32.922],[35.8134,32.9217],[35.8134,32.9206],[35.8135,32.9201],[35.8135,32.9189],[35.8136,32.9186],[35.8138,32.9178],[35.8137,32.9161],[35.8139,32.9157],[35.8139,32.9151],[35.814,32.9146],[35.814,32.9133],[35.8141,32.9126],[35.8141,32.912],[35.8096,32.9096],[35.7995,32.9047],[35.7925,32.9011],[35.7823,32.896],[35.7799,32.8949],[35.7698,32.9139],[35.7618,32.9285],[35.7655,32.9285],[35.7661,32.9286],[35.7682,32.9286],[35.7692,32.9288],[35.77,32.9291],[35.7709,32.9294],[35.7721,32.9299],[35.7723,32.9299],[35.7724,32.9299],[35.7726,32.9299],[35.773,32.9301],[35.7741,32.9303],[35.7753,32.9306],[35.7763,32.9309],[35.777,32.9312],[35.7776,32.9314],[35.7784,32.9317],[35.779,32.9318],[35.7797,32.9322],[35.7805,32.9324],[35.7814,32.9328],[35.782,32.933],[35.7827,32.9334],[35.7838,32.9339]]]]}},{"type":"Feature","properties":{"name":"133","remarks":"073-3483007, matampatzan@gmail.com"},"geometry":{"type":"MultiPolygon","coordinates":[[[[35.8615,32.9345],[35.8622,32.9343],[35.8624,32.9339],[35.8632,32.9335],[35.8635,32.933],[35.8642,32.9327],[35.8649,32.9321],[35.8665,32.931],[35.8684,32.9297],[35.8703,32.9281],[35.8714,32.9275],[35.8701,32.9264],[35.867,32.9238],[35.8655,32.923],[35.8638,32.9218],[35.8631,32.9225],[35.8616,32.9236],[35.8603,32.9252],[35.8588,32.9262],[35.8578,32.9273],[35.8568,32.928],[35.856,32.9289],[35.8552,32.9294],[35.8547,32.9299],[35.8541,32.9303],[35.8548,32.9306],[35.8559,32.9312],[35.8568,32.9316],[35.858,32.9322],[35.8593,32.9329],[35.86,32.9335],[35.8615,32.9345]]]]}},{"type":"Feature","properties":{"name":"104","remarks":"073-3483007, matampatzan@gmail.com"},"geometry":{"type":"MultiPolygon","coordinates":[[[[35.0554,32.6463],[35.0553,32.646],[35.0553,32.6456],[35.056,32.6456],[35.056,32.6449],[35.0562,32.6443],[35.0587,32.6409],[35.06,32.6396],[35.0578,32.6385],[35.0564,32.6389],[35.0565,32.6385],[35.0552,32.6384],[35.0545,32.6383],[35.0539,32.6383],[35.0542,32.6373],[35.0545,32.6368],[35.0546,32.6364],[35.0527,32.6343],[35.0491,32.6327],[35.0488,32.6324],[35.0471,32.6317],[35.0459,32.6307],[35.0445,32.6305],[35.0417,32.6295],[35.0375,32.6293],[35.037,32.6295],[35.0347,32.6292],[35.0331,32.629],[35.0331,32.6288],[35.0333,32.6272],[35.0332,32.6263],[35.0336,32.6255],[35.0338,32.6244],[35.0345,32.6238],[35.0343,32.6237],[35.0344,32.6235],[35.0325,32.6231],[35.0328,32.6185],[35.032,32.6188],[35.0309,32.6192],[35.0305,32.6197],[35.0297,32.6201],[35.0287,32.6204],[35.0279,32.623],[35.024,32.6211],[35.0214,32.6209],[35.0213,32.6213],[35.0164,32.6216],[35.0128,32.6216],[35.0121,32.6215],[35.0118,32.6213],[35.0114,32.6214],[35.0111,32.6217],[35.0108,32.6226],[35.0105,32.6235],[35.0103,32.6241],[35.0098,32.6246],[35.0095,32.625],[35.0087,32.6258],[35.0055,32.6267],[35.0049,32.6268],[34.9983,32.6285],[34.9977,32.6286],[34.9954,32.6283],[34.9951,32.628],[34.9929,32.6278],[34.9907,32.6291],[34.9914,32.6292],[34.9914,32.63],[34.9913,32.6307],[34.9906,32.6312],[34.9901,32.6317],[34.9898,32.6321],[34.989,32.6326],[34.9884,32.6328],[34.9874,32.633],[34.987,32.6339],[34.9866,32.6339],[34.9867,32.6346],[34.9877,32.6363],[34.9883,32.6366],[34.9879,32.637],[34.9882,32.6372],[34.9881,32.6379],[34.9879,32.6383],[34.9894,32.6388],[34.9893,32.6385],[34.9899,32.6385],[34.9904,32.6375],[34.9914,32.637],[34.992,32.6377],[34.9927,32.6379],[34.9931,32.6378],[34.9933,32.6375],[34.9941,32.6373],[34.9945,32.6377],[34.9942,32.6383],[34.9943,32.6388],[34.9951,32.639],[34.9943,32.6401],[34.9938,32.64],[34.9943,32.6405],[34.9945,32.6423],[34.9952,32.6428],[34.9952,32.6434],[34.9941,32.6434],[34.9932,32.6433],[34.993,32.6436],[34.9935,32.6443],[34.9934,32.6446],[34.9948,32.6454],[34.9947,32.646],[34.9954,32.6464],[34.9969,32.647],[34.9975,32.6472],[34.9983,32.6475],[34.9989,32.6478],[34.9989,32.648],[34.9992,32.6481],[34.9997,32.6485],[35.0007,32.6482],[35.0011,32.6482],[35.0016,32.6488],[35.0024,32.6479],[35.0031,32.6472],[35.0034,32.647],[35.0041,32.6461],[35.0045,32.6456],[35.0048,32.6448],[35.0051,32.6437],[35.0044,32.6424],[35.0045,32.6414],[35.0043,32.6411],[35.005,32.6391],[35.0035,32.6391],[35.0034,32.6387],[35.0039,32.6381],[35.0033,32.6372],[35.003,32.6371],[35.0027,32.6374],[35.0024,32.6378],[35.0018,32.6383],[35.0012,32.6385],[35.0006,32.6382],[35.0,32.6383],[34.9984,32.6383],[34.9978,32.6385],[34.9975,32.6384],[34.9965,32.6391],[34.9963,32.639],[34.997,32.6383],[34.9978,32.6374],[34.9977,32.6367],[34.9979,32.6367],[34.9981,32.6371],[34.9987,32.6369],[34.9986,32.6368],[34.9993,32.6363],[34.9983,32.6361],[34.9979,32.6356],[34.9998,32.6349],[34.999,32.6338],[35.0003,32.6324],[35.0033,32.6314],[35.0038,32.6312],[35.0037,32.6321],[35.0041,32.6331],[35.004,32.6333],[35.0044,32.634],[35.0052,32.6335],[35.0059,32.6329],[35.0063,32.6322],[35.0076,32.6321],[35.0086,32.6315],[35.0091,32.6315],[35.0093,32.6314],[35.0103,32.6323],[35.0105,32.6341],[35.0111,32.6355],[35.0109,32.637],[35.011,32.638],[35.0121,32.6384],[35.0121,32.6387],[35.0123,32.6394],[35.011,32.6397],[35.0107,32.6398],[35.011,32.6403],[35.0104,32.6405],[35.0105,32.6415],[35.0112,32.6415],[35.0112,32.6432],[35.011,32.6439],[35.0108,32.6442],[35.0109,32.6449],[35.0106,32.6452],[35.0108,32.6457],[35.0111,32.6457],[35.0115,32.6465],[35.0119,32.6481],[35.0122,32.6493],[35.0148,32.6487],[35.0153,32.6486],[35.0166,32.6487],[35.0168,32.6487],[35.0172,32.6485],[35.0183,32.6483],[35.0192,32.6485],[35.0196,32.6485],[35.0212,32.6478],[35.0233,32.6491],[35.0243,32.6504],[35.0242,32.6508],[35.0248,32.6512],[35.0257,32.6509],[35.026,32.6505],[35.0264,32.6505],[35.0268,32.6515],[35.0274,32.6517],[35.0275,32.6518],[35.0284,32.6515],[35.0289,32.6514],[35.0297,32.6518],[35.0301,32.6524],[35.0303,32.6516],[35.0304,32.6513],[35.0297,32.6508],[35.0302,32.6497],[35.0314,32.6497],[35.0324,32.6481],[35.0327,32.6467],[35.0351,32.6478],[35.0361,32.6481],[35.0376,32.6471],[35.04,32.6471],[35.0403,32.6465],[35.0403,32.6463],[35.0411,32.6454],[35.0416,32.6455],[35.0423,32.6454],[35.0431,32.6458],[35.0449,32.6457],[35.0456,32.6461],[35.0461,32.6463],[35.0464,32.6465],[35.0468,32.647],[35.0506,32.646],[35.0521,32.6465],[35.0554,32.6463]]]]}},{"type":"Feature","properties":{"name":"326","remarks":"pkdarom@gmail.com , 08-99029268"},"geometry":{"type":"MultiPolygon","coordinates":[[[[35.028,29.987],[35.026,29.9875],[35.02,29.9902],[35.0189,29.9908],[35.0123,29.994],[35.009,29.9961],[35.0044,29.9993],[35.0012,30.0014],[34.9932,30.0071],[34.9861,30.0122],[34.9782,30.0123],[34.9778,30.0135],[34.9774,30.0167],[34.9776,30.0177],[34.9781,30.0185],[34.9777,30.02],[34.978,30.0209],[34.9821,30.0265],[34.9855,30.0305],[34.9957,30.0307],[35.0212,30.0303],[35.0249,30.0291],[35.0278,30.0283],[35.0412,30.0173],[35.0443,30.0144],[35.0417,30.0109],[35.0412,30.0056],[35.0405,30.0005],[35.0389,29.998],[35.0384,29.9974],[35.0369,29.9958],[35.0391,29.9925],[35.0376,29.9923],[35.0371,29.9921],[35.0327,29.9909],[35.0322,29.9905],[35.0313,29.9891],[35.0306,29.9883],[35.029,29.9864],[35.028,29.987]]]]}},{"type":"Feature","properties":{"name":"123 ג","remarks":"073-3483007, matampatzan@gmail.com"},"geometry":{"type":"MultiPolygon","coordinates":[[[[35.7331,33.1887],[35.7261,33.1887],[35.726,33.1887],[35.7253,33.1888],[35.7138,33.1887],[35.7126,33.1886],[35.7114,33.1886],[35.71,33.1886],[35.7089,33.1886],[35.7069,33.1886],[35.7064,33.1886],[35.7053,33.1886],[35.7034,33.1886],[35.7022,33.1886],[35.7001,33.1885],[35.6993,33.1886],[35.6973,33.1886],[35.6972,33.1886],[35.6966,33.1887],[35.6931,33.1887],[35.6931,33.1895],[35.6931,33.192],[35.6932,33.1922],[35.6932,33.1948],[35.6935,33.1957],[35.6935,33.1964],[35.6936,33.1968],[35.6936,33.198],[35.6938,33.1985],[35.6938,33.1988],[35.6939,33.1991],[35.6939,33.1995],[35.6941,33.1999],[35.6941,33.2002],[35.6942,33.2003],[35.6942,33.2012],[35.6943,33.2017],[35.6943,33.2026],[35.6945,33.2032],[35.6946,33.2041],[35.6946,33.2055],[35.6949,33.2061],[35.6951,33.2067],[35.6954,33.2072],[35.6955,33.2075],[35.6955,33.2079],[35.6957,33.2082],[35.6957,33.2125],[35.696,33.2139],[35.696,33.2154],[35.6961,33.2158],[35.6964,33.2162],[35.6964,33.2165],[35.6966,33.2174],[35.6968,33.2181],[35.697,33.2185],[35.6974,33.2188],[35.6976,33.219],[35.698,33.2191],[35.6983,33.2195],[35.6987,33.2197],[35.6989,33.2198],[35.6992,33.22],[35.6995,33.2201],[35.6996,33.2201],[35.6999,33.2205],[35.6999,33.2206],[35.7,33.2208],[35.7,33.2213],[35.6997,33.2217],[35.6995,33.2219],[35.6992,33.2219],[35.6989,33.2221],[35.6981,33.2221],[35.6977,33.2222],[35.6974,33.2222],[35.697,33.2223],[35.6968,33.2223],[35.6964,33.2224],[35.6964,33.2236],[35.6965,33.2239],[35.6965,33.225],[35.6972,33.2256],[35.6991,33.2263],[35.7008,33.2269],[35.7034,33.2279],[35.7053,33.2286],[35.7069,33.229],[35.7077,33.2294],[35.7082,33.2295],[35.7088,33.2299],[35.7091,33.2297],[35.7095,33.229],[35.7096,33.2287],[35.7096,33.2268],[35.7095,33.2265],[35.7095,33.2264],[35.7095,33.2261],[35.7096,33.2259],[35.7096,33.2254],[35.7097,33.2253],[35.7097,33.2251],[35.7099,33.225],[35.7099,33.2244],[35.7098,33.2241],[35.7103,33.224],[35.7105,33.2242],[35.7107,33.224],[35.7115,33.224],[35.7116,33.2242],[35.7121,33.2244],[35.7123,33.2244],[35.7124,33.2245],[35.7126,33.2245],[35.7127,33.2247],[35.7128,33.2248],[35.7128,33.2249],[35.7131,33.2252],[35.7134,33.2253],[35.7144,33.2253],[35.7147,33.2255],[35.715,33.2255],[35.715,33.2256],[35.7152,33.2257],[35.7155,33.2259],[35.7155,33.2262],[35.7157,33.2263],[35.7157,33.2264],[35.7159,33.2266],[35.7159,33.2269],[35.7161,33.2271],[35.7161,33.2272],[35.7162,33.2273],[35.7162,33.2274],[35.7165,33.2276],[35.7167,33.2277],[35.7171,33.2279],[35.7179,33.2279],[35.7181,33.228],[35.7186,33.228],[35.7188,33.2281],[35.719,33.2281],[35.7193,33.2283],[35.7196,33.2284],[35.7197,33.2286],[35.7201,33.2291],[35.7205,33.2282],[35.7206,33.2275],[35.7215,33.2274],[35.7233,33.2263],[35.7243,33.2258],[35.7244,33.2257],[35.7248,33.2257],[35.7251,33.2256],[35.7252,33.2255],[35.7256,33.2252],[35.7262,33.225],[35.7263,33.2249],[35.7267,33.2248],[35.727,33.2247],[35.7272,33.2244],[35.7275,33.2244],[35.7277,33.2243],[35.7279,33.2242],[35.7281,33.2242],[35.7282,33.2241],[35.7285,33.224],[35.7286,33.2239],[35.7294,33.2235],[35.7298,33.2234],[35.7301,33.2234],[35.7303,33.2232],[35.7308,33.2231],[35.7313,33.2231],[35.7317,33.2228],[35.7321,33.2227],[35.7326,33.2225],[35.7332,33.2225],[35.7334,33.2224],[35.7337,33.2224],[35.734,33.2223],[35.7341,33.2223],[35.7343,33.2222],[35.7352,33.2222],[35.7356,33.222],[35.736,33.222],[35.7361,33.2219],[35.7371,33.2219],[35.7371,33.2206],[35.7372,33.2197],[35.7372,33.2133],[35.7371,33.2111],[35.7367,33.2065],[35.7367,33.2053],[35.7365,33.2043],[35.7363,33.203],[35.7363,33.2022],[35.736,33.2018],[35.736,33.2017],[35.7358,33.2015],[35.7358,33.2007],[35.7357,33.2006],[35.7357,33.2004],[35.7356,33.2003],[35.7354,33.2],[35.7352,33.1998],[35.735,33.1996],[35.735,33.1994],[35.7349,33.1991],[35.7349,33.1986],[35.7348,33.1984],[35.7348,33.1976],[35.7346,33.1975],[35.7346,33.1887],[35.7331,33.1887]]]]}},{"type":"Feature","properties":{"name":"100","remarks":"073-3483007, matampatzan@gmail.com"},"geometry":{"type":"MultiPolygon","coordinates":[[[[35.5495,33.0194],[35.549,33.0186],[35.5487,33.0175],[35.5486,33.0162],[35.5477,33.0158],[35.5483,33.0141],[35.5484,33.0096],[35.5486,33.0087],[35.5482,33.0087],[35.5477,33.0088],[35.5473,33.0094],[35.5466,33.0095],[35.5463,33.01],[35.5465,33.0105],[35.5462,33.011],[35.5456,33.0113],[35.5442,33.0128],[35.5435,33.0128],[35.5315,33.0127],[35.5309,33.0126],[35.5288,33.0129],[35.5259,33.0124],[35.5249,33.0139],[35.5242,33.0136],[35.5239,33.0134],[35.5226,33.0128],[35.5219,33.0123],[35.5214,33.0111],[35.517,33.0097],[35.5137,33.0112],[35.5137,33.012],[35.5136,33.0124],[35.5135,33.013],[35.5134,33.0132],[35.5129,33.0136],[35.5123,33.0138],[35.5121,33.0141],[35.512,33.0146],[35.5118,33.0151],[35.5119,33.0155],[35.5115,33.0162],[35.5107,33.0165],[35.5104,33.0165],[35.51,33.0167],[35.5099,33.0172],[35.5097,33.018],[35.5093,33.0186],[35.5093,33.0193],[35.5092,33.02],[35.5091,33.0209],[35.5092,33.0249],[35.5095,33.0254],[35.5095,33.0259],[35.51,33.0265],[35.5101,33.027],[35.5115,33.0283],[35.5129,33.0292],[35.514,33.0301],[35.514,33.0318],[35.5138,33.0321],[35.5135,33.0327],[35.513,33.0332],[35.5129,33.0336],[35.5129,33.0346],[35.5133,33.0353],[35.5139,33.0358],[35.5147,33.0363],[35.5153,33.0367],[35.5159,33.0375],[35.5164,33.0378],[35.517,33.0383],[35.5176,33.0386],[35.5179,33.0389],[35.5179,33.0385],[35.5217,33.0415],[35.52,33.0424],[35.5203,33.0428],[35.5205,33.0432],[35.521,33.0437],[35.5212,33.0442],[35.522,33.0456],[35.5221,33.0457],[35.5223,33.0466],[35.5224,33.0474],[35.5225,33.0486],[35.5227,33.0489],[35.5229,33.0498],[35.523,33.0534],[35.5232,33.054],[35.5235,33.0544],[35.5236,33.0547],[35.5242,33.0552],[35.5247,33.0553],[35.5255,33.0555],[35.5258,33.0555],[35.5266,33.0556],[35.5273,33.0557],[35.5277,33.0557],[35.5283,33.0559],[35.5289,33.0562],[35.5297,33.0566],[35.5305,33.0568],[35.5308,33.0569],[35.5322,33.0569],[35.5329,33.0566],[35.5334,33.0561],[35.5341,33.0556],[35.535,33.0547],[35.5357,33.0538],[35.5367,33.0533],[35.5377,33.053],[35.5386,33.0528],[35.5397,33.0525],[35.5402,33.0525],[35.5409,33.0524],[35.5416,33.052],[35.5423,33.0515],[35.5423,33.0509],[35.5418,33.0502],[35.5413,33.0498],[35.5413,33.0485],[35.541,33.048],[35.541,33.0468],[35.5411,33.0463],[35.5413,33.0455],[35.5413,33.0451],[35.5418,33.0446],[35.5422,33.0442],[35.5423,33.0439],[35.5426,33.0434],[35.5426,33.0425],[35.5429,33.0417],[35.5431,33.0414],[35.5435,33.0408],[35.5459,33.0397],[35.5476,33.0392],[35.5483,33.039],[35.549,33.0384],[35.5489,33.0372],[35.5487,33.0365],[35.5483,33.0365],[35.5492,33.0354],[35.5493,33.035],[35.5496,33.0347],[35.5499,33.0346],[35.5511,33.0316],[35.5515,33.031],[35.5514,33.0302],[35.5507,33.0297],[35.5497,33.0289],[35.549,33.0276],[35.5488,33.0269],[35.5487,33.0265],[35.5488,33.0264],[35.5488,33.0262],[35.5526,33.022],[35.5526,33.0217],[35.5525,33.0214],[35.5525,33.0212],[35.5522,33.0207],[35.5522,33.0203],[35.5519,33.0197],[35.5495,33.0194]]]]}},{"type":"Feature","properties":{"name":"208","remarks":"02-5305042, pakmaz64@gmail.com"},"geometry":{"type":"MultiPolygon","coordinates":[[[[35.1001,31.8262],[35.0997,31.8253],[35.0982,31.8237],[35.0959,31.8249],[35.0946,31.8258],[35.0924,31.8268],[35.0908,31.8274],[35.0893,31.8275],[35.088,31.8275],[35.0851,31.8274],[35.0825,31.8272],[35.0805,31.8285],[35.0795,31.8292],[35.0777,31.8304],[35.0756,31.8309],[35.0742,31.8309],[35.073,31.8312],[35.0712,31.8318],[35.0706,31.8331],[35.0711,31.8347],[35.0714,31.8358],[35.0706,31.8374],[35.0696,31.8377],[35.0674,31.8371],[35.0657,31.8363],[35.0638,31.8355],[35.0621,31.8338],[35.0616,31.8317],[35.0616,31.83],[35.0621,31.8284],[35.0638,31.828],[35.0666,31.8282],[35.0683,31.8282],[35.0711,31.8274],[35.0738,31.826],[35.0763,31.8254],[35.0783,31.8251],[35.0795,31.8249],[35.0812,31.8236],[35.0834,31.8231],[35.0853,31.8232],[35.0875,31.8232],[35.0891,31.8231],[35.091,31.8224],[35.093,31.8215],[35.0948,31.8204],[35.0938,31.8195],[35.0927,31.8185],[35.0893,31.8187],[35.0872,31.8186],[35.0855,31.8182],[35.0849,31.818],[35.0463,31.8343],[35.0467,31.8353],[35.0471,31.8369],[35.0475,31.8384],[35.048,31.8402],[35.0483,31.8416],[35.049,31.8431],[35.05,31.8443],[35.0505,31.8454],[35.0511,31.8476],[35.0515,31.8495],[35.0519,31.8508],[35.1001,31.8262]]]]}},{"type":"Feature","properties":{"name":"1003","remarks":"pkdarom@gmail.com , 08-99029268"},"geometry":{"type":"MultiPolygon","coordinates":[[[[35.0061,30.2791],[35.0164,30.2889],[35.0164,30.2895],[35.0164,30.2896],[35.0161,30.2974],[35.0157,30.3014],[35.0154,30.3098],[35.0154,30.3105],[35.0175,30.3145],[35.018,30.3159],[35.018,30.316],[35.0231,30.3174],[35.0295,30.3205],[35.0303,30.3212],[35.0329,30.3251],[35.0355,30.3285],[35.0374,30.3302],[35.0422,30.3322],[35.0499,30.3349],[35.056,30.336],[35.061,30.3372],[35.0649,30.3379],[35.0697,30.3387],[35.0756,30.3398],[35.083,30.3409],[35.0916,30.3432],[35.1001,30.3452],[35.1173,30.3489],[35.1216,30.35],[35.1228,30.3504],[35.1239,30.3505],[35.1242,30.3506],[35.1267,30.351],[35.1325,30.3519],[35.1367,30.3524],[35.139,30.351],[35.1424,30.3468],[35.1432,30.3452],[35.1439,30.3443],[35.1436,30.3432],[35.1442,30.3422],[35.1446,30.341],[35.1445,30.339],[35.145,30.338],[35.1463,30.3365],[35.1477,30.3324],[35.1491,30.3283],[35.1498,30.3244],[35.1449,30.3183],[35.1402,30.3126],[35.1361,30.3081],[35.1342,30.309],[35.1333,30.307],[35.1327,30.3062],[35.1345,30.3052],[35.1334,30.3014],[35.1299,30.3014],[35.1263,30.301],[35.1254,30.3009],[35.1248,30.3008],[35.1209,30.2998],[35.1167,30.2983],[35.1095,30.2951],[35.1066,30.2939],[35.1034,30.2928],[35.0989,30.2918],[35.094,30.2915],[35.0883,30.2914],[35.0838,30.2912],[35.08,30.2907],[35.0767,30.2899],[35.0738,30.2882],[35.0713,30.2865],[35.0695,30.2854],[35.0685,30.2851],[35.068,30.2849],[35.0661,30.2841],[35.0617,30.2828],[35.0567,30.2815],[35.0523,30.2805],[35.0467,30.2798],[35.0441,30.2797],[35.0344,30.28],[35.0279,30.2803],[35.0256,30.2799],[35.0232,30.2792],[35.0202,30.2782],[35.0186,30.2784],[35.0154,30.2785],[35.0112,30.2786],[35.0076,30.2788],[35.0061,30.2791]]]]}},{"type":"Feature","properties":{"name":"108","remarks":"073-3483007, matampatzan@gmail.com"},"geometry":{"type":"MultiPolygon","coordinates":[[[[35.0137,32.6648],[35.0149,32.6649],[35.0167,32.6672],[35.017,32.6692],[35.0193,32.6717],[35.0204,32.6747],[35.0213,32.6757],[35.0223,32.6758],[35.0224,32.6763],[35.0224,32.6778],[35.0225,32.6782],[35.022,32.6785],[35.0218,32.6786],[35.0227,32.6792],[35.0225,32.6799],[35.0226,32.6804],[35.0226,32.6809],[35.0231,32.6815],[35.0237,32.6817],[35.0248,32.6818],[35.0252,32.6812],[35.0251,32.6811],[35.0256,32.6805],[35.026,32.6804],[35.027,32.6808],[35.0265,32.6803],[35.0265,32.6799],[35.0257,32.68],[35.0254,32.6781],[35.026,32.6779],[35.0266,32.6776],[35.0276,32.6794],[35.0358,32.6798],[35.0356,32.6802],[35.0363,32.6798],[35.0384,32.6775],[35.0382,32.677],[35.0386,32.6771],[35.0397,32.678],[35.0396,32.6782],[35.0404,32.6792],[35.0407,32.6794],[35.0414,32.6792],[35.0419,32.6791],[35.0427,32.6773],[35.0444,32.6774],[35.0453,32.6779],[35.0461,32.6788],[35.0482,32.6781],[35.0507,32.6782],[35.0513,32.6781],[35.0517,32.6774],[35.0559,32.6768],[35.056,32.676],[35.0558,32.6751],[35.0546,32.6734],[35.0545,32.673],[35.055,32.6718],[35.0559,32.6709],[35.056,32.6706],[35.0559,32.6695],[35.0558,32.6692],[35.0555,32.669],[35.0551,32.6686],[35.054,32.6674],[35.0539,32.6673],[35.0534,32.6669],[35.0532,32.6665],[35.0534,32.6661],[35.0541,32.6652],[35.0539,32.6647],[35.0538,32.6644],[35.0537,32.664],[35.0539,32.6635],[35.0542,32.6629],[35.0559,32.6615],[35.058,32.6592],[35.0578,32.6592],[35.0573,32.6591],[35.0577,32.6585],[35.0568,32.6583],[35.0568,32.6577],[35.0573,32.6577],[35.0574,32.6576],[35.058,32.6577],[35.0581,32.6573],[35.0583,32.6571],[35.0579,32.6567],[35.0578,32.6565],[35.0574,32.6562],[35.0578,32.6558],[35.0581,32.6555],[35.0574,32.6552],[35.0569,32.6555],[35.0567,32.6556],[35.0553,32.6545],[35.0541,32.6536],[35.0541,32.6534],[35.0542,32.6529],[35.0544,32.652],[35.0539,32.6512],[35.0542,32.6504],[35.0541,32.6493],[35.054,32.649],[35.0535,32.6485],[35.0537,32.6475],[35.0553,32.6464],[35.052,32.6465],[35.0504,32.6461],[35.0478,32.6468],[35.0467,32.647],[35.0463,32.6466],[35.0459,32.6464],[35.0454,32.6462],[35.0447,32.6457],[35.043,32.6459],[35.0421,32.6455],[35.0415,32.6456],[35.041,32.6455],[35.0401,32.6464],[35.0401,32.6466],[35.0398,32.6472],[35.0374,32.6472],[35.0359,32.6481],[35.0347,32.6477],[35.0326,32.6468],[35.0322,32.6481],[35.0312,32.6497],[35.03,32.6497],[35.0295,32.6509],[35.0301,32.6512],[35.0301,32.6517],[35.0299,32.6523],[35.0296,32.6519],[35.0289,32.6515],[35.0285,32.6515],[35.0272,32.6518],[35.0266,32.6516],[35.0262,32.6505],[35.0258,32.6505],[35.0255,32.6509],[35.0246,32.6512],[35.024,32.6508],[35.0242,32.6504],[35.0232,32.6492],[35.0211,32.6479],[35.0194,32.6486],[35.019,32.6486],[35.0181,32.6484],[35.017,32.6486],[35.0166,32.6488],[35.0165,32.6489],[35.016,32.6488],[35.0152,32.6486],[35.0146,32.6487],[35.0131,32.6491],[35.012,32.6493],[35.0122,32.6503],[35.013,32.6517],[35.0132,32.6531],[35.0132,32.6533],[35.0132,32.6539],[35.0133,32.6558],[35.0127,32.6562],[35.0122,32.6563],[35.0113,32.6576],[35.0109,32.6585],[35.0115,32.659],[35.0113,32.6593],[35.012,32.6595],[35.0126,32.6599],[35.0129,32.6599],[35.0138,32.6602],[35.0145,32.6608],[35.0146,32.6609],[35.0144,32.6609],[35.0136,32.6605],[35.0122,32.6601],[35.0114,32.6601],[35.0115,32.6622],[35.012,32.6625],[35.0118,32.6628],[35.0119,32.6631],[35.0125,32.6635],[35.0128,32.6644],[35.0131,32.6648],[35.0137,32.6648]]]]}},{"type":"Feature","properties":{"name":"211","remarks":"02-5305042, pakmaz64@gmail.com"},"geometry":{"type":"MultiPolygon","coordinates":[[[[34.8296,32.2603],[34.8297,32.2595],[34.8311,32.2593],[34.8311,32.2586],[34.8309,32.2583],[34.8309,32.258],[34.831,32.2574],[34.8309,32.2566],[34.8292,32.2571],[34.8292,32.2577],[34.8287,32.2576],[34.8286,32.2575],[34.8283,32.2574],[34.8276,32.2574],[34.8283,32.2594],[34.8287,32.2603],[34.8296,32.2603]]]]}},{"type":"Feature","properties":{"name":"קמ\"ג","remarks":"pkdarom@gmail.com , 08-99029268"},"geometry":{"type":"MultiPolygon","coordinates":[[[[35.0894,31.0562],[35.0897,31.0556],[35.0897,31.0548],[35.0901,31.0536],[35.0901,31.0521],[35.0901,31.0513],[35.0905,31.05],[35.0907,31.0483],[35.091,31.0463],[35.0916,31.0459],[35.0923,31.0456],[35.0933,31.0448],[35.0944,31.0446],[35.0953,31.0448],[35.0968,31.045],[35.0998,31.0455],[35.1035,31.0466],[35.1044,31.0469],[35.105,31.0474],[35.1058,31.0478],[35.1068,31.0481],[35.1075,31.0488],[35.108,31.0491],[35.1094,31.05],[35.11,31.0507],[35.1114,31.0519],[35.1131,31.0534],[35.1146,31.0542],[35.1168,31.0553],[35.1184,31.0557],[35.1198,31.0557],[35.1206,31.0572],[35.1211,31.0576],[35.1223,31.0582],[35.1232,31.0587],[35.1241,31.0589],[35.126,31.0595],[35.1269,31.06],[35.1346,31.0639],[35.1408,31.065],[35.1421,31.0654],[35.1458,31.0686],[35.1573,31.0598],[35.163,31.0585],[35.1696,31.0569],[35.1768,31.0552],[35.1761,31.0469],[35.1767,31.0446],[35.1798,31.0446],[35.1802,31.0453],[35.1932,31.0457],[35.1926,31.0445],[35.1916,31.0443],[35.1904,31.0419],[35.1769,31.0406],[35.1478,31.0387],[35.1439,31.0386],[35.1376,31.0383],[35.135,31.0382],[35.1192,31.0378],[35.1031,31.0375],[35.0912,31.0373],[35.0872,31.0382],[35.084,31.0372],[35.0797,31.0427],[35.0741,31.05],[35.0894,31.0562]]]]}},{"type":"Feature","properties":{"name":"בית קברות היהודי","remarks":"הגבלת תנועה לפלסטינים"},"geometry":{"type":"MultiPolygon","coordinates":[[[[35.0982,31.5247],[35.0983,31.525],[35.0983,31.525],[35.0984,31.525],[35.0985,31.5251],[35.0985,31.5252],[35.0986,31.5255],[35.0987,31.5256],[35.099,31.5256],[35.0993,31.5256],[35.0996,31.5255],[35.1,31.5255],[35.1005,31.5255],[35.1009,31.5255],[35.101,31.5255],[35.101,31.5255],[35.1007,31.5255],[35.1006,31.5254],[35.1006,31.5253],[35.1005,31.525],[35.1005,31.525],[35.1005,31.5248],[35.1005,31.5246],[35.1004,31.5246],[35.1002,31.5246],[35.1,31.5246],[35.0998,31.5246],[35.0997,31.5247],[35.0995,31.5247],[35.0992,31.5248],[35.0989,31.5247],[35.0987,31.5247],[35.0985,31.5247],[35.0983,31.5246],[35.0983,31.5247],[35.0986,31.5248],[35.0988,31.5248],[35.099,31.5248],[35.0993,31.5248],[35.0995,31.5248],[35.0999,31.5247],[35.1001,31.5247],[35.1004,31.5246],[35.1005,31.5248],[35.1004,31.525],[35.1005,31.5252],[35.1006,31.5254],[35.0998,31.5255],[35.0994,31.5255],[35.0989,31.5255],[35.0988,31.5255],[35.0987,31.5255],[35.0986,31.5255],[35.0986,31.5254],[35.0985,31.525],[35.0985,31.525],[35.0984,31.525],[35.0984,31.5249],[35.0983,31.5248],[35.0983,31.5248],[35.0983,31.5246],[35.0982,31.5246],[35.0982,31.5247]]],[[[35.0982,31.5246],[35.0982,31.5246],[35.0982,31.5246],[35.0982,31.5246]]],[[[35.0982,31.5246],[35.0982,31.5246],[35.0982,31.5246],[35.0982,31.5246]]]]}},{"type":"Feature","properties":{"name":"קמ\"ג","remarks":"pkdarom@gmail.com , 08-99029268"},"geometry":{"type":"MultiPolygon","coordinates":[[[[35.1304,30.933],[35.1274,30.9341],[35.1244,30.934],[35.1239,30.9356],[35.1211,30.9366],[35.1162,30.9383],[35.1138,30.9395],[35.1123,30.9403],[35.1103,30.9415],[35.1081,30.9427],[35.1056,30.9452],[35.1038,30.9476],[35.1019,30.95],[35.1,30.9526],[35.0886,30.951],[35.0877,30.9518],[35.0857,30.9518],[35.0526,30.9647],[35.057,30.9673],[35.0578,30.9691],[35.0574,30.9744],[35.059,30.9842],[35.0666,30.9916],[35.0712,30.9987],[35.0759,31.0061],[35.0779,31.0092],[35.081,31.0141],[35.0854,31.021],[35.089,31.0267],[35.092,31.028],[35.0935,31.0287],[35.0946,31.0291],[35.0944,31.0302],[35.0943,31.031],[35.0939,31.0344],[35.0937,31.0368],[35.1055,31.0371],[35.1161,31.0373],[35.1431,31.038],[35.1499,31.0382],[35.1538,31.0383],[35.1589,31.0385],[35.163,31.0389],[35.1656,31.0391],[35.1683,31.0394],[35.1731,31.0398],[35.1813,31.0406],[35.1841,31.0409],[35.1841,31.0409],[35.1902,31.0414],[35.1902,31.0408],[35.1906,31.0391],[35.1913,31.0379],[35.1914,31.0355],[35.1938,31.0336],[35.199,31.0299],[35.1975,31.0264],[35.1971,31.0255],[35.2,31.0255],[35.2006,31.0243],[35.1986,31.018],[35.1987,31.0172],[35.199,31.0158],[35.2,31.0148],[35.202,31.0135],[35.2048,31.0113],[35.2063,31.0095],[35.2087,31.0084],[35.2095,31.0078],[35.2084,31.0069],[35.2073,31.0063],[35.207,31.0052],[35.2052,31.0053],[35.2045,31.0023],[35.2035,31.0016],[35.2035,31.0005],[35.2061,30.9993],[35.2055,30.9973],[35.2033,30.995],[35.2023,30.994],[35.2003,30.992],[35.1982,30.99],[35.1961,30.988],[35.1949,30.9868],[35.1912,30.9836],[35.1895,30.9821],[35.1879,30.9808],[35.1867,30.9797],[35.1856,30.9788],[35.185,30.9783],[35.1742,30.9517],[35.1574,30.9518],[35.1495,30.9481],[35.1556,30.9463],[35.1582,30.9426],[35.158,30.9396],[35.1527,30.9354],[35.1477,30.935],[35.1426,30.9331],[35.1419,30.9347],[35.1399,30.935],[35.1388,30.9347],[35.1379,30.935],[35.1363,30.9357],[35.1343,30.9357],[35.1334,30.9351],[35.1327,30.9339],[35.1304,30.933]]]]}},{"type":"Feature","properties":{"name":"כביש 10","remarks":"pkdarom@gmail.com , 08-99029268"},"geometry":{"type":"MultiPolygon","coordinates":[[[[34.3631,30.9741],[34.36,30.9741],[34.3613,30.9711],[34.362,30.9697],[34.3624,30.969],[34.3628,30.9684],[34.3641,30.9669],[34.3662,30.9664],[34.3671,30.9637],[34.3674,30.963],[34.3681,30.9618],[34.3688,30.9607],[34.3689,30.9605],[34.3695,30.9599],[34.3705,30.9593],[34.3709,30.9591],[34.3711,30.959],[34.3711,30.9586],[34.3709,30.9579],[34.3705,30.9568],[34.37,30.9557],[34.37,30.9555],[34.37,30.9555],[34.37,30.9554],[34.37,30.9552],[34.3703,30.9542],[34.3707,30.9533],[34.371,30.9524],[34.3716,30.9509],[34.372,30.9498],[34.3724,30.9488],[34.3725,30.9484],[34.3726,30.9482],[34.3727,30.948],[34.3728,30.9478],[34.3729,30.9477],[34.3732,30.9472],[34.3734,30.947],[34.3742,30.946],[34.3745,30.9456],[34.3749,30.945],[34.3752,30.9445],[34.3753,30.9441],[34.3755,30.9437],[34.3756,30.9433],[34.3757,30.9431],[34.3757,30.9427],[34.3759,30.9419],[34.376,30.9413],[34.376,30.9408],[34.3762,30.9398],[34.3764,30.9389],[34.3765,30.9385],[34.3766,30.9379],[34.3768,30.9375],[34.377,30.9371],[34.3774,30.9363],[34.3777,30.9356],[34.3782,30.9347],[34.3787,30.9336],[34.3792,30.9327],[34.3797,30.9316],[34.3803,30.9304],[34.3807,30.9296],[34.3809,30.9291],[34.3811,30.9285],[34.3816,30.9273],[34.382,30.926],[34.3824,30.9246],[34.3828,30.9235],[34.3831,30.9225],[34.3834,30.9215],[34.3837,30.9205],[34.3838,30.9203],[34.3812,30.9191],[34.3815,30.9183],[34.3824,30.9157],[34.3829,30.9142],[34.3837,30.9122],[34.3857,30.9075],[34.3855,30.9075],[34.3857,30.9071],[34.3861,30.9059],[34.3865,30.905],[34.3869,30.9038],[34.3874,30.9027],[34.388,30.9011],[34.3882,30.9006],[34.3885,30.8999],[34.3887,30.8992],[34.3891,30.8983],[34.3894,30.8974],[34.3898,30.8964],[34.3902,30.8955],[34.3905,30.8946],[34.3909,30.8939],[34.3907,30.8938],[34.3906,30.8936],[34.3907,30.8931],[34.3912,30.8918],[34.3918,30.8901],[34.3923,30.889],[34.3927,30.8879],[34.3932,30.8867],[34.3937,30.8854],[34.394,30.8844],[34.3944,30.8833],[34.3947,30.8822],[34.3948,30.8822],[34.3952,30.881],[34.3957,30.8798],[34.3961,30.879],[34.3973,30.879],[34.3984,30.879],[34.3996,30.879],[34.3998,30.8787],[34.4002,30.8779],[34.4004,30.8777],[34.4005,30.8776],[34.4007,30.8773],[34.4012,30.8768],[34.4016,30.8762],[34.402,30.8754],[34.4022,30.8749],[34.4023,30.8745],[34.4023,30.8745],[34.4027,30.8737],[34.4032,30.873],[34.4035,30.8725],[34.4042,30.8723],[34.4052,30.8709],[34.4053,30.8707],[34.4053,30.8707],[34.4062,30.8693],[34.4062,30.8693],[34.4069,30.8683],[34.4071,30.8672],[34.4071,30.8668],[34.4072,30.8665],[34.4072,30.8659],[34.4076,30.8654],[34.4079,30.8648],[34.4081,30.8641],[34.4082,30.8635],[34.4083,30.8632],[34.4084,30.8625],[34.4085,30.8619],[34.4085,30.8609],[34.4085,30.8609],[34.4094,30.8586],[34.4097,30.8578],[34.409,30.8549],[34.4089,30.8545],[34.4107,30.8542],[34.4107,30.8541],[34.4111,30.8535],[34.4117,30.8525],[34.4124,30.8516],[34.413,30.8508],[34.4135,30.85],[34.414,30.8491],[34.4145,30.8484],[34.4154,30.8472],[34.4164,30.846],[34.4169,30.8454],[34.4173,30.845],[34.4177,30.8446],[34.418,30.8442],[34.4183,30.8439],[34.4185,30.8437],[34.4188,30.8435],[34.4189,30.8434],[34.4193,30.8432],[34.4196,30.8431],[34.4201,30.8429],[34.4209,30.8427],[34.422,30.8423],[34.4229,30.8416],[34.4234,30.8409],[34.4237,30.8404],[34.424,30.8396],[34.424,30.8387],[34.4239,30.8379],[34.4236,30.8372],[34.4233,30.8362],[34.4233,30.8361],[34.4232,30.836],[34.4233,30.8354],[34.4233,30.8345],[34.4233,30.8336],[34.4233,30.8327],[34.4232,30.8318],[34.4232,30.8312],[34.423,30.8307],[34.4229,30.8302],[34.4228,30.8299],[34.4228,30.8298],[34.4234,30.8296],[34.4244,30.8291],[34.4252,30.8282],[34.4255,30.8276],[34.4257,30.827],[34.426,30.8264],[34.4261,30.826],[34.4263,30.8255],[34.4264,30.8252],[34.4265,30.8248],[34.4268,30.8242],[34.4274,30.8226],[34.4277,30.8217],[34.428,30.8208],[34.4281,30.8202],[34.4282,30.82],[34.4286,30.8192],[34.429,30.8183],[34.4295,30.8175],[34.4299,30.8167],[34.4304,30.8157],[34.4309,30.8148],[34.4315,30.8141],[34.432,30.8133],[34.4323,30.8127],[34.4326,30.8121],[34.433,30.8113],[34.4334,30.8104],[34.4336,30.8102],[34.434,30.8096],[34.4343,30.8092],[34.4345,30.8089],[34.4348,30.8083],[34.4349,30.8076],[34.435,30.8071],[34.435,30.8069],[34.4355,30.8061],[34.4361,30.8052],[34.4366,30.8044],[34.4372,30.8034],[34.4377,30.8025],[34.4383,30.8015],[34.4389,30.8006],[34.4395,30.7996],[34.4403,30.7985],[34.4405,30.7981],[34.4411,30.7972],[34.4417,30.796],[34.4423,30.795],[34.4426,30.7945],[34.4432,30.7935],[34.4435,30.793],[34.4438,30.7923],[34.4442,30.7914],[34.4444,30.7907],[34.4448,30.79],[34.4456,30.7887],[34.4461,30.7879],[34.4466,30.7871],[34.4471,30.7863],[34.4471,30.7862],[34.4473,30.7859],[34.4477,30.7852],[34.4478,30.7844],[34.4478,30.7838],[34.4478,30.7838],[34.4482,30.7835],[34.4489,30.783],[34.4494,30.7825],[34.4499,30.782],[34.4503,30.7816],[34.4507,30.7809],[34.4509,30.7803],[34.451,30.7799],[34.4512,30.7791],[34.4514,30.7787],[34.4514,30.7779],[34.4513,30.7772],[34.4513,30.7772],[34.4521,30.7764],[34.4524,30.7759],[34.4527,30.7754],[34.4528,30.775],[34.4529,30.7748],[34.4531,30.7739],[34.4534,30.7733],[34.4539,30.7725],[34.4541,30.772],[34.4542,30.7716],[34.4545,30.7708],[34.4545,30.7707],[34.4547,30.7705],[34.4551,30.7701],[34.4555,30.7697],[34.4557,30.7692],[34.4558,30.7689],[34.4561,30.7687],[34.4566,30.7683],[34.4571,30.7679],[34.4576,30.7671],[34.4578,30.7666],[34.458,30.7663],[34.4583,30.7657],[34.4585,30.765],[34.4586,30.7641],[34.4584,30.7631],[34.4581,30.7626],[34.4581,30.7625],[34.4583,30.7623],[34.4588,30.7618],[34.4596,30.7607],[34.4598,30.7601],[34.4599,30.7595],[34.46,30.7593],[34.4604,30.7591],[34.4608,30.7589],[34.4614,30.7586],[34.4619,30.7584],[34.4623,30.7581],[34.463,30.7578],[34.4635,30.7573],[34.464,30.7568],[34.4644,30.7563],[34.4647,30.7559],[34.465,30.7555],[34.4654,30.7549],[34.4658,30.7541],[34.4667,30.7529],[34.4669,30.7524],[34.4672,30.7519],[34.4675,30.7513],[34.4678,30.7506],[34.4678,30.75],[34.4679,30.7497],[34.4679,30.749],[34.4678,30.7484],[34.4677,30.7478],[34.4675,30.747],[34.4673,30.746],[34.4672,30.7454],[34.4672,30.745],[34.4672,30.7448],[34.4672,30.7448],[34.4672,30.7446],[34.4674,30.7442],[34.4679,30.7433],[34.4687,30.7417],[34.4692,30.7407],[34.47,30.7393],[34.4707,30.7379],[34.4716,30.7363],[34.4723,30.7349],[34.4728,30.734],[34.4732,30.7332],[34.4736,30.7323],[34.4741,30.7314],[34.4746,30.7304],[34.4751,30.7295],[34.4758,30.7282],[34.4766,30.7266],[34.477,30.7257],[34.4773,30.7251],[34.4781,30.7236],[34.4789,30.7221],[34.4792,30.7216],[34.48,30.72],[34.4808,30.7184],[34.4814,30.7174],[34.4818,30.7165],[34.4823,30.7156],[34.4829,30.7145],[34.4834,30.7135],[34.4841,30.7122],[34.4847,30.711],[34.4849,30.7106],[34.485,30.7105],[34.4852,30.7103],[34.4855,30.71],[34.486,30.7095],[34.4864,30.7088],[34.4866,30.7082],[34.4868,30.7077],[34.487,30.7067],[34.4872,30.7064],[34.4876,30.7057],[34.4879,30.7051],[34.4884,30.7042],[34.4888,30.7036],[34.489,30.7033],[34.4896,30.7025],[34.4903,30.7016],[34.4908,30.7009],[34.4911,30.7005],[34.4915,30.6999],[34.4917,30.699],[34.4918,30.6983],[34.4917,30.6979],[34.492,30.6978],[34.4925,30.6974],[34.4928,30.6969],[34.4932,30.6964],[34.4935,30.6959],[34.4938,30.6953],[34.4938,30.6945],[34.4938,30.694],[34.4938,30.6937],[34.4938,30.6936],[34.4938,30.6935],[34.4943,30.6925],[34.4948,30.6916],[34.4949,30.6915],[34.4952,30.6909],[34.4954,30.6908],[34.4957,30.6905],[34.4963,30.69],[34.4967,30.6891],[34.4968,30.6889],[34.4974,30.6885],[34.498,30.688],[34.4983,30.6875],[34.4987,30.6869],[34.4987,30.6867],[34.4994,30.6866],[34.5003,30.6859],[34.5009,30.6853],[34.5012,30.6846],[34.5013,30.6844],[34.5014,30.6844],[34.5025,30.6844],[34.5034,30.6841],[34.5045,30.6835],[34.5051,30.6825],[34.5054,30.6818],[34.5054,30.6813],[34.5054,30.6809],[34.5054,30.6806],[34.5053,30.6803],[34.5053,30.6801],[34.5052,30.6799],[34.5051,30.6794],[34.505,30.6793],[34.5051,30.6791],[34.5051,30.6789],[34.5052,30.6788],[34.5053,30.6785],[34.5055,30.6778],[34.5054,30.6771],[34.5053,30.6764],[34.5048,30.6756],[34.5042,30.675],[34.5037,30.6746],[34.5035,30.6744],[34.5035,30.6742],[34.5036,30.674],[34.5037,30.6735],[34.5038,30.673],[34.5039,30.6725],[34.5039,30.6721],[34.504,30.6717],[34.504,30.6711],[34.5041,30.6706],[34.5042,30.6698],[34.5043,30.669],[34.5044,30.6681],[34.5045,30.6674],[34.5045,30.6666],[34.5045,30.666],[34.5046,30.6644],[34.5046,30.6643],[34.5046,30.6643],[34.5048,30.6639],[34.5049,30.6635],[34.5055,30.6619],[34.5057,30.6615],[34.5058,30.6612],[34.506,30.6606],[34.506,30.6601],[34.5061,30.6595],[34.5061,30.6589],[34.5061,30.6589],[34.5061,30.6588],[34.5062,30.6585],[34.5065,30.6576],[34.5066,30.6572],[34.5067,30.6568],[34.5069,30.6564],[34.5071,30.6557],[34.5074,30.6548],[34.5076,30.6541],[34.508,30.6532],[34.5081,30.6529],[34.5082,30.6524],[34.5084,30.6519],[34.5084,30.6515],[34.5085,30.651],[34.5085,30.6504],[34.5084,30.6502],[34.5088,30.65],[34.5091,30.6499],[34.5095,30.6496],[34.5102,30.6491],[34.5107,30.6486],[34.5111,30.6479],[34.5114,30.6472],[34.5115,30.6467],[34.5116,30.6461],[34.5116,30.6454],[34.5114,30.6448],[34.5113,30.6443],[34.5107,30.6434],[34.5102,30.6428],[34.51,30.6426],[34.51,30.6426],[34.5102,30.6418],[34.5104,30.6411],[34.5107,30.6399],[34.5108,30.6394],[34.5109,30.6391],[34.511,30.6384],[34.5113,30.6372],[34.5116,30.6363],[34.5118,30.6354],[34.512,30.6349],[34.5122,30.6344],[34.5124,30.6341],[34.513,30.6324],[34.5136,30.6311],[34.514,30.6301],[34.5142,30.6292],[34.5143,30.6286],[34.5144,30.628],[34.5144,30.6275],[34.5145,30.6264],[34.5145,30.6254],[34.5146,30.6242],[34.5146,30.6241],[34.5147,30.6239],[34.5148,30.6235],[34.5152,30.622],[34.5152,30.6218],[34.5154,30.6209],[34.5157,30.62],[34.5158,30.6198],[34.5161,30.618],[34.5165,30.6168],[34.5167,30.6158],[34.5168,30.6157],[34.5168,30.6156],[34.5169,30.6155],[34.5169,30.6155],[34.5172,30.6152],[34.518,30.6145],[34.5184,30.6142],[34.5185,30.6142],[34.5185,30.6141],[34.5187,30.6141],[34.5187,30.6141],[34.5191,30.614],[34.5192,30.6141],[34.5194,30.6141],[34.5203,30.6143],[34.5213,30.6146],[34.5219,30.6147],[34.5229,30.615],[34.5233,30.6151],[34.5235,30.6155],[34.5246,30.6166],[34.5256,30.6169],[34.5267,30.6171],[34.5285,30.6165],[34.5294,30.6157],[34.5294,30.6157],[34.5298,30.6155],[34.5305,30.615],[34.5312,30.6143],[34.5317,30.6133],[34.5317,30.6124],[34.5316,30.6114],[34.5315,30.6108],[34.5317,30.6106],[34.532,30.6103],[34.5325,30.6098],[34.5329,30.6092],[34.5332,30.6085],[34.5334,30.6079],[34.5334,30.6078],[34.5336,30.6076],[34.5339,30.6071],[34.5341,30.6068],[34.5346,30.6061],[34.5348,30.6046],[34.5341,30.6035],[34.5334,30.6027],[34.5331,30.6025],[34.533,30.6019],[34.5329,30.6016],[34.533,30.6014],[34.5331,30.6007],[34.5332,30.6006],[34.5333,30.6004],[34.5337,30.5999],[34.5341,30.5994],[34.5344,30.5988],[34.5347,30.5981],[34.5347,30.5974],[34.5347,30.5967],[34.5345,30.5958],[34.5343,30.5955],[34.5345,30.5951],[34.5347,30.5948],[34.5348,30.5948],[34.5358,30.5942],[34.5367,30.5938],[34.5376,30.5933],[34.538,30.5932],[34.5394,30.593],[34.5408,30.5926],[34.542,30.5918],[34.543,30.5907],[34.5435,30.5895],[34.5435,30.5887],[34.5435,30.5883],[34.5437,30.5879],[34.5441,30.5867],[34.5443,30.586],[34.5447,30.5857],[34.5454,30.5845],[34.5454,30.5831],[34.5448,30.5821],[34.5444,30.5817],[34.5444,30.5816],[34.5436,30.5806],[34.5425,30.5801],[34.5418,30.5798],[34.5416,30.5798],[34.5417,30.5793],[34.5416,30.5789],[34.5415,30.5783],[34.5414,30.578],[34.5414,30.5776],[34.5411,30.5768],[34.5406,30.5761],[34.5404,30.5759],[34.5404,30.5754],[34.5403,30.5748],[34.5402,30.5741],[34.5399,30.5733],[34.5395,30.5727],[34.5391,30.5722],[34.5387,30.5718],[34.5382,30.5714],[34.5375,30.5711],[34.5371,30.5708],[34.5365,30.5706],[34.5361,30.5705],[34.536,30.5702],[34.5358,30.5697],[34.5356,30.5692],[34.5354,30.5686],[34.535,30.568],[34.5343,30.5672],[34.5336,30.5668],[34.5327,30.5664],[34.5318,30.5662],[34.5316,30.5662],[34.5316,30.5659],[34.5316,30.5653],[34.5316,30.5647],[34.5314,30.5639],[34.5311,30.5632],[34.5307,30.5625],[34.5304,30.5619],[34.5299,30.5613],[34.5295,30.5608],[34.5291,30.5604],[34.5286,30.56],[34.5281,30.5597],[34.5278,30.5595],[34.5276,30.5593],[34.5276,30.5593],[34.5275,30.559],[34.5274,30.5589],[34.5273,30.5584],[34.5271,30.5578],[34.5269,30.557],[34.5267,30.5561],[34.5265,30.5556],[34.5264,30.5554],[34.5264,30.5553],[34.5265,30.555],[34.5266,30.5544],[34.5268,30.5538],[34.5269,30.5532],[34.527,30.5527],[34.5271,30.5522],[34.527,30.5514],[34.5268,30.5504],[34.5266,30.5495],[34.5262,30.5486],[34.5258,30.548],[34.5254,30.5476],[34.5249,30.5471],[34.5245,30.5468],[34.5245,30.5468],[34.5243,30.5464],[34.5241,30.5459],[34.5238,30.5453],[34.5234,30.5447],[34.5228,30.544],[34.5222,30.5432],[34.5213,30.5426],[34.5215,30.5423],[34.522,30.5417],[34.5225,30.541],[34.5229,30.5396],[34.523,30.5388],[34.5233,30.5378],[34.5237,30.5366],[34.5239,30.5356],[34.5241,30.5348],[34.5242,30.5342],[34.5245,30.5334],[34.5247,30.5326],[34.5248,30.5324],[34.5251,30.5321],[34.5254,30.5317],[34.5257,30.5314],[34.526,30.5313],[34.5273,30.5308],[34.5284,30.5301],[34.5292,30.5295],[34.53,30.5289],[34.5306,30.5284],[34.5307,30.5283],[34.531,30.5281],[34.5315,30.5277],[34.5319,30.5273],[34.5323,30.5268],[34.5328,30.5262],[34.5331,30.5254],[34.5332,30.5248],[34.5333,30.5244],[34.5333,30.5243],[34.5337,30.5238],[34.5338,30.5237],[34.5339,30.5236],[34.5342,30.5234],[34.5345,30.5233],[34.5349,30.523],[34.5352,30.5227],[34.5355,30.5223],[34.5359,30.5219],[34.5363,30.5214],[34.5365,30.5211],[34.537,30.5206],[34.537,30.5205],[34.5372,30.5205],[34.5373,30.5204],[34.5379,30.5202],[34.5384,30.5199],[34.5389,30.5197],[34.5395,30.5194],[34.5399,30.5193],[34.5402,30.5191],[34.5402,30.5191],[34.5404,30.5191],[34.5407,30.5191],[34.5411,30.519],[34.5413,30.519],[34.5414,30.519],[34.5416,30.519],[34.5421,30.519],[34.5425,30.519],[34.5428,30.519],[34.5433,30.5189],[34.5439,30.5188],[34.5443,30.5186],[34.5447,30.5185],[34.5452,30.5183],[34.5454,30.5181],[34.5458,30.5178],[34.5462,30.5175],[34.5467,30.5171],[34.547,30.5166],[34.5472,30.5162],[34.5474,30.5157],[34.548,30.5145],[34.5482,30.514],[34.5487,30.5129],[34.5488,30.5126],[34.549,30.5122],[34.5493,30.5117],[34.5501,30.5104],[34.5511,30.5088],[34.5513,30.5083],[34.5514,30.5082],[34.5514,30.5082],[34.5516,30.508],[34.5524,30.5073],[34.5527,30.507],[34.553,30.5067],[34.5533,30.5065],[34.5535,30.5063],[34.5538,30.506],[34.5542,30.5056],[34.5544,30.5053],[34.5547,30.5049],[34.5548,30.5048],[34.5548,30.5048],[34.555,30.5047],[34.5553,30.5045],[34.5556,30.5043],[34.556,30.504],[34.5562,30.5037],[34.5566,30.5034],[34.5569,30.503],[34.5571,30.5026],[34.5573,30.5022],[34.5574,30.5018],[34.5577,30.5009],[34.5577,30.5007],[34.5582,30.5007],[34.5588,30.5006],[34.5594,30.5005],[34.5598,30.5004],[34.56,30.5003],[34.5601,30.5003],[34.5604,30.5002],[34.5607,30.5001],[34.5609,30.5001],[34.5614,30.4999],[34.5619,30.4996],[34.5619,30.4996],[34.5623,30.4998],[34.5632,30.4998],[34.564,30.4999],[34.5648,30.5],[34.566,30.5001],[34.5671,30.5001],[34.5683,30.5002],[34.5684,30.4993],[34.5685,30.4983],[34.5686,30.4974],[34.5687,30.4964],[34.5688,30.4954],[34.5686,30.4945],[34.5683,30.4938],[34.5679,30.4931],[34.567,30.4923],[34.5666,30.4921],[34.5663,30.4913],[34.5658,30.4901],[34.5652,30.4887],[34.5651,30.4882],[34.565,30.488],[34.5652,30.4868],[34.5653,30.4859],[34.5653,30.4859],[34.5653,30.4858],[34.5656,30.4855],[34.5658,30.4853],[34.566,30.485],[34.5663,30.4846],[34.5666,30.4839],[34.5667,30.4835],[34.5668,30.483],[34.5668,30.4824],[34.5666,30.4816],[34.5662,30.4809],[34.5658,30.4804],[34.5658,30.4801],[34.5655,30.4791],[34.5647,30.4783],[34.5646,30.4782],[34.5646,30.4779],[34.5645,30.4777],[34.5647,30.4776],[34.5649,30.4774],[34.5651,30.4772],[34.5656,30.4767],[34.566,30.476],[34.5662,30.4754],[34.5662,30.475],[34.5662,30.4743],[34.5659,30.4736],[34.5656,30.4729],[34.5652,30.4726],[34.5654,30.4721],[34.5655,30.4715],[34.5655,30.4711],[34.5655,30.4709],[34.566,30.4705],[34.5664,30.47],[34.5668,30.4694],[34.5671,30.4687],[34.5672,30.4683],[34.5672,30.468],[34.5672,30.4675],[34.5671,30.467],[34.5669,30.4664],[34.5664,30.4654],[34.5664,30.4654],[34.5664,30.4649],[34.5664,30.4645],[34.5664,30.4631],[34.5664,30.4625],[34.5663,30.462],[34.5662,30.4618],[34.566,30.4612],[34.5657,30.4606],[34.5653,30.46],[34.5649,30.4596],[34.5648,30.4595],[34.5649,30.4593],[34.5649,30.4587],[34.5649,30.458],[34.5648,30.4575],[34.5646,30.4571],[34.5645,30.4567],[34.5644,30.4565],[34.5639,30.4556],[34.5632,30.454],[34.5629,30.4535],[34.5625,30.4529],[34.562,30.4524],[34.5615,30.4519],[34.561,30.4516],[34.5602,30.4512],[34.5595,30.4509],[34.5589,30.4507],[34.5583,30.4506],[34.558,30.4505],[34.5577,30.4505],[34.5573,30.4504],[34.5568,30.4503],[34.5561,30.4501],[34.5554,30.45],[34.5549,30.4499],[34.5543,30.4499],[34.5542,30.4497],[34.5539,30.4492],[34.5536,30.4487],[34.553,30.4481],[34.5527,30.4479],[34.5529,30.4479],[34.5535,30.4478],[34.5542,30.4477],[34.5549,30.4475],[34.5556,30.4473],[34.5561,30.447],[34.5566,30.4468],[34.5571,30.4464],[34.5576,30.4461],[34.5583,30.4454],[34.5591,30.4447],[34.56,30.444],[34.5609,30.4432],[34.562,30.4423],[34.563,30.4414],[34.5635,30.441],[34.564,30.4403],[34.5643,30.4397],[34.5644,30.4392],[34.565,30.439],[34.5656,30.4386],[34.5664,30.438],[34.5669,30.4372],[34.5672,30.4366],[34.5673,30.4362],[34.5677,30.4347],[34.5679,30.434],[34.5681,30.4336],[34.5682,30.4329],[34.5683,30.4323],[34.5682,30.4317],[34.568,30.4311],[34.5679,30.4306],[34.5675,30.43],[34.5666,30.4287],[34.5657,30.4273],[34.5653,30.4268],[34.5649,30.4263],[34.5647,30.426],[34.5643,30.4256],[34.5639,30.4253],[34.5635,30.425],[34.5631,30.4247],[34.5626,30.4245],[34.5622,30.4243],[34.5619,30.4241],[34.5616,30.424],[34.5614,30.4233],[34.5613,30.4231],[34.5612,30.4229],[34.5611,30.4226],[34.5608,30.422],[34.5605,30.4215],[34.5603,30.4213],[34.5598,30.4208],[34.5591,30.4204],[34.5586,30.4201],[34.5581,30.42],[34.5579,30.4199],[34.5575,30.4194],[34.5564,30.4181],[34.5555,30.4171],[34.5547,30.4161],[34.5543,30.4156],[34.554,30.4154],[34.5537,30.4152],[34.5534,30.4149],[34.554,30.4144],[34.5544,30.4138],[34.5547,30.4133],[34.5551,30.4132],[34.5555,30.4132],[34.5559,30.4131],[34.5564,30.4129],[34.5568,30.4128],[34.5574,30.4125],[34.5578,30.4121],[34.5591,30.4111],[34.5599,30.4105],[34.5601,30.4103],[34.5606,30.4103],[34.5619,30.4103],[34.5621,30.4103],[34.5624,30.4103],[34.5629,30.4103],[34.5631,30.4103],[34.5635,30.4104],[34.5645,30.4103],[34.5652,30.41],[34.5658,30.4097],[34.5663,30.4097],[34.5668,30.4096],[34.5671,30.4096],[34.5675,30.4095],[34.5677,30.4094],[34.5681,30.4093],[34.5682,30.4093],[34.5683,30.4092],[34.5688,30.4091],[34.5695,30.4089],[34.5698,30.4087],[34.5705,30.4087],[34.5712,30.4086],[34.5722,30.4084],[34.5727,30.408],[34.5732,30.4077],[34.5735,30.4074],[34.5745,30.4068],[34.5756,30.406],[34.576,30.4057],[34.5765,30.4053],[34.5767,30.4051],[34.5771,30.4048],[34.5776,30.4044],[34.578,30.404],[34.5782,30.4035],[34.5785,30.403],[34.5785,30.4029],[34.5789,30.4024],[34.5792,30.4015],[34.5792,30.401],[34.5796,30.4009],[34.5806,30.4002],[34.5806,30.4001],[34.5813,30.4004],[34.582,30.4006],[34.5827,30.4007],[34.583,30.4007],[34.5832,30.4007],[34.5837,30.4007],[34.5842,30.4006],[34.5848,30.4005],[34.5855,30.4003],[34.5861,30.4],[34.5865,30.3997],[34.5868,30.3995],[34.5879,30.3985],[34.5881,30.3983],[34.5883,30.3981],[34.5885,30.398],[34.5887,30.3978],[34.5891,30.3976],[34.5902,30.3969],[34.5914,30.3962],[34.5919,30.3959],[34.5923,30.3956],[34.5926,30.3954],[34.5932,30.3949],[34.5947,30.3936],[34.5952,30.3932],[34.5957,30.3926],[34.5961,30.3921],[34.5964,30.3916],[34.5966,30.3909],[34.5967,30.3902],[34.5966,30.3895],[34.5965,30.3888],[34.5962,30.3882],[34.5959,30.3878],[34.5966,30.3876],[34.5971,30.3873],[34.5974,30.3871],[34.5977,30.3869],[34.5978,30.3869],[34.5981,30.3868],[34.5985,30.3866],[34.5991,30.3862],[34.5995,30.3859],[34.6006,30.3849],[34.601,30.3845],[34.6014,30.3839],[34.6018,30.383],[34.6019,30.3823],[34.6019,30.3819],[34.6018,30.3813],[34.6018,30.3811],[34.6018,30.3811],[34.6021,30.3811],[34.6026,30.3811],[34.6032,30.3811],[34.6036,30.381],[34.6041,30.3809],[34.6047,30.3808],[34.6052,30.3805],[34.6056,30.3804],[34.6059,30.3802],[34.6062,30.3803],[34.6069,30.3805],[34.6083,30.3808],[34.609,30.3809],[34.6095,30.381],[34.6101,30.3811],[34.6105,30.3812],[34.6107,30.3813],[34.611,30.3814],[34.6114,30.3816],[34.6122,30.3819],[34.613,30.3821],[34.6137,30.3821],[34.6143,30.3821],[34.6147,30.382],[34.6152,30.382],[34.6156,30.3819],[34.6157,30.3819],[34.6159,30.3819],[34.6161,30.3818],[34.6162,30.3818],[34.6162,30.3818],[34.6164,30.3819],[34.6169,30.382],[34.6174,30.3821],[34.6178,30.3821],[34.6183,30.3822],[34.6187,30.3821],[34.6191,30.3821],[34.6196,30.382],[34.6201,30.3818],[34.6205,30.3817],[34.6214,30.3812],[34.6218,30.3811],[34.622,30.3811],[34.6224,30.3811],[34.623,30.3812],[34.6235,30.3812],[34.6241,30.3812],[34.6246,30.3811],[34.6253,30.381],[34.6257,30.3809],[34.6274,30.3816],[34.6281,30.3818],[34.6289,30.3819],[34.6297,30.3819],[34.6304,30.3818],[34.6311,30.3816],[34.6317,30.3814],[34.6322,30.3812],[34.6326,30.3809],[34.633,30.3806],[34.6336,30.3802],[34.6341,30.3799],[34.6342,30.3798],[34.6344,30.3797],[34.6345,30.3796],[34.6346,30.3796],[34.6351,30.3795],[34.6364,30.3791],[34.6376,30.3788],[34.6388,30.3785],[34.6388,30.3785],[34.6402,30.3785],[34.6415,30.3786],[34.6431,30.3787],[34.6434,30.3787],[34.6438,30.3787],[34.6443,30.3787],[34.645,30.3787],[34.6457,30.3785],[34.6465,30.3783],[34.6471,30.3779],[34.6476,30.3775],[34.6481,30.377],[34.6485,30.3764],[34.6488,30.3758],[34.649,30.3751],[34.649,30.375],[34.6492,30.3749],[34.6497,30.3745],[34.6501,30.3742],[34.6503,30.374],[34.6509,30.3734],[34.6513,30.373],[34.6516,30.3726],[34.6519,30.3722],[34.6522,30.3716],[34.6523,30.3712],[34.6524,30.3709],[34.6524,30.3707],[34.6525,30.3706],[34.6529,30.3702],[34.6531,30.3699],[34.6534,30.3696],[34.6537,30.3691],[34.6539,30.3685],[34.654,30.3677],[34.6539,30.3669],[34.6536,30.3662],[34.6533,30.3658],[34.6529,30.3653],[34.6522,30.3649],[34.6517,30.3646],[34.6509,30.3644],[34.6503,30.3643],[34.6499,30.3643],[34.6498,30.3643],[34.6497,30.3642],[34.6488,30.3629],[34.6485,30.3625],[34.6483,30.3623],[34.6481,30.362],[34.6477,30.3615],[34.6472,30.3612],[34.6467,30.3609],[34.6462,30.3608],[34.6463,30.3605],[34.6464,30.3601],[34.6465,30.3595],[34.6465,30.359],[34.6465,30.3585],[34.6463,30.358],[34.6462,30.3577],[34.646,30.3572],[34.6454,30.3562],[34.6448,30.3552],[34.6445,30.3548],[34.6442,30.3542],[34.644,30.354],[34.6443,30.353],[34.6442,30.3521],[34.6439,30.3515],[34.6437,30.3508],[34.6435,30.3502],[34.6435,30.3497],[34.6434,30.3495],[34.6434,30.3489],[34.643,30.3483],[34.6427,30.3478],[34.6423,30.3474],[34.6419,30.347],[34.6413,30.3467],[34.6407,30.3465],[34.6403,30.3463],[34.6402,30.3463],[34.6399,30.346],[34.6391,30.3456],[34.6381,30.3452],[34.6365,30.3454],[34.6364,30.3453],[34.6359,30.3448],[34.6358,30.3447],[34.636,30.344],[34.6358,30.3431],[34.6362,30.343],[34.6363,30.3429],[34.6366,30.3429],[34.6371,30.3428],[34.6383,30.3429],[34.6396,30.3426],[34.6407,30.3419],[34.641,30.3416],[34.642,30.341],[34.6424,30.3396],[34.6424,30.3385],[34.6417,30.3374],[34.6406,30.3364],[34.6397,30.3362],[34.6395,30.3359],[34.6391,30.3356],[34.639,30.3352],[34.6387,30.3345],[34.6381,30.3337],[34.6372,30.333],[34.6362,30.3328],[34.6364,30.3321],[34.6365,30.3312],[34.6366,30.3305],[34.6367,30.33],[34.6367,30.3292],[34.6367,30.3279],[34.6367,30.3273],[34.6366,30.3267],[34.6364,30.3259],[34.6362,30.3254],[34.6358,30.3248],[34.6355,30.3244],[34.6351,30.3239],[34.6345,30.3234],[34.634,30.323],[34.6334,30.3227],[34.6332,30.3225],[34.6332,30.3225],[34.6333,30.3216],[34.6333,30.3216],[34.6334,30.3215],[34.6336,30.3209],[34.634,30.32],[34.6344,30.319],[34.6349,30.3178],[34.6354,30.3166],[34.6354,30.3163],[34.6355,30.3163],[34.6357,30.3158],[34.6359,30.3154],[34.636,30.3151],[34.636,30.3149],[34.6363,30.3145],[34.6366,30.3139],[34.6368,30.3133],[34.6368,30.3129],[34.6368,30.3126],[34.6368,30.3126],[34.6369,30.3124],[34.6369,30.3123],[34.6373,30.312],[34.6378,30.3113],[34.638,30.3106],[34.6381,30.31],[34.6381,30.3095],[34.6381,30.3093],[34.6384,30.309],[34.6387,30.3084],[34.6391,30.3073],[34.6396,30.306],[34.6401,30.3048],[34.6403,30.3041],[34.6405,30.3035],[34.6405,30.303],[34.6405,30.3027],[34.6406,30.3026],[34.6409,30.3021],[34.641,30.3019],[34.6412,30.3016],[34.6413,30.3016],[34.6414,30.3015],[34.6414,30.3015],[34.6415,30.3014],[34.642,30.3011],[34.6427,30.3005],[34.6432,30.2996],[34.6434,30.2988],[34.6434,30.2982],[34.6433,30.2975],[34.6432,30.2972],[34.6436,30.2965],[34.6437,30.2958],[34.6437,30.2951],[34.6437,30.2949],[34.6438,30.2944],[34.6438,30.2942],[34.6439,30.2941],[34.6441,30.2936],[34.6442,30.2932],[34.6444,30.2928],[34.6447,30.2924],[34.6453,30.2918],[34.6458,30.291],[34.6461,30.2902],[34.6463,30.2895],[34.6465,30.2888],[34.6465,30.2883],[34.6466,30.2873],[34.6467,30.2863],[34.6467,30.2863],[34.647,30.2854],[34.6473,30.2845],[34.6474,30.2844],[34.6475,30.2842],[34.6483,30.283],[34.6487,30.2824],[34.6492,30.281],[34.6496,30.28],[34.65,30.279],[34.6503,30.2781],[34.6506,30.2772],[34.651,30.2763],[34.6513,30.2754],[34.6516,30.2745],[34.652,30.2736],[34.6523,30.2727],[34.6526,30.2718],[34.653,30.2709],[34.6533,30.2699],[34.6537,30.269],[34.654,30.268],[34.6544,30.2671],[34.6547,30.2661],[34.6551,30.2651],[34.6554,30.2643],[34.6557,30.2634],[34.6561,30.2626],[34.6564,30.2617],[34.6567,30.2608],[34.657,30.26],[34.6573,30.2591],[34.6576,30.2583],[34.658,30.2574],[34.6583,30.2565],[34.6586,30.2557],[34.659,30.2545],[34.6595,30.2533],[34.6599,30.2522],[34.6603,30.2511],[34.6605,30.2507],[34.6605,30.2505],[34.6608,30.2503],[34.6608,30.2502],[34.661,30.2501],[34.6611,30.2501],[34.6614,30.2501],[34.6626,30.2499],[34.6634,30.2493],[34.6642,30.2487],[34.6647,30.2473],[34.6647,30.2466],[34.6653,30.2458],[34.6656,30.2446],[34.6655,30.2436],[34.6652,30.2428],[34.6651,30.2424],[34.6651,30.2424],[34.6654,30.2417],[34.6655,30.2409],[34.6653,30.2398],[34.6652,30.2387],[34.6652,30.2385],[34.6653,30.2383],[34.6666,30.2369],[34.6674,30.2362],[34.6681,30.2354],[34.6688,30.2347],[34.6696,30.2339],[34.6703,30.2331],[34.6709,30.2321],[34.6713,30.231],[34.6714,30.2298],[34.6713,30.229],[34.6712,30.2281],[34.6709,30.2272],[34.6706,30.2263],[34.6712,30.2264],[34.6724,30.2262],[34.6731,30.226],[34.6739,30.2256],[34.6749,30.2249],[34.6755,30.224],[34.6759,30.2231],[34.6761,30.2217],[34.6757,30.2207],[34.6754,30.2201],[34.6753,30.2198],[34.6752,30.2191],[34.6747,30.2183],[34.6742,30.2175],[34.6737,30.2168],[34.6735,30.2166],[34.6735,30.2166],[34.6735,30.2164],[34.6736,30.216],[34.6741,30.2154],[34.675,30.2142],[34.6754,30.2133],[34.6756,30.2125],[34.6757,30.2119],[34.6758,30.2115],[34.6758,30.2112],[34.6759,30.2111],[34.6762,30.2107],[34.6764,30.2104],[34.6765,30.2103],[34.6766,30.2102],[34.6771,30.2099],[34.6781,30.2093],[34.6791,30.2082],[34.6796,30.2073],[34.6799,30.2063],[34.68,30.2052],[34.6799,30.2042],[34.6796,30.2033],[34.679,30.2023],[34.6788,30.202],[34.6787,30.202],[34.6788,30.2019],[34.6789,30.2015],[34.6794,30.2005],[34.6798,30.1994],[34.6803,30.1983],[34.6807,30.1974],[34.6811,30.1963],[34.6815,30.1955],[34.6824,30.194],[34.6831,30.1926],[34.6834,30.1917],[34.6836,30.1908],[34.684,30.1891],[34.6842,30.1878],[34.6844,30.1872],[34.6847,30.1864],[34.6852,30.1853],[34.6856,30.1844],[34.6861,30.1836],[34.6865,30.1827],[34.687,30.1817],[34.6875,30.1806],[34.6881,30.1792],[34.6885,30.178],[34.6889,30.1769],[34.6894,30.1757],[34.6898,30.1746],[34.69,30.1741],[34.6904,30.1741],[34.6917,30.1742],[34.6932,30.1737],[34.6945,30.1727],[34.695,30.1715],[34.6951,30.1703],[34.6947,30.1691],[34.694,30.1684],[34.694,30.1683],[34.694,30.1682],[34.6941,30.1674],[34.6941,30.1667],[34.6938,30.1657],[34.6933,30.165],[34.6937,30.164],[34.6939,30.1635],[34.6941,30.1634],[34.6947,30.1632],[34.6954,30.163],[34.6961,30.1629],[34.6972,30.1625],[34.698,30.1619],[34.6986,30.1615],[34.6994,30.1606],[34.6998,30.1594],[34.6999,30.1583],[34.6997,30.157],[34.6987,30.1559],[34.6978,30.1553],[34.698,30.1542],[34.6983,30.153],[34.6985,30.1519],[34.6988,30.1505],[34.699,30.1501],[34.6992,30.1501],[34.7,30.1495],[34.7008,30.1488],[34.7014,30.1479],[34.7016,30.1475],[34.7022,30.1466],[34.7027,30.1455],[34.7029,30.1446],[34.7029,30.1438],[34.7028,30.1424],[34.7027,30.1406],[34.7027,30.14],[34.7029,30.1399],[34.7041,30.1394],[34.7049,30.1391],[34.7056,30.1388],[34.7066,30.1382],[34.7076,30.1372],[34.7081,30.1361],[34.7083,30.1349],[34.7082,30.1341],[34.7081,30.1335],[34.708,30.133],[34.708,30.1329],[34.708,30.1328],[34.708,30.1326],[34.7083,30.1318],[34.7088,30.1307],[34.7092,30.1297],[34.7094,30.1294],[34.7096,30.1293],[34.7105,30.1291],[34.7115,30.1288],[34.7123,30.1285],[34.7128,30.1282],[34.7132,30.128],[34.7136,30.1279],[34.7139,30.1278],[34.7144,30.1278],[34.7146,30.1278],[34.715,30.1278],[34.7156,30.1278],[34.7163,30.1279],[34.7169,30.128],[34.7179,30.128],[34.7189,30.1278],[34.7198,30.1274],[34.7207,30.1269],[34.7215,30.126],[34.7221,30.1251],[34.7224,30.1238],[34.7222,30.1228],[34.722,30.122],[34.7222,30.1216],[34.7226,30.1206],[34.7229,30.1196],[34.7233,30.1187],[34.7237,30.1177],[34.7242,30.1165],[34.7247,30.1155],[34.7252,30.1145],[34.7258,30.1135],[34.7263,30.1125],[34.7267,30.1115],[34.7271,30.1105],[34.7274,30.1095],[34.7278,30.1086],[34.7282,30.1077],[34.7286,30.1069],[34.729,30.1058],[34.7291,30.1048],[34.729,30.1044],[34.7292,30.1043],[34.7301,30.1033],[34.7308,30.1022],[34.7311,30.1011],[34.7312,30.1],[34.7309,30.0988],[34.7304,30.0979],[34.7298,30.097],[34.7293,30.0961],[34.7292,30.096],[34.7299,30.0951],[34.7306,30.0942],[34.7313,30.0931],[34.732,30.0921],[34.7326,30.0909],[34.7331,30.0899],[34.7335,30.089],[34.7339,30.088],[34.7344,30.087],[34.7347,30.086],[34.735,30.085],[34.7354,30.084],[34.7357,30.083],[34.7361,30.0819],[34.7364,30.0809],[34.7368,30.0798],[34.737,30.0788],[34.737,30.0778],[34.7369,30.0768],[34.7368,30.0756],[34.7367,30.0741],[34.7367,30.0739],[34.7368,30.0738],[34.7375,30.0722],[34.7381,30.0712],[34.7387,30.0702],[34.7392,30.0693],[34.7398,30.068],[34.7399,30.0666],[34.7397,30.0653],[34.739,30.0642],[34.7381,30.0632],[34.7372,30.0626],[34.7363,30.0621],[34.7355,30.0616],[34.7351,30.0614],[34.7353,30.0611],[34.7361,30.0597],[34.7367,30.0587],[34.7373,30.0578],[34.7378,30.057],[34.7383,30.0562],[34.7388,30.0553],[34.7392,30.0544],[34.7393,30.0537],[34.7394,30.0531],[34.7396,30.0521],[34.7398,30.0511],[34.7399,30.0502],[34.7401,30.0493],[34.7402,30.0486],[34.7402,30.0485],[34.7403,30.0484],[34.7403,30.0482],[34.7403,30.0481],[34.7404,30.0481],[34.7405,30.0479],[34.7409,30.0475],[34.742,30.0462],[34.7426,30.0454],[34.7433,30.0443],[34.7439,30.0432],[34.744,30.0429],[34.7443,30.0427],[34.7452,30.042],[34.7458,30.0415],[34.7464,30.0409],[34.7468,30.0402],[34.7471,30.0395],[34.7473,30.0384],[34.7473,30.0374],[34.747,30.0366],[34.7466,30.0357],[34.7459,30.0342],[34.7469,30.0329],[34.7477,30.0319],[34.7485,30.0309],[34.7493,30.0299],[34.75,30.029],[34.7506,30.0279],[34.7509,30.0269],[34.7511,30.0259],[34.7512,30.0249],[34.7513,30.0238],[34.7514,30.0228],[34.7515,30.0222],[34.7516,30.0215],[34.7517,30.0211],[34.7517,30.0208],[34.7519,30.0203],[34.7525,30.0188],[34.7528,30.0179],[34.7531,30.0169],[34.7535,30.016],[34.7537,30.0154],[34.7541,30.0145],[34.7546,30.0136],[34.755,30.0127],[34.7556,30.0115],[34.7563,30.0103],[34.7567,30.0094],[34.7571,30.0086],[34.7576,30.0077],[34.7579,30.0068],[34.7582,30.0059],[34.7584,30.005],[34.7587,30.0039],[34.7591,30.0028],[34.7592,30.0024],[34.7594,30.0014],[34.7597,30.0004],[34.76,29.9993],[34.7604,29.9983],[34.7608,29.9968],[34.7611,29.9956],[34.7613,29.9953],[34.7614,29.995],[34.7616,29.9946],[34.7623,29.9936],[34.7629,29.9926],[34.7637,29.9915],[34.7644,29.9905],[34.7652,29.9893],[34.7656,29.988],[34.7656,29.987],[34.7655,29.9863],[34.7653,29.9857],[34.7649,29.9847],[34.7645,29.9838],[34.7644,29.9834],[34.765,29.9824],[34.7656,29.9813],[34.7661,29.9804],[34.7663,29.9798],[34.7666,29.9791],[34.7668,29.9783],[34.7672,29.9771],[34.7675,29.976],[34.7678,29.9748],[34.7682,29.9737],[34.7685,29.9727],[34.7687,29.9723],[34.769,29.9714],[34.7694,29.9705],[34.7697,29.9696],[34.7701,29.9687],[34.7705,29.9677],[34.771,29.9667],[34.7714,29.9656],[34.7717,29.9649],[34.772,29.9636],[34.7725,29.962],[34.7729,29.9609],[34.7731,29.96],[34.7734,29.9591],[34.7735,29.9585],[34.7737,29.958],[34.774,29.9574],[34.7743,29.9568],[34.7747,29.9557],[34.7751,29.9548],[34.7758,29.9533],[34.7765,29.9517],[34.7771,29.9502],[34.7776,29.9487],[34.7779,29.9475],[34.7782,29.9463],[34.7787,29.9448],[34.779,29.9437],[34.7793,29.9428],[34.7797,29.9416],[34.7803,29.9402],[34.7808,29.939],[34.7813,29.9377],[34.7817,29.9368],[34.7821,29.9359],[34.7824,29.9349],[34.7827,29.9338],[34.783,29.9327],[34.7832,29.9319],[34.7834,29.9308],[34.7837,29.9296],[34.784,29.9286],[34.7842,29.9275],[34.7843,29.927],[34.7844,29.9268],[34.7848,29.9258],[34.7853,29.9247],[34.7858,29.9237],[34.7863,29.9226],[34.7869,29.9214],[34.7876,29.9198],[34.7883,29.9183],[34.7887,29.9173],[34.789,29.9164],[34.7893,29.9152],[34.7896,29.9141],[34.7899,29.9131],[34.7902,29.912],[34.7905,29.911],[34.7906,29.9106],[34.7912,29.9102],[34.7917,29.9098],[34.7924,29.9092],[34.7927,29.9085],[34.7928,29.9083],[34.7931,29.9077],[34.7933,29.9068],[34.7933,29.9059],[34.7931,29.9049],[34.7931,29.9047],[34.7936,29.9039],[34.7942,29.903],[34.7947,29.9021],[34.7954,29.9012],[34.796,29.9002],[34.7969,29.8987],[34.7979,29.8972],[34.7985,29.896],[34.799,29.895],[34.7994,29.8938],[34.7996,29.893],[34.7998,29.8919],[34.8,29.8907],[34.8002,29.8895],[34.8004,29.8882],[34.8005,29.8874],[34.8006,29.8867],[34.8005,29.8858],[34.8004,29.8849],[34.8004,29.8849],[34.8004,29.8848],[34.8008,29.8843],[34.8015,29.8833],[34.8021,29.8825],[34.8027,29.8815],[34.803,29.8808],[34.8032,29.8801],[34.8034,29.8794],[34.8038,29.878],[34.8042,29.8765],[34.8046,29.875],[34.805,29.8735],[34.8052,29.8725],[34.8054,29.872],[34.8057,29.8709],[34.8058,29.8705],[34.8062,29.8698],[34.8067,29.8689],[34.8073,29.868],[34.8078,29.8672],[34.8083,29.8664],[34.8088,29.8655],[34.8093,29.8647],[34.8098,29.8639],[34.8103,29.8631],[34.8109,29.8622],[34.8113,29.8615],[34.8117,29.8608],[34.812,29.8602],[34.8123,29.8595],[34.8126,29.8588],[34.8128,29.8582],[34.8131,29.8571],[34.8135,29.8558],[34.8138,29.8545],[34.8142,29.853],[34.8145,29.8521],[34.8147,29.8515],[34.8152,29.8507],[34.8156,29.8498],[34.8161,29.849],[34.8165,29.8482],[34.817,29.8472],[34.8175,29.8463],[34.8179,29.8453],[34.819,29.8462],[34.8197,29.8467],[34.8203,29.8472],[34.8213,29.8478],[34.8225,29.848],[34.8236,29.8481],[34.8247,29.8478],[34.8255,29.8474],[34.8264,29.8467],[34.827,29.8458],[34.8273,29.8448],[34.8274,29.8444],[34.8292,29.8438],[34.8294,29.8439],[34.8306,29.8443],[34.8325,29.8449],[34.8335,29.8453],[34.8346,29.8456],[34.8357,29.846],[34.8365,29.8463],[34.8373,29.8463],[34.8383,29.8463],[34.839,29.846],[34.8385,29.8448],[34.838,29.8436],[34.8378,29.8435],[34.8378,29.8435],[34.8369,29.8431],[34.8359,29.8428],[34.8349,29.8424],[34.8339,29.8421],[34.833,29.8417],[34.832,29.8414],[34.831,29.841],[34.83,29.8407],[34.8291,29.8404],[34.8281,29.84],[34.8271,29.8397],[34.8261,29.8393],[34.8252,29.839],[34.8242,29.8386],[34.8232,29.8383],[34.8222,29.8379],[34.8213,29.8376],[34.8203,29.8373],[34.8193,29.8369],[34.8183,29.8366],[34.8174,29.8362],[34.8164,29.8359],[34.8161,29.8367],[34.8158,29.8376],[34.8155,29.8385],[34.8152,29.8394],[34.8149,29.8402],[34.8177,29.8419],[34.8174,29.8419],[34.8167,29.8421],[34.8157,29.8425],[34.8155,29.8426],[34.815,29.8434],[34.8146,29.844],[34.8145,29.8442],[34.8141,29.8442],[34.8136,29.8443],[34.8133,29.8443],[34.8132,29.8445],[34.8129,29.8454],[34.8125,29.8462],[34.8121,29.8471],[34.8118,29.8479],[34.8114,29.8488],[34.811,29.8496],[34.8107,29.8505],[34.8103,29.8513],[34.8099,29.8522],[34.8096,29.853],[34.8092,29.8538],[34.8088,29.8547],[34.8085,29.8555],[34.8081,29.8564],[34.8077,29.8572],[34.8074,29.8581],[34.807,29.8589],[34.8066,29.8598],[34.8062,29.8606],[34.8059,29.8615],[34.8055,29.8623],[34.8051,29.8632],[34.8048,29.864],[34.8044,29.8649],[34.804,29.8657],[34.8037,29.8666],[34.8033,29.8674],[34.8029,29.8683],[34.8026,29.8691],[34.8022,29.87],[34.8019,29.8709],[34.8016,29.8717],[34.8012,29.8726],[34.8009,29.8735],[34.8005,29.8743],[34.8002,29.8752],[34.7998,29.8761],[34.7995,29.8769],[34.7992,29.8778],[34.7988,29.8787],[34.7985,29.8795],[34.7981,29.8804],[34.7978,29.8813],[34.7975,29.8821],[34.7971,29.883],[34.7968,29.8839],[34.7964,29.8847],[34.7961,29.8856],[34.7958,29.8865],[34.7955,29.8874],[34.7951,29.8883],[34.7948,29.8892],[34.7945,29.89],[34.7942,29.8909],[34.7938,29.8918],[34.7935,29.8927],[34.7932,29.8936],[34.7929,29.8945],[34.7925,29.8953],[34.7922,29.8962],[34.7919,29.8971],[34.7916,29.898],[34.7913,29.8989],[34.7909,29.8998],[34.7906,29.9006],[34.7903,29.9015],[34.79,29.9024],[34.7896,29.9033],[34.7893,29.9042],[34.789,29.9051],[34.7887,29.906],[34.7883,29.9068],[34.7879,29.9077],[34.7875,29.9086],[34.7872,29.9095],[34.7868,29.9104],[34.7864,29.9112],[34.786,29.9121],[34.7857,29.913],[34.7853,29.9139],[34.7849,29.9148],[34.7845,29.9156],[34.7842,29.9165],[34.7838,29.9174],[34.7834,29.9183],[34.783,29.9192],[34.7827,29.9201],[34.7824,29.9209],[34.7821,29.9218],[34.7818,29.9227],[34.7816,29.9236],[34.7813,29.9245],[34.781,29.9254],[34.7807,29.9263],[34.7804,29.9272],[34.7801,29.9281],[34.7798,29.929],[34.7795,29.9299],[34.7792,29.9308],[34.7789,29.9317],[34.7786,29.9326],[34.7783,29.9335],[34.778,29.9343],[34.7777,29.9352],[34.7774,29.9361],[34.7771,29.937],[34.7768,29.9379],[34.7765,29.9388],[34.7762,29.9397],[34.7759,29.9406],[34.7756,29.9415],[34.7753,29.9424],[34.775,29.9433],[34.7747,29.9442],[34.7744,29.9451],[34.774,29.946],[34.7737,29.9469],[34.7734,29.9478],[34.773,29.9487],[34.7727,29.9496],[34.7724,29.9505],[34.7721,29.9514],[34.7717,29.9523],[34.7714,29.9532],[34.7711,29.9541],[34.7707,29.955],[34.7704,29.9559],[34.7701,29.9568],[34.7698,29.9577],[34.7694,29.9586],[34.7691,29.9595],[34.7688,29.9604],[34.7685,29.9613],[34.7682,29.9622],[34.7679,29.9631],[34.7676,29.964],[34.7673,29.9649],[34.7669,29.9658],[34.7666,29.9666],[34.7663,29.9675],[34.766,29.9684],[34.7657,29.9693],[34.7654,29.9702],[34.7651,29.9711],[34.7647,29.972],[34.7644,29.9729],[34.7641,29.9738],[34.7638,29.9747],[34.7635,29.9755],[34.7631,29.9764],[34.7628,29.9773],[34.7625,29.9781],[34.7622,29.979],[34.7618,29.9799],[34.7615,29.9807],[34.7612,29.9816],[34.7609,29.9825],[34.7605,29.9833],[34.7602,29.9842],[34.7599,29.985],[34.7595,29.9859],[34.7592,29.9868],[34.7589,29.9876],[34.7586,29.9885],[34.7582,29.9894],[34.7579,29.9902],[34.7576,29.9911],[34.7573,29.992],[34.7569,29.9928],[34.7566,29.9937],[34.7563,29.9946],[34.7559,29.9954],[34.7556,29.9963],[34.7553,29.9972],[34.755,29.998],[34.7547,29.9989],[34.7544,29.9998],[34.7542,30.0007],[34.7539,30.0016],[34.7536,30.0025],[34.7533,30.0033],[34.753,30.0042],[34.7527,30.0051],[34.7524,30.006],[34.7522,30.0069],[34.7519,30.0078],[34.7516,30.0087],[34.7513,30.0095],[34.751,30.0104],[34.7507,30.0113],[34.7505,30.0122],[34.7502,30.0131],[34.7499,30.014],[34.7496,30.0149],[34.7493,30.0157],[34.749,30.0166],[34.7488,30.0175],[34.7485,30.0184],[34.7482,30.0193],[34.7479,30.0202],[34.7475,30.021],[34.7472,30.0219],[34.7468,30.0228],[34.7464,30.0237],[34.7461,30.0245],[34.7457,30.0254],[34.7453,30.0263],[34.745,30.0272],[34.7446,30.0281],[34.7443,30.0289],[34.7439,30.0298],[34.7435,30.0307],[34.7432,30.0316],[34.7428,30.0324],[34.7424,30.0333],[34.7421,30.0342],[34.7417,30.0351],[34.7413,30.0359],[34.741,30.0368],[34.7406,30.0377],[34.7402,30.0386],[34.7399,30.0395],[34.7395,30.0403],[34.7391,30.0412],[34.7387,30.0421],[34.7384,30.043],[34.738,30.0439],[34.7376,30.0448],[34.7373,30.0457],[34.7369,30.0465],[34.7365,30.0474],[34.7361,30.0483],[34.7358,30.0492],[34.7354,30.0501],[34.735,30.051],[34.7347,30.0518],[34.7343,30.0527],[34.7339,30.0536],[34.7336,30.0545],[34.7332,30.0553],[34.7328,30.0562],[34.7325,30.0571],[34.7321,30.058],[34.7317,30.0588],[34.7313,30.0597],[34.731,30.0606],[34.7306,30.0615],[34.7302,30.0624],[34.7299,30.0632],[34.7295,30.0641],[34.7291,30.065],[34.7288,30.0659],[34.7284,30.0667],[34.728,30.0676],[34.7277,30.0685],[34.7273,30.0693],[34.727,30.0702],[34.7266,30.071],[34.7262,30.0719],[34.7259,30.0727],[34.7255,30.0736],[34.7252,30.0744],[34.7248,30.0753],[34.7244,30.0761],[34.7241,30.077],[34.7237,30.0778],[34.7234,30.0787],[34.723,30.0795],[34.7226,30.0804],[34.7223,30.0812],[34.7219,30.0821],[34.7216,30.0829],[34.7212,30.0838],[34.7208,30.0846],[34.7205,30.0855],[34.7201,30.0863],[34.7198,30.0872],[34.7194,30.0881],[34.719,30.0889],[34.7187,30.0898],[34.7183,30.0907],[34.7179,30.0915],[34.7176,30.0924],[34.7172,30.0933],[34.7168,30.0941],[34.7165,30.095],[34.7161,30.0959],[34.7157,30.0967],[34.7154,30.0976],[34.715,30.0985],[34.7146,30.0993],[34.7143,30.1002],[34.7139,30.1011],[34.7135,30.1019],[34.7132,30.1028],[34.7128,30.1037],[34.7124,30.1045],[34.7121,30.1054],[34.7117,30.1063],[34.7113,30.1071],[34.711,30.108],[34.7106,30.1089],[34.7102,30.1097],[34.7099,30.1106],[34.7095,30.1115],[34.7091,30.1123],[34.7088,30.1132],[34.7084,30.1141],[34.708,30.1149],[34.7077,30.1158],[34.7073,30.1167],[34.7069,30.1176],[34.7066,30.1184],[34.7063,30.1193],[34.7059,30.1202],[34.7056,30.1211],[34.7053,30.122],[34.7049,30.1228],[34.7046,30.1237],[34.7043,30.1246],[34.7039,30.1255],[34.7036,30.1263],[34.7033,30.1272],[34.7029,30.1281],[34.7026,30.129],[34.7023,30.1299],[34.702,30.1307],[34.7016,30.1316],[34.7013,30.1325],[34.701,30.1334],[34.7006,30.1343],[34.7003,30.1351],[34.7,30.136],[34.6996,30.1369],[34.6993,30.1378],[34.699,30.1387],[34.6986,30.1395],[34.6983,30.1404],[34.698,30.1413],[34.6976,30.1422],[34.6973,30.1431],[34.697,30.1439],[34.6966,30.1448],[34.6963,30.1457],[34.696,30.1466],[34.6957,30.1475],[34.6953,30.1483],[34.695,30.1492],[34.6947,30.1501],[34.6943,30.1509],[34.694,30.1518],[34.6937,30.1527],[34.6934,30.1535],[34.693,30.1544],[34.6927,30.1552],[34.6924,30.1561],[34.6921,30.157],[34.6918,30.1578],[34.6914,30.1587],[34.6911,30.1595],[34.6908,30.1604],[34.6905,30.1613],[34.6901,30.1621],[34.6898,30.163],[34.6895,30.1638],[34.6892,30.1647],[34.6888,30.1656],[34.6885,30.1664],[34.6882,30.1673],[34.6879,30.1681],[34.6875,30.169],[34.6872,30.1699],[34.6869,30.1707],[34.6866,30.1716],[34.6862,30.1724],[34.6859,30.1733],[34.6856,30.1742],[34.6853,30.175],[34.6849,30.1759],[34.6846,30.1767],[34.6843,30.1776],[34.684,30.1785],[34.6836,30.1793],[34.6833,30.1802],[34.683,30.181],[34.6827,30.1819],[34.6823,30.1828],[34.682,30.1836],[34.6817,30.1845],[34.6814,30.1853],[34.681,30.1862],[34.6807,30.1871],[34.6804,30.1879],[34.6801,30.1888],[34.6798,30.1897],[34.6794,30.1905],[34.6791,30.1914],[34.6788,30.1922],[34.6785,30.1931],[34.6781,30.194],[34.6778,30.1948],[34.6775,30.1957],[34.6772,30.1965],[34.6768,30.1974],[34.6765,30.1983],[34.6762,30.1991],[34.6759,30.2],[34.6756,30.2008],[34.6752,30.2017],[34.6749,30.2026],[34.6746,30.2034],[34.6743,30.2043],[34.6739,30.2051],[34.6736,30.206],[34.6733,30.2069],[34.673,30.2077],[34.6726,30.2086],[34.6723,30.2095],[34.672,30.2103],[34.6717,30.2112],[34.6713,30.2121],[34.671,30.2129],[34.6707,30.2138],[34.6704,30.2147],[34.67,30.2155],[34.6697,30.2164],[34.6694,30.2172],[34.6691,30.2181],[34.6687,30.219],[34.6684,30.2198],[34.6681,30.2207],[34.6678,30.2216],[34.6674,30.2224],[34.6671,30.2233],[34.6668,30.2242],[34.6665,30.225],[34.6661,30.2259],[34.6658,30.2268],[34.6655,30.2276],[34.6651,30.2285],[34.6648,30.2294],[34.6644,30.2303],[34.6641,30.2312],[34.6638,30.232],[34.6634,30.2329],[34.6631,30.2338],[34.6627,30.2347],[34.6624,30.2356],[34.6621,30.2364],[34.6617,30.2373],[34.6614,30.2382],[34.661,30.2391],[34.6607,30.24],[34.6604,30.2408],[34.66,30.2417],[34.6597,30.2426],[34.6593,30.2435],[34.659,30.2443],[34.6587,30.2452],[34.6583,30.2461],[34.658,30.247],[34.6577,30.2478],[34.6573,30.2487],[34.657,30.2496],[34.6567,30.2504],[34.6563,30.2513],[34.656,30.2522],[34.6557,30.2531],[34.6553,30.2539],[34.655,30.2548],[34.6547,30.2557],[34.6543,30.2565],[34.654,30.2574],[34.6537,30.2583],[34.6533,30.2592],[34.653,30.26],[34.6527,30.2609],[34.6524,30.2618],[34.652,30.2626],[34.6517,30.2635],[34.6514,30.2644],[34.651,30.2653],[34.6507,30.2661],[34.6504,30.267],[34.65,30.2679],[34.6497,30.2687],[34.6494,30.2696],[34.649,30.2705],[34.6487,30.2713],[34.6484,30.2722],[34.648,30.2731],[34.6477,30.274],[34.6474,30.2748],[34.6471,30.2757],[34.6468,30.2766],[34.6464,30.2775],[34.6461,30.2783],[34.6458,30.2792],[34.6455,30.2801],[34.6452,30.281],[34.6448,30.2819],[34.6445,30.2827],[34.6442,30.2836],[34.6439,30.2845],[34.6436,30.2854],[34.6432,30.2862],[34.6429,30.2871],[34.6426,30.288],[34.6423,30.2889],[34.642,30.2897],[34.6416,30.2906],[34.6413,30.2915],[34.641,30.2924],[34.6407,30.2933],[34.6404,30.2941],[34.64,30.295],[34.6397,30.2959],[34.6394,30.2968],[34.6391,30.2976],[34.6387,30.2985],[34.6384,30.2994],[34.638,30.3002],[34.6377,30.3011],[34.6374,30.3019],[34.637,30.3028],[34.6367,30.3037],[34.6364,30.3045],[34.636,30.3054],[34.6357,30.3063],[34.6353,30.3071],[34.635,30.308],[34.6347,30.3089],[34.6343,30.3097],[34.634,30.3106],[34.6336,30.3114],[34.6333,30.3123],[34.633,30.3132],[34.6326,30.314],[34.6323,30.3149],[34.632,30.3158],[34.6316,30.3166],[34.6313,30.3175],[34.6309,30.3183],[34.6306,30.3192],[34.6303,30.3201],[34.6299,30.3209],[34.6296,30.3218],[34.6292,30.3227],[34.6289,30.3235],[34.6286,30.3244],[34.6282,30.3253],[34.6279,30.3261],[34.6276,30.327],[34.6273,30.3278],[34.627,30.3287],[34.6267,30.3296],[34.6263,30.3304],[34.626,30.3313],[34.6257,30.3322],[34.6254,30.333],[34.6251,30.3339],[34.6248,30.3348],[34.6245,30.3356],[34.6241,30.3365],[34.6238,30.3373],[34.6235,30.3382],[34.6232,30.3391],[34.6229,30.3399],[34.6226,30.3408],[34.6222,30.3417],[34.6219,30.3425],[34.6216,30.3434],[34.6213,30.3443],[34.621,30.3451],[34.6207,30.346],[34.6204,30.3468],[34.62,30.3477],[34.6197,30.3486],[34.6194,30.3494],[34.6191,30.3503],[34.6188,30.3512],[34.6185,30.352],[34.6182,30.3529],[34.6178,30.3538],[34.6175,30.3546],[34.6172,30.3555],[34.6169,30.3563],[34.6166,30.3572],[34.6163,30.3581],[34.6159,30.3589],[34.6156,30.3598],[34.6153,30.3607],[34.615,30.3615],[34.6147,30.3624],[34.6144,30.3633],[34.6141,30.3641],[34.6137,30.365],[34.6134,30.3658],[34.6131,30.3667],[34.6128,30.3676],[34.6125,30.3684],[34.6122,30.3693],[34.6118,30.3702],[34.6115,30.371],[34.6107,30.3716],[34.6098,30.3721],[34.609,30.3726],[34.6081,30.3732],[34.6072,30.3737],[34.6064,30.3742],[34.6055,30.3747],[34.6047,30.3753],[34.6038,30.3758],[34.6029,30.3763],[34.6021,30.3769],[34.6012,30.3774],[34.6004,30.3779],[34.5995,30.3785],[34.5987,30.379],[34.5978,30.3795],[34.5969,30.38],[34.5961,30.3806],[34.5952,30.3811],[34.5944,30.3816],[34.5935,30.3822],[34.5926,30.3827],[34.5918,30.3832],[34.5909,30.3838],[34.5901,30.3843],[34.5892,30.3848],[34.5883,30.3853],[34.5875,30.3859],[34.5866,30.3864],[34.5858,30.3869],[34.5849,30.3875],[34.5841,30.388],[34.5832,30.3885],[34.5823,30.389],[34.5815,30.3896],[34.5806,30.3901],[34.5798,30.3906],[34.5789,30.3912],[34.578,30.3917],[34.5772,30.3922],[34.5763,30.3928],[34.5755,30.3933],[34.5746,30.3938],[34.5737,30.3943],[34.5729,30.3949],[34.572,30.3954],[34.5712,30.3959],[34.5703,30.3965],[34.5695,30.397],[34.5686,30.3975],[34.5677,30.3981],[34.5669,30.3986],[34.566,30.3991],[34.5652,30.3996],[34.5643,30.4002],[34.5634,30.4007],[34.5626,30.4012],[34.5617,30.4018],[34.5609,30.4023],[34.56,30.4028],[34.5591,30.4034],[34.5583,30.4039],[34.5574,30.4044],[34.5566,30.4049],[34.5557,30.4055],[34.5548,30.406],[34.5539,30.4066],[34.5531,30.4071],[34.5522,30.4076],[34.5513,30.4082],[34.5505,30.4087],[34.5496,30.4092],[34.5487,30.4098],[34.5479,30.4103],[34.547,30.4108],[34.5461,30.4114],[34.5453,30.4119],[34.5444,30.4125],[34.5435,30.413],[34.5435,30.4139],[34.5434,30.4148],[34.5434,30.4157],[34.5433,30.4166],[34.5433,30.4175],[34.5432,30.4184],[34.5431,30.4193],[34.5431,30.4202],[34.543,30.4212],[34.543,30.4221],[34.5429,30.423],[34.5429,30.4239],[34.5428,30.4248],[34.5428,30.4257],[34.5427,30.4266],[34.5427,30.4275],[34.5426,30.4284],[34.5426,30.4293],[34.5425,30.4302],[34.5425,30.4311],[34.5424,30.4321],[34.5424,30.433],[34.5423,30.4339],[34.5423,30.4348],[34.5422,30.4357],[34.5422,30.4366],[34.5421,30.4375],[34.5421,30.4384],[34.542,30.4393],[34.542,30.4402],[34.5419,30.4411],[34.5419,30.442],[34.5421,30.4429],[34.5424,30.4438],[34.5426,30.4447],[34.5429,30.4456],[34.5432,30.4464],[34.5434,30.4473],[34.5437,30.4482],[34.544,30.4491],[34.5442,30.45],[34.5445,30.4508],[34.5447,30.4517],[34.545,30.4526],[34.5453,30.4535],[34.5455,30.4543],[34.5458,30.4552],[34.5461,30.4561],[34.5463,30.457],[34.5466,30.4579],[34.5468,30.4587],[34.5471,30.4596],[34.5474,30.4605],[34.5476,30.4614],[34.5479,30.4623],[34.5482,30.4631],[34.5484,30.464],[34.5487,30.4649],[34.549,30.4658],[34.5492,30.4667],[34.5495,30.4675],[34.5497,30.4684],[34.55,30.4693],[34.5503,30.4702],[34.5505,30.471],[34.5508,30.4719],[34.5511,30.4728],[34.5513,30.4737],[34.5516,30.4746],[34.5518,30.4754],[34.5521,30.4763],[34.5524,30.4772],[34.5526,30.4781],[34.5529,30.479],[34.5532,30.4798],[34.5534,30.4807],[34.5537,30.4816],[34.5539,30.4825],[34.5542,30.4834],[34.5545,30.4842],[34.5547,30.4851],[34.555,30.486],[34.5553,30.4869],[34.5555,30.4878],[34.5558,30.4886],[34.5561,30.4895],[34.5563,30.4904],[34.5566,30.4913],[34.5568,30.4921],[34.5571,30.493],[34.5574,30.4939],[34.5576,30.4948],[34.5569,30.4955],[34.5562,30.4962],[34.5555,30.4969],[34.5548,30.4975],[34.5541,30.4982],[34.5534,30.4989],[34.5526,30.4996],[34.5519,30.5003],[34.5512,30.501],[34.5505,30.5017],[34.5498,30.5024],[34.5491,30.5031],[34.5484,30.5037],[34.5477,30.5044],[34.547,30.5051],[34.5462,30.5058],[34.5455,30.5065],[34.5448,30.5072],[34.5441,30.5079],[34.5434,30.5086],[34.5427,30.5093],[34.542,30.51],[34.5413,30.5106],[34.5405,30.5113],[34.5398,30.512],[34.5391,30.5127],[34.5384,30.5134],[34.5377,30.5141],[34.537,30.5148],[34.5363,30.5155],[34.5356,30.5162],[34.5349,30.5168],[34.5341,30.5175],[34.5334,30.5182],[34.5327,30.5189],[34.532,30.5196],[34.5313,30.5203],[34.5306,30.521],[34.5299,30.5216],[34.5292,30.5223],[34.5285,30.523],[34.5278,30.5237],[34.5271,30.5244],[34.5264,30.5251],[34.5256,30.5257],[34.5249,30.5264],[34.5242,30.5271],[34.5235,30.5278],[34.5228,30.5285],[34.5221,30.5291],[34.5214,30.5298],[34.5207,30.5305],[34.52,30.5312],[34.5193,30.5319],[34.5186,30.5325],[34.5185,30.5335],[34.5184,30.5344],[34.5183,30.5353],[34.5181,30.5363],[34.518,30.5372],[34.5179,30.5381],[34.5177,30.5391],[34.5176,30.54],[34.5175,30.5409],[34.5173,30.5419],[34.5172,30.5428],[34.5171,30.5437],[34.517,30.5447],[34.5168,30.5456],[34.5167,30.5465],[34.5167,30.5475],[34.5168,30.5484],[34.5168,30.5493],[34.5169,30.5502],[34.5169,30.5511],[34.517,30.5521],[34.517,30.553],[34.517,30.5539],[34.5171,30.5548],[34.5171,30.5557],[34.5172,30.5566],[34.5172,30.5576],[34.5173,30.5585],[34.5173,30.5594],[34.5173,30.5603],[34.5174,30.5612],[34.5174,30.5621],[34.5175,30.5631],[34.5175,30.564],[34.5176,30.5649],[34.5176,30.5658],[34.5177,30.5667],[34.5177,30.5676],[34.5177,30.5686],[34.5178,30.5695],[34.5178,30.5704],[34.5179,30.5713],[34.5179,30.5722],[34.518,30.5732],[34.518,30.5741],[34.518,30.575],[34.5181,30.5759],[34.5181,30.5768],[34.5182,30.5777],[34.5182,30.5787],[34.5183,30.5796],[34.5183,30.5805],[34.5184,30.5814],[34.5184,30.5823],[34.5184,30.5832],[34.5185,30.5842],[34.5185,30.5851],[34.5186,30.586],[34.5186,30.5869],[34.5187,30.5878],[34.5187,30.5888],[34.5187,30.5897],[34.5188,30.5906],[34.5188,30.5915],[34.5189,30.5924],[34.5187,30.5933],[34.5184,30.5942],[34.5182,30.5951],[34.518,30.596],[34.5177,30.5969],[34.5175,30.5978],[34.5173,30.5987],[34.5171,30.5996],[34.5168,30.6005],[34.5166,30.6014],[34.5164,30.6023],[34.5162,30.6032],[34.5159,30.6041],[34.5157,30.605],[34.5155,30.6059],[34.5153,30.6068],[34.515,30.6077],[34.5148,30.6086],[34.5146,30.6095],[34.5144,30.6104],[34.5141,30.6113],[34.5139,30.6122],[34.5137,30.6131],[34.5135,30.614],[34.5132,30.6149],[34.513,30.6158],[34.5128,30.6167],[34.5126,30.6176],[34.5123,30.6185],[34.5121,30.6194],[34.5119,30.6203],[34.5117,30.6212],[34.5114,30.6221],[34.5112,30.623],[34.511,30.6239],[34.5108,30.6248],[34.5105,30.6257],[34.5103,30.6266],[34.5101,30.6275],[34.5099,30.6284],[34.5096,30.6293],[34.5094,30.6302],[34.5092,30.6311],[34.509,30.632],[34.5087,30.6329],[34.5085,30.6338],[34.5083,30.6348],[34.5081,30.6357],[34.5078,30.6366],[34.5076,30.6375],[34.5074,30.6384],[34.5072,30.6393],[34.5069,30.6402],[34.5067,30.6411],[34.5065,30.642],[34.5062,30.6429],[34.506,30.6438],[34.5058,30.6447],[34.5056,30.6456],[34.5053,30.6465],[34.5051,30.6474],[34.5049,30.6483],[34.5047,30.6493],[34.5044,30.6502],[34.5042,30.6511],[34.504,30.6519],[34.5038,30.6528],[34.5036,30.6537],[34.5033,30.6546],[34.5031,30.6555],[34.5029,30.6564],[34.5027,30.6573],[34.5024,30.6582],[34.5022,30.6591],[34.502,30.66],[34.5018,30.6609],[34.5015,30.6618],[34.5013,30.6627],[34.5011,30.6636],[34.5009,30.6644],[34.5006,30.6653],[34.5004,30.6662],[34.5002,30.6671],[34.5,30.668],[34.4997,30.6689],[34.4995,30.6698],[34.4993,30.6707],[34.4991,30.6716],[34.4988,30.6725],[34.4986,30.6734],[34.4984,30.6743],[34.4982,30.6752],[34.4979,30.6761],[34.4977,30.6769],[34.4975,30.6778],[34.4973,30.6787],[34.497,30.6796],[34.4966,30.6805],[34.4962,30.6813],[34.4957,30.6821],[34.4953,30.683],[34.4949,30.6838],[34.4944,30.6846],[34.494,30.6855],[34.4936,30.6863],[34.4931,30.6871],[34.4927,30.688],[34.4923,30.6888],[34.4918,30.6896],[34.4914,30.6905],[34.4909,30.6913],[34.4905,30.6921],[34.4901,30.693],[34.4896,30.6938],[34.4892,30.6946],[34.4888,30.6955],[34.4883,30.6963],[34.4879,30.6971],[34.4875,30.698],[34.487,30.6988],[34.4866,30.6996],[34.4862,30.7005],[34.4857,30.7013],[34.4853,30.7022],[34.4848,30.703],[34.4844,30.7038],[34.484,30.7047],[34.4835,30.7055],[34.4831,30.7063],[34.4827,30.7072],[34.4822,30.708],[34.4818,30.7089],[34.4813,30.7098],[34.4809,30.7106],[34.4804,30.7115],[34.48,30.7124],[34.4795,30.7133],[34.479,30.7142],[34.4786,30.715],[34.4781,30.7159],[34.4777,30.7168],[34.4772,30.7177],[34.4768,30.7186],[34.4763,30.7195],[34.4759,30.7203],[34.4754,30.7212],[34.475,30.722],[34.4746,30.7228],[34.4741,30.7237],[34.4737,30.7245],[34.4733,30.7253],[34.4728,30.7262],[34.4724,30.727],[34.4719,30.7279],[34.4715,30.7287],[34.4711,30.7296],[34.4706,30.7304],[34.4702,30.7312],[34.4697,30.7321],[34.4693,30.7329],[34.4689,30.7338],[34.4684,30.7346],[34.468,30.7355],[34.4675,30.7363],[34.4671,30.7371],[34.4667,30.738],[34.4662,30.7388],[34.4658,30.7397],[34.4654,30.7405],[34.4649,30.7414],[34.4645,30.7422],[34.464,30.743],[34.4636,30.7439],[34.4632,30.7447],[34.4627,30.7456],[34.4623,30.7464],[34.4619,30.7472],[34.4614,30.7481],[34.461,30.7489],[34.4605,30.7498],[34.4601,30.7507],[34.4596,30.7515],[34.4592,30.7524],[34.4587,30.7532],[34.4583,30.7541],[34.4578,30.755],[34.4574,30.7558],[34.4569,30.7567],[34.4565,30.7575],[34.4561,30.7584],[34.4556,30.7592],[34.4551,30.7601],[34.4547,30.761],[34.4542,30.7619],[34.4538,30.7628],[34.4533,30.7637],[34.4528,30.7645],[34.4524,30.7654],[34.4519,30.7663],[34.4514,30.7673],[34.4509,30.7682],[34.4504,30.7691],[34.45,30.7701],[34.4495,30.771],[34.449,30.7719],[34.4485,30.7729],[34.448,30.7738],[34.4475,30.7748],[34.447,30.7757],[34.4465,30.7766],[34.4461,30.7775],[34.4456,30.7785],[34.4451,30.7794],[34.4446,30.7803],[34.4441,30.7812],[34.4437,30.7821],[34.4433,30.7829],[34.4428,30.7838],[34.4424,30.7846],[34.4419,30.7855],[34.4415,30.7863],[34.441,30.7872],[34.4406,30.788],[34.4402,30.7889],[34.4397,30.7897],[34.4393,30.7906],[34.4388,30.7914],[34.4384,30.7923],[34.4379,30.7932],[34.4375,30.794],[34.437,30.7949],[34.4366,30.7957],[34.4362,30.7966],[34.4357,30.7974],[34.4353,30.7983],[34.4348,30.7991],[34.4344,30.8],[34.4339,30.8008],[34.4335,30.8017],[34.433,30.8025],[34.4326,30.8034],[34.4321,30.8043],[34.4317,30.8051],[34.4313,30.806],[34.4308,30.8069],[34.4304,30.8077],[34.4299,30.8086],[34.4295,30.8094],[34.429,30.8103],[34.4286,30.8112],[34.4281,30.812],[34.4277,30.8129],[34.4272,30.8138],[34.4268,30.8146],[34.4263,30.8155],[34.4258,30.8164],[34.4254,30.8173],[34.4249,30.8181],[34.4245,30.819],[34.424,30.8199],[34.4236,30.8208],[34.4231,30.8216],[34.4226,30.8225],[34.4222,30.8234],[34.4217,30.8242],[34.4213,30.8251],[34.4208,30.8259],[34.4204,30.8268],[34.4199,30.8277],[34.4195,30.8285],[34.419,30.8294],[34.4186,30.8303],[34.4181,30.8311],[34.4177,30.832],[34.4172,30.8328],[34.4168,30.8337],[34.4163,30.8346],[34.4159,30.8354],[34.4154,30.8363],[34.415,30.8371],[34.4145,30.838],[34.4141,30.8388],[34.4137,30.8397],[34.4132,30.8405],[34.4128,30.8414],[34.4123,30.8422],[34.4119,30.8431],[34.4114,30.8439],[34.411,30.8448],[34.4105,30.8456],[34.4101,30.8465],[34.4097,30.8473],[34.4092,30.8482],[34.4088,30.849],[34.4083,30.8499],[34.4079,30.8507],[34.4074,30.8516],[34.407,30.8524],[34.4066,30.8533],[34.4061,30.8541],[34.4057,30.855],[34.4052,30.8558],[34.4048,30.8567],[34.4043,30.8576],[34.4039,30.8584],[34.4034,30.8593],[34.4031,30.8601],[34.4028,30.861],[34.4024,30.8619],[34.4021,30.8627],[34.4018,30.8636],[34.4014,30.8645],[34.4011,30.8653],[34.4008,30.8662],[34.4004,30.8671],[34.4001,30.868],[34.3997,30.8688],[34.3994,30.8697],[34.3991,30.8706],[34.3987,30.8714],[34.3984,30.8723],[34.3981,30.8732],[34.3977,30.874],[34.3974,30.8749],[34.3971,30.8758],[34.3967,30.8767],[34.3964,30.8775],[34.396,30.8784],[34.3957,30.8793],[34.3954,30.8802],[34.395,30.8811],[34.3947,30.882],[34.3943,30.8828],[34.394,30.8837],[34.3937,30.8846],[34.3933,30.8855],[34.393,30.8864],[34.3926,30.8872],[34.3923,30.8881],[34.392,30.889],[34.3916,30.8899],[34.3913,30.8908],[34.3909,30.8917],[34.3906,30.8925],[34.3902,30.8934],[34.3899,30.8944],[34.3895,30.8953],[34.3891,30.8963],[34.3888,30.8972],[34.3884,30.8982],[34.388,30.8991],[34.3876,30.9001],[34.3873,30.9009],[34.387,30.9018],[34.3867,30.9026],[34.3863,30.9035],[34.386,30.9044],[34.3857,30.9052],[34.3853,30.9061],[34.385,30.9069],[34.3847,30.9078],[34.3843,30.9087],[34.384,30.9095],[34.3837,30.9104],[34.3833,30.9112],[34.383,30.9121],[34.3827,30.913],[34.3823,30.9138],[34.382,30.9147],[34.3817,30.9156],[34.3813,30.9164],[34.381,30.9173],[34.3807,30.9181],[34.3803,30.919],[34.38,30.9199],[34.3797,30.9207],[34.3793,30.9216],[34.379,30.9224],[34.3787,30.9233],[34.3783,30.9242],[34.378,30.925],[34.3777,30.9259],[34.3773,30.9267],[34.377,30.9276],[34.3766,30.9285],[34.3763,30.9293],[34.376,30.9302],[34.3756,30.9311],[34.3753,30.932],[34.375,30.9328],[34.3746,30.9337],[34.3743,30.9346],[34.374,30.9354],[34.3736,30.9363],[34.3733,30.9372],[34.3729,30.9381],[34.3726,30.9389],[34.3723,30.9398],[34.3719,30.9407],[34.3716,30.9416],[34.3712,30.9424],[34.3709,30.9433],[34.3705,30.9442],[34.3702,30.9451],[34.3698,30.946],[34.3695,30.9469],[34.3692,30.9478],[34.3688,30.9487],[34.3685,30.9496],[34.3681,30.9505],[34.3678,30.9514],[34.3674,30.9523],[34.3671,30.9531],[34.3667,30.954],[34.3664,30.9549],[34.366,30.9558],[34.3657,30.9567],[34.3654,30.9576],[34.365,30.9585],[34.3647,30.9594],[34.3643,30.9603],[34.364,30.9612],[34.3637,30.9621],[34.3633,30.963],[34.363,30.9639],[34.3626,30.9649],[34.3623,30.9657],[34.362,30.9666],[34.3616,30.9674],[34.3613,30.9683],[34.3609,30.9691],[34.3606,30.97],[34.3603,30.9708],[34.3599,30.9717],[34.3596,30.9726],[34.3591,30.9738],[34.3587,30.9751],[34.3583,30.9759],[34.358,30.9768],[34.3577,30.9777],[34.3573,30.9785],[34.357,30.9794],[34.3567,30.9803],[34.3563,30.9811],[34.356,30.982],[34.3557,30.9829],[34.3553,30.9837],[34.355,30.9846],[34.3547,30.9855],[34.3544,30.9863],[34.354,30.9872],[34.3537,30.9881],[34.3534,30.989],[34.353,30.9898],[34.3527,30.9907],[34.3524,30.9916],[34.352,30.9924],[34.3517,30.9933],[34.3514,30.9942],[34.351,30.9951],[34.3507,30.9961],[34.3503,30.997],[34.35,30.9979],[34.3496,30.9988],[34.3493,30.9998],[34.3489,31.0007],[34.3486,31.0016],[34.3482,31.0025],[34.3479,31.0035],[34.3475,31.0044],[34.3472,31.0053],[34.3468,31.0061],[34.3465,31.007],[34.3461,31.0079],[34.3458,31.0087],[34.3454,31.0096],[34.3451,31.0105],[34.3447,31.0114],[34.3444,31.0122],[34.344,31.0131],[34.3437,31.014],[34.3433,31.0148],[34.343,31.0157],[34.3426,31.0166],[34.3423,31.0175],[34.3419,31.0183],[34.3416,31.0192],[34.3412,31.0201],[34.3409,31.0209],[34.3405,31.0218],[34.3402,31.0227],[34.3398,31.0236],[34.3394,31.0244],[34.339,31.0253],[34.3386,31.0261],[34.3382,31.027],[34.3379,31.0279],[34.3375,31.0287],[34.3371,31.0296],[34.3367,31.0305],[34.3363,31.0313],[34.3359,31.0322],[34.3355,31.033],[34.3351,31.0339],[34.3347,31.0348],[34.3343,31.0356],[34.3339,31.0365],[34.3336,31.0374],[34.3332,31.0382],[34.3328,31.0391],[34.3324,31.04],[34.3321,31.0408],[34.3317,31.0417],[34.3314,31.0426],[34.3311,31.0435],[34.3308,31.0444],[34.3304,31.0452],[34.3301,31.0461],[34.3298,31.047],[34.3295,31.0479],[34.3291,31.0488],[34.3288,31.0497],[34.3285,31.0505],[34.3282,31.0514],[34.3279,31.0523],[34.3275,31.0532],[34.3272,31.0541],[34.3269,31.055],[34.3266,31.0558],[34.3262,31.0567],[34.3259,31.0576],[34.3256,31.0585],[34.3253,31.0594],[34.3249,31.0603],[34.3246,31.0611],[34.3243,31.062],[34.324,31.0629],[34.3237,31.0638],[34.3234,31.0647],[34.3231,31.0656],[34.3228,31.0665],[34.3224,31.0673],[34.3221,31.0682],[34.3218,31.0691],[34.3215,31.07],[34.3212,31.0709],[34.3209,31.0718],[34.3206,31.0727],[34.3203,31.0735],[34.3199,31.0744],[34.3196,31.0753],[34.3193,31.0762],[34.319,31.0771],[34.3187,31.078],[34.3184,31.0789],[34.3181,31.0798],[34.3178,31.0806],[34.3174,31.0815],[34.3171,31.0824],[34.3168,31.0834],[34.3164,31.0843],[34.3161,31.0852],[34.3158,31.0861],[34.3155,31.087],[34.3151,31.088],[34.3148,31.0889],[34.3145,31.0898],[34.3141,31.0907],[34.3138,31.0916],[34.3135,31.0925],[34.3131,31.0935],[34.3128,31.0944],[34.3125,31.0953],[34.3121,31.0962],[34.3118,31.0971],[34.3115,31.098],[34.3111,31.0989],[34.3108,31.0999],[34.3105,31.1008],[34.3102,31.1017],[34.3098,31.1025],[34.3095,31.1034],[34.3092,31.1043],[34.3089,31.1052],[34.3086,31.1061],[34.3082,31.107],[34.3079,31.1078],[34.3076,31.1087],[34.3073,31.1096],[34.307,31.1105],[34.3066,31.1114],[34.3063,31.1123],[34.306,31.1132],[34.3057,31.114],[34.3054,31.1149],[34.305,31.1158],[34.3047,31.1167],[34.3044,31.1176],[34.3041,31.1185],[34.3038,31.1194],[34.3034,31.1202],[34.3031,31.1211],[34.3028,31.122],[34.3025,31.1229],[34.3021,31.1238],[34.3018,31.1247],[34.3015,31.1255],[34.3012,31.1264],[34.3009,31.1273],[34.3006,31.1282],[34.3002,31.1291],[34.2999,31.1299],[34.2996,31.1308],[34.2993,31.1317],[34.299,31.1326],[34.2987,31.1335],[34.2983,31.1343],[34.298,31.1352],[34.2977,31.1361],[34.2974,31.137],[34.2971,31.1379],[34.2967,31.1387],[34.2964,31.1396],[34.2961,31.1405],[34.2958,31.1414],[34.2955,31.1422],[34.2952,31.1431],[34.2949,31.1439],[34.2946,31.1448],[34.2942,31.1457],[34.2939,31.1465],[34.2936,31.1474],[34.2933,31.1483],[34.293,31.1491],[34.2927,31.15],[34.2924,31.1509],[34.292,31.1517],[34.2917,31.1526],[34.2914,31.1535],[34.2911,31.1543],[34.2908,31.1552],[34.2905,31.156],[34.2902,31.1569],[34.2899,31.1578],[34.2895,31.1586],[34.2892,31.1595],[34.2889,31.1604],[34.2886,31.1612],[34.2883,31.1621],[34.288,31.163],[34.2877,31.1638],[34.2874,31.1647],[34.287,31.1656],[34.2867,31.1664],[34.2864,31.1673],[34.2861,31.1681],[34.2858,31.169],[34.2855,31.1699],[34.2852,31.1707],[34.2849,31.1716],[34.2845,31.1725],[34.2842,31.1733],[34.2839,31.1742],[34.2836,31.1751],[34.2833,31.1759],[34.283,31.1768],[34.2827,31.1776],[34.2824,31.1785],[34.282,31.1794],[34.2817,31.1802],[34.2814,31.1811],[34.2811,31.182],[34.2808,31.1828],[34.2805,31.1837],[34.2802,31.1845],[34.2799,31.1854],[34.2795,31.1863],[34.2792,31.1871],[34.2789,31.188],[34.2786,31.1889],[34.2783,31.1897],[34.278,31.1906],[34.2777,31.1914],[34.2774,31.1923],[34.277,31.1932],[34.2767,31.194],[34.2764,31.1949],[34.2761,31.1958],[34.2758,31.1966],[34.2755,31.1975],[34.2752,31.1983],[34.2749,31.1992],[34.2745,31.2001],[34.2742,31.2009],[34.2739,31.2018],[34.2736,31.2027],[34.2733,31.2035],[34.273,31.2044],[34.2726,31.2053],[34.2723,31.2062],[34.272,31.2071],[34.2717,31.208],[34.2714,31.2089],[34.271,31.2097],[34.2707,31.2106],[34.2704,31.2115],[34.2701,31.2124],[34.2698,31.2133],[34.2702,31.2134],[34.2712,31.2137],[34.2723,31.214],[34.2733,31.2142],[34.2736,31.2133],[34.274,31.2124],[34.2743,31.2115],[34.2746,31.2105],[34.275,31.2096],[34.2753,31.2087],[34.2757,31.2078],[34.276,31.2069],[34.2763,31.2059],[34.2768,31.2047],[34.2772,31.2034],[34.2776,31.2024],[34.278,31.2014],[34.2784,31.2004],[34.2787,31.1995],[34.2791,31.1985],[34.2795,31.1975],[34.2798,31.1967],[34.2802,31.1958],[34.2806,31.1949],[34.2809,31.194],[34.2813,31.1932],[34.2817,31.1923],[34.282,31.1914],[34.2824,31.1906],[34.2828,31.1897],[34.2831,31.1888],[34.2835,31.188],[34.2837,31.187],[34.284,31.1859],[34.2844,31.1849],[34.2847,31.1839],[34.285,31.1829],[34.2853,31.1818],[34.2856,31.1809],[34.2859,31.1799],[34.2863,31.1787],[34.2868,31.1776],[34.2871,31.1767],[34.2874,31.1758],[34.2877,31.175],[34.288,31.1741],[34.2883,31.1732],[34.2886,31.1724],[34.289,31.1715],[34.2893,31.1707],[34.2896,31.1698],[34.29,31.1686],[34.2905,31.1673],[34.291,31.1663],[34.2915,31.1654],[34.292,31.1644],[34.2924,31.1634],[34.2928,31.1624],[34.293,31.1614],[34.2933,31.1602],[34.2935,31.1591],[34.294,31.1575],[34.2944,31.1566],[34.2947,31.1556],[34.2951,31.1547],[34.2954,31.1537],[34.2958,31.1528],[34.2961,31.1519],[34.2964,31.1509],[34.2968,31.1499],[34.2972,31.1489],[34.2976,31.1479],[34.2979,31.1469],[34.2983,31.1459],[34.2987,31.1449],[34.2993,31.144],[34.2999,31.143],[34.3005,31.142],[34.3012,31.141],[34.3018,31.1398],[34.3023,31.1385],[34.3025,31.1375],[34.3027,31.1364],[34.3028,31.1354],[34.303,31.1344],[34.3032,31.1334],[34.3034,31.1324],[34.3036,31.1314],[34.3039,31.1308],[34.3043,31.1299],[34.3048,31.129],[34.3052,31.1281],[34.3057,31.1272],[34.3061,31.1263],[34.3066,31.1254],[34.3071,31.1244],[34.3075,31.1234],[34.3078,31.1222],[34.3078,31.1213],[34.3078,31.1204],[34.3078,31.1195],[34.3079,31.119],[34.3086,31.1173],[34.3092,31.1157],[34.3096,31.1146],[34.3101,31.1134],[34.3105,31.1124],[34.311,31.1113],[34.3114,31.1102],[34.3119,31.109],[34.3124,31.1078],[34.3126,31.1075],[34.3131,31.1068],[34.3137,31.1061],[34.3144,31.1053],[34.3151,31.1045],[34.3158,31.1037],[34.3164,31.103],[34.3169,31.1023],[34.3172,31.1018],[34.3175,31.1011],[34.3178,31.1003],[34.3179,31.0994],[34.3179,31.0983],[34.3177,31.0973],[34.3176,31.0963],[34.3174,31.0953],[34.3174,31.095],[34.3175,31.0948],[34.3175,31.0946],[34.3179,31.0938],[34.3183,31.0929],[34.3191,31.0912],[34.3198,31.0897],[34.3203,31.0886],[34.3207,31.0877],[34.3213,31.0864],[34.3219,31.0852],[34.3223,31.0843],[34.3225,31.0838],[34.323,31.0828],[34.3232,31.0823],[34.3234,31.0819],[34.3235,31.0814],[34.3236,31.0809],[34.3237,31.0803],[34.3238,31.0793],[34.3238,31.0787],[34.3239,31.0779],[34.3241,31.0772],[34.3244,31.0763],[34.3247,31.0753],[34.325,31.0743],[34.3254,31.0732],[34.3259,31.0717],[34.326,31.0714],[34.3263,31.0708],[34.3267,31.0702],[34.3272,31.0692],[34.328,31.0679],[34.3285,31.0669],[34.3288,31.0658],[34.3291,31.0646],[34.3292,31.064],[34.3295,31.0626],[34.3296,31.0619],[34.3298,31.061],[34.3299,31.0604],[34.3301,31.0599],[34.3305,31.0585],[34.3311,31.0571],[34.3315,31.0559],[34.3318,31.055],[34.332,31.0547],[34.3323,31.054],[34.3326,31.0535],[34.333,31.053],[34.3337,31.0519],[34.3345,31.0508],[34.335,31.05],[34.3355,31.0493],[34.3362,31.0482],[34.3368,31.0473],[34.3374,31.0465],[34.3377,31.0458],[34.338,31.0445],[34.3381,31.0428],[34.3382,31.0419],[34.3382,31.0403],[34.3383,31.0386],[34.3383,31.0381],[34.3384,31.0379],[34.3384,31.0377],[34.3387,31.0372],[34.3391,31.0364],[34.3395,31.0356],[34.34,31.0348],[34.3406,31.0336],[34.3412,31.0325],[34.3417,31.0316],[34.3421,31.0308],[34.3425,31.0299],[34.343,31.0291],[34.3433,31.0284],[34.3436,31.028],[34.3438,31.0273],[34.344,31.0267],[34.3442,31.0261],[34.3442,31.0257],[34.3443,31.0252],[34.3444,31.0241],[34.3446,31.023],[34.3448,31.0218],[34.3449,31.0209],[34.3451,31.02],[34.3453,31.0193],[34.3456,31.0185],[34.346,31.0176],[34.3463,31.0171],[34.3468,31.0159],[34.3471,31.0153],[34.3474,31.0149],[34.348,31.0136],[34.3485,31.0125],[34.349,31.0115],[34.3495,31.0105],[34.35,31.0095],[34.3506,31.0082],[34.3507,31.0079],[34.3508,31.0076],[34.351,31.0071],[34.3512,31.0067],[34.3513,31.0063],[34.3514,31.0059],[34.3516,31.0051],[34.3519,31.0036],[34.352,31.0031],[34.3521,31.0028],[34.3522,31.0022],[34.3522,31.002],[34.3523,31.0017],[34.3525,31.0013],[34.3527,31.0007],[34.3528,31.0004],[34.3532,30.9996],[34.3536,30.9988],[34.3539,30.9983],[34.354,30.9981],[34.3541,30.9979],[34.3544,30.9973],[34.3547,30.9967],[34.3549,30.9963],[34.3555,30.9951],[34.356,30.9941],[34.3564,30.9932],[34.3566,30.9928],[34.3569,30.9921],[34.357,30.9917],[34.3571,30.9912],[34.3572,30.9907],[34.3573,30.9904],[34.3575,30.9892],[34.3576,30.9885],[34.3577,30.9879],[34.3578,30.9873],[34.358,30.9864],[34.3582,30.9855],[34.3584,30.9849],[34.3588,30.9839],[34.3593,30.9826],[34.3598,30.9818],[34.3602,30.9809],[34.3607,30.9798],[34.3612,30.9788],[34.3617,30.9779],[34.3624,30.9763],[34.3627,30.9757],[34.3628,30.9752],[34.3631,30.9743],[34.3631,30.9741]]]]}},{"type":"Feature","properties":{"name":"131 ב","remarks":"073-3483007, matampatzan@gmail.com"},"geometry":{"type":"MultiPolygon","coordinates":[[[[35.7338,33.1387],[35.7342,33.1387],[35.7353,33.1391],[35.7361,33.1395],[35.7404,33.1394],[35.7414,33.1393],[35.7425,33.1391],[35.7441,33.1391],[35.745,33.139],[35.7518,33.1388],[35.7539,33.1385],[35.7546,33.1384],[35.7548,33.1366],[35.7547,33.1332],[35.7548,33.1302],[35.7548,33.1279],[35.755,33.1261],[35.7562,33.1253],[35.7599,33.1229],[35.7629,33.1208],[35.7655,33.1192],[35.7666,33.1177],[35.7675,33.1166],[35.7678,33.1156],[35.7687,33.114],[35.7703,33.1111],[35.7708,33.1101],[35.771,33.1079],[35.7712,33.1068],[35.7714,33.1053],[35.772,33.1034],[35.7741,33.1007],[35.7754,33.0993],[35.7762,33.0986],[35.7769,33.0973],[35.778,33.096],[35.7791,33.0946],[35.7693,33.0928],[35.7631,33.0913],[35.7578,33.0903],[35.757,33.0899],[35.7569,33.0899],[35.7568,33.0896],[35.7571,33.0793],[35.7572,33.0766],[35.7576,33.074],[35.759,33.0724],[35.7606,33.07],[35.7604,33.0695],[35.7593,33.0687],[35.7565,33.0668],[35.755,33.0663],[35.7533,33.0661],[35.751,33.0657],[35.7492,33.0657],[35.7454,33.0644],[35.7436,33.063],[35.7422,33.0654],[35.7402,33.0695],[35.739,33.0716],[35.7383,33.0736],[35.7348,33.08],[35.7325,33.0854],[35.7314,33.0882],[35.7297,33.0914],[35.7289,33.0941],[35.7276,33.097],[35.7281,33.1009],[35.7284,33.103],[35.7284,33.1054],[35.7287,33.1056],[35.729,33.1141],[35.7288,33.1196],[35.7288,33.1232],[35.729,33.1283],[35.7291,33.1291],[35.7298,33.1301],[35.7311,33.1317],[35.7315,33.1319],[35.7323,33.1322],[35.7332,33.1321],[35.7337,33.1327],[35.7337,33.1337],[35.7337,33.1349],[35.7337,33.1361],[35.7336,33.1369],[35.7338,33.1387]]]]}},{"type":"Feature","properties":{"name":"50","remarks":"pkdarom@gmail.com , 08-99029268"},"geometry":{"type":"MultiPolygon","coordinates":[[[[35.1297,30.2986],[35.129,30.2958],[35.1289,30.2938],[35.1299,30.2914],[35.1307,30.2903],[35.1305,30.2888],[35.1304,30.2874],[35.1299,30.2862],[35.1299,30.2834],[35.1302,30.2812],[35.1316,30.2772],[35.1328,30.2719],[35.1345,30.2666],[35.1346,30.2642],[35.135,30.2605],[35.1343,30.2566],[35.1336,30.2513],[35.133,30.2474],[35.1324,30.2443],[35.1324,30.2396],[35.1327,30.2334],[35.1327,30.2299],[35.1338,30.2269],[35.1353,30.2241],[35.1357,30.2229],[35.1353,30.2187],[35.1356,30.2158],[35.1347,30.2096],[35.1343,30.204],[35.1341,30.199],[35.1338,30.1908],[35.1334,30.1879],[35.1334,30.1852],[35.1331,30.1837],[35.1317,30.1806],[35.1305,30.1781],[35.1301,30.1759],[35.129,30.1732],[35.1274,30.17],[35.1281,30.1672],[35.1287,30.1624],[35.1287,30.1619],[35.1285,30.1588],[35.1284,30.1543],[35.1283,30.1497],[35.1287,30.1473],[35.1304,30.1449],[35.1337,30.1402],[35.1394,30.1337],[35.1431,30.1297],[35.1443,30.1269],[35.1445,30.126],[35.1451,30.1227],[35.1452,30.1202],[35.1447,30.1169],[35.1434,30.1106],[35.1427,30.1072],[35.1415,30.1062],[35.1401,30.1051],[35.1378,30.1006],[35.135,30.0997],[35.1303,30.0975],[35.1271,30.0941],[35.1251,30.0922],[35.1237,30.0898],[35.1217,30.0882],[35.1186,30.0846],[35.1176,30.0815],[35.1174,30.08],[35.1171,30.0766],[35.1167,30.0706],[35.1161,30.0653],[35.1147,30.0597],[35.1123,30.0551],[35.1083,30.0497],[35.104,30.0447],[35.1002,30.0412],[35.0937,30.0396],[35.0785,30.0396],[35.0725,30.0391],[35.0565,30.0384],[35.0534,30.04],[35.0507,30.041],[35.0469,30.0414],[35.045,30.0427],[35.0444,30.0441],[35.0447,30.045],[35.0455,30.0455],[35.0469,30.0465],[35.0471,30.0473],[35.0474,30.0477],[35.0475,30.0479],[35.0463,30.0493],[35.0448,30.0514],[35.0438,30.0528],[35.0423,30.0535],[35.0409,30.0536],[35.0337,30.0538],[35.0334,30.0549],[35.0332,30.0553],[35.0324,30.0557],[35.032,30.0558],[35.0309,30.0554],[35.0301,30.0553],[35.0266,30.0555],[35.0256,30.0561],[35.0249,30.0562],[35.0242,30.0562],[35.0235,30.0559],[35.023,30.0551],[35.0216,30.0553],[35.0179,30.0561],[35.0124,30.058],[35.0106,30.0643],[35.0091,30.0738],[35.0078,30.0811],[35.008,30.085],[35.0081,30.0869],[35.0082,30.0899],[35.0085,30.0931],[35.009,30.095],[35.0099,30.0983],[35.0104,30.1018],[35.0114,30.106],[35.0137,30.1168],[35.0151,30.1221],[35.0181,30.127],[35.0189,30.1279],[35.0202,30.1295],[35.0221,30.1322],[35.0238,30.1353],[35.0245,30.1374],[35.0251,30.14],[35.0252,30.1422],[35.0245,30.145],[35.0236,30.148],[35.0223,30.1511],[35.0213,30.1537],[35.021,30.1542],[35.0206,30.1569],[35.0201,30.1588],[35.0192,30.1618],[35.0191,30.1622],[35.0182,30.1653],[35.0179,30.1666],[35.0173,30.1696],[35.0168,30.1715],[35.0158,30.1745],[35.0161,30.1752],[35.018,30.1759],[35.0181,30.1777],[35.0171,30.1784],[35.0153,30.1793],[35.0137,30.1799],[35.0127,30.1824],[35.0126,30.1824],[35.0108,30.1864],[35.0098,30.1904],[35.0093,30.1918],[35.0091,30.1928],[35.0088,30.194],[35.0087,30.196],[35.009,30.1987],[35.0096,30.2019],[35.0102,30.2055],[35.011,30.21],[35.0114,30.2126],[35.0119,30.2158],[35.0125,30.217],[35.0131,30.2178],[35.0143,30.22],[35.0146,30.2207],[35.0152,30.2221],[35.0162,30.2245],[35.0173,30.2276],[35.0183,30.2295],[35.0195,30.2322],[35.0207,30.2341],[35.0213,30.2351],[35.0225,30.2371],[35.0228,30.2387],[35.0228,30.2406],[35.0231,30.2432],[35.0231,30.244],[35.0236,30.2489],[35.0237,30.2514],[35.024,30.2532],[35.0245,30.2545],[35.0248,30.2561],[35.0249,30.258],[35.0245,30.2593],[35.0237,30.2622],[35.0236,30.2643],[35.0237,30.266],[35.0235,30.2681],[35.0233,30.2687],[35.0228,30.2704],[35.0225,30.2715],[35.0219,30.2728],[35.0216,30.274],[35.0212,30.2755],[35.0213,30.2765],[35.022,30.2771],[35.0239,30.2781],[35.0258,30.2785],[35.0278,30.2787],[35.0315,30.2784],[35.0377,30.2783],[35.0419,30.2779],[35.0458,30.2781],[35.0504,30.2786],[35.0532,30.279],[35.0593,30.2804],[35.0638,30.2817],[35.0669,30.2827],[35.0706,30.2842],[35.0719,30.2849],[35.075,30.2865],[35.076,30.2873],[35.078,30.2884],[35.0812,30.2892],[35.0854,30.2894],[35.0898,30.2897],[35.0921,30.2898],[35.0961,30.2901],[35.0988,30.2904],[35.1017,30.2908],[35.1046,30.2914],[35.1072,30.2921],[35.1093,30.2932],[35.1137,30.2953],[35.1177,30.297],[35.121,30.298],[35.1239,30.299],[35.1256,30.2993],[35.1276,30.2998],[35.1297,30.3],[35.1297,30.2986]]]]}},{"type":"Feature","properties":{"name":"300","remarks":"pkdarom@gmail.com , 08-99029268"},"geometry":{"type":"MultiPolygon","coordinates":[[[[34.3994,31.1959],[34.3998,31.1959],[34.4009,31.196],[34.4019,31.1961],[34.403,31.1962],[34.4038,31.1962],[34.4103,31.1968],[34.4307,31.1975],[34.4387,31.198],[34.4598,31.197],[34.479,31.196],[34.4846,31.1863],[34.4867,31.1866],[34.4881,31.1863],[34.4903,31.186],[34.4914,31.1859],[34.4932,31.1858],[34.4965,31.186],[34.4984,31.1863],[34.5001,31.1866],[34.5008,31.1869],[34.5019,31.1872],[34.5065,31.1867],[34.5148,31.186],[34.5155,31.1813],[34.5165,31.1812],[34.5387,31.1809],[34.543,31.1808],[34.5447,31.1808],[34.5485,31.1791],[34.5401,31.1703],[34.5463,31.1633],[34.5464,31.1632],[34.5519,31.1669],[34.5597,31.1692],[34.563,31.1725],[34.564,31.1717],[34.5652,31.1728],[34.5661,31.1721],[34.5673,31.1725],[34.568,31.1732],[34.5707,31.1724],[34.5724,31.1712],[34.5769,31.1674],[34.5805,31.165],[34.5855,31.1623],[34.5867,31.1614],[34.59,31.1588],[34.5922,31.1571],[34.5952,31.1551],[34.5998,31.152],[34.6032,31.1499],[34.6041,31.1493],[34.6054,31.1483],[34.6063,31.1475],[34.6099,31.1442],[34.6128,31.1427],[34.6131,31.1425],[34.6154,31.1414],[34.6162,31.1395],[34.6169,31.138],[34.623,31.133],[34.6259,31.1305],[34.6325,31.1251],[34.6338,31.1247],[34.6358,31.1242],[34.6355,31.1225],[34.6391,31.12],[34.6398,31.119],[34.6402,31.1185],[34.6408,31.1176],[34.6414,31.1168],[34.6422,31.1157],[34.6426,31.1151],[34.6434,31.1139],[34.6447,31.1128],[34.6471,31.1116],[34.6486,31.1109],[34.6505,31.11],[34.6514,31.1095],[34.6525,31.1083],[34.6546,31.1062],[34.6558,31.1057],[34.6573,31.1048],[34.6578,31.1039],[34.6582,31.1032],[34.6581,31.1021],[34.6578,31.101],[34.6586,31.0991],[34.6592,31.0975],[34.6611,31.0972],[34.6634,31.0967],[34.6643,31.0953],[34.6643,31.0943],[34.6644,31.0931],[34.6645,31.0915],[34.6639,31.0908],[34.6628,31.0894],[34.6626,31.0879],[34.6619,31.0866],[34.6626,31.0844],[34.6633,31.082],[34.6627,31.0806],[34.6618,31.0793],[34.6608,31.0785],[34.6581,31.0764],[34.6576,31.0758],[34.6561,31.074],[34.6563,31.0725],[34.6555,31.0695],[34.6566,31.0663],[34.6568,31.0658],[34.657,31.0651],[34.6573,31.0641],[34.6589,31.0624],[34.6604,31.0613],[34.6613,31.0606],[34.6619,31.0604],[34.6623,31.0599],[34.6653,31.0583],[34.6678,31.0579],[34.6696,31.0582],[34.6708,31.058],[34.671,31.0575],[34.6739,31.057],[34.6751,31.0561],[34.6752,31.0552],[34.6753,31.054],[34.6753,31.0535],[34.6757,31.0532],[34.6777,31.0517],[34.6796,31.05],[34.6821,31.0479],[34.6825,31.0477],[34.6819,31.045],[34.6798,31.0431],[34.6794,31.0404],[34.6794,31.0356],[34.6818,31.0343],[34.6836,31.0326],[34.6864,31.0299],[34.6862,31.0278],[34.6874,31.0269],[34.6913,31.0274],[34.6937,31.024],[34.6937,31.0224],[34.6943,31.0212],[34.6953,31.0199],[34.6956,31.0196],[34.6977,31.0138],[34.6977,31.0132],[34.6976,31.0129],[34.6976,31.0126],[34.6974,31.0114],[34.6972,31.0103],[34.6967,31.0075],[34.6962,31.0054],[34.6968,31.0033],[34.6976,31.0006],[34.6978,30.9996],[34.7003,30.9987],[34.7013,30.9964],[34.7014,30.9933],[34.7001,30.9902],[34.699,30.9875],[34.6975,30.9858],[34.6969,30.9831],[34.6954,30.9805],[34.6938,30.98],[34.6907,30.9792],[34.6907,30.985],[34.6814,30.9849],[34.6814,30.9833],[34.6741,30.9841],[34.6732,30.9839],[34.6727,30.9836],[34.6727,30.976],[34.6733,30.976],[34.6733,30.9742],[34.6715,30.9739],[34.6693,30.9739],[34.6671,30.9734],[34.6664,30.9731],[34.6658,30.9724],[34.6664,30.9715],[34.6678,30.9713],[34.6701,30.9715],[34.6723,30.9717],[34.6733,30.972],[34.6733,30.972],[34.6733,30.9719],[34.673,30.9718],[34.6708,30.9703],[34.6681,30.9685],[34.665,30.9666],[34.6615,30.9646],[34.6561,30.9613],[34.6552,30.9616],[34.6524,30.9626],[34.6505,30.9642],[34.6484,30.965],[34.6444,30.9668],[34.6421,30.9678],[34.6401,30.9682],[34.636,30.9689],[34.6319,30.9688],[34.6302,30.9688],[34.6276,30.9678],[34.6236,30.9663],[34.6208,30.9643],[34.6191,30.9631],[34.614,30.9593],[34.6096,30.9561],[34.605,30.9527],[34.6033,30.9515],[34.6013,30.9501],[34.5962,30.9465],[34.5947,30.9455],[34.594,30.9462],[34.5932,30.947],[34.5943,30.947],[34.5943,30.9481],[34.5943,30.9484],[34.5943,30.9489],[34.5906,30.9488],[34.5906,30.9479],[34.5906,30.9468],[34.5919,30.9469],[34.5924,30.9463],[34.5938,30.9448],[34.5777,30.9338],[34.5672,30.9267],[34.5648,30.9251],[34.5561,30.9191],[34.5529,30.9183],[34.5518,30.9182],[34.5512,30.9181],[34.5464,30.9172],[34.543,30.9168],[34.5411,30.9166],[34.5407,30.9165],[34.5358,30.9159],[34.5325,30.9153],[34.5297,30.9148],[34.5257,30.9147],[34.5145,30.9114],[34.5101,30.9098],[34.4968,30.9059],[34.4878,30.903],[34.4826,30.903],[34.4781,30.9036],[34.4751,30.9038],[34.4695,30.9049],[34.4631,30.9057],[34.4591,30.9061],[34.4556,30.9056],[34.452,30.905],[34.4499,30.9039],[34.4473,30.9033],[34.4461,30.907],[34.4392,30.9065],[34.4408,30.9093],[34.4453,30.9096],[34.444,30.9135],[34.4423,30.9184],[34.4409,30.9227],[34.4386,30.9295],[34.4382,30.9297],[34.438,30.9298],[34.4379,30.9299],[34.4375,30.9303],[34.4373,30.9303],[34.4367,30.9307],[34.4366,30.9308],[34.4354,30.9312],[34.435,30.9313],[34.4342,30.9316],[34.4339,30.9318],[34.4334,30.932],[34.4331,30.9322],[34.433,30.9322],[34.4328,30.9322],[34.4327,30.9323],[34.4326,30.9323],[34.4322,30.9324],[34.4322,30.9324],[34.4318,30.9325],[34.4314,30.9325],[34.4308,30.9323],[34.4307,30.9322],[34.4306,30.9322],[34.4306,30.9321],[34.4304,30.932],[34.4302,30.932],[34.4299,30.9319],[34.4297,30.9318],[34.4293,30.9318],[34.429,30.9317],[34.4286,30.9317],[34.4283,30.9317],[34.428,30.9317],[34.4278,30.9317],[34.4274,30.9317],[34.4269,30.9317],[34.4265,30.9318],[34.4263,30.9319],[34.4261,30.932],[34.4261,30.932],[34.426,30.932],[34.4257,30.9322],[34.4255,30.9322],[34.4254,30.9323],[34.4254,30.9324],[34.425,30.933],[34.4235,30.9346],[34.4223,30.936],[34.4216,30.9367],[34.4192,30.9383],[34.4169,30.9398],[34.4146,30.9413],[34.4134,30.943],[34.4121,30.9438],[34.4092,30.9437],[34.4049,30.9429],[34.4016,30.9432],[34.401,30.945],[34.4012,30.9459],[34.4022,30.9493],[34.4021,30.951],[34.4005,30.9527],[34.3993,30.9528],[34.3998,30.9616],[34.4,30.9647],[34.3803,30.9788],[34.3666,30.9791],[34.361,30.9793],[34.3584,30.9793],[34.357,30.9818],[34.3562,30.9845],[34.3544,30.9912],[34.3533,30.9936],[34.3522,30.9959],[34.351,30.9984],[34.3497,31.0017],[34.3486,31.0065],[34.3427,31.0193],[34.3418,31.0254],[34.3409,31.0277],[34.3362,31.0366],[34.3353,31.0452],[34.3297,31.0536],[34.3276,31.0597],[34.326,31.0664],[34.3237,31.0705],[34.3215,31.0769],[34.3209,31.0806],[34.3185,31.0859],[34.3167,31.0899],[34.3152,31.0928],[34.3147,31.0947],[34.3153,31.0984],[34.3148,31.1008],[34.3122,31.1034],[34.3097,31.107],[34.3054,31.1184],[34.3068,31.1189],[34.3093,31.1208],[34.31,31.1214],[34.3107,31.1223],[34.3129,31.1248],[34.3289,31.1434],[34.3292,31.1437],[34.3316,31.1462],[34.3357,31.1507],[34.337,31.1529],[34.3372,31.1543],[34.3372,31.1626],[34.3458,31.1636],[34.3613,31.1655],[34.3659,31.1662],[34.3678,31.1667],[34.3675,31.1661],[34.4062,31.1682],[34.3994,31.1959]]]]}},{"type":"Feature","properties":{"name":"500","remarks":"pkdarom@gmail.com , 08-99029268"},"geometry":{"type":"MultiPolygon","coordinates":[[[[34.9747,31.0859],[34.9743,31.081],[34.9764,31.0763],[34.9746,31.0742],[34.9734,31.0693],[34.9796,31.0636],[34.9907,31.0633],[34.9898,31.0618],[34.9867,31.056],[34.98,31.0502],[34.9747,31.0463],[34.972,31.0428],[34.968,31.0367],[34.971,31.0311],[34.9677,31.0267],[34.9662,31.0245],[34.9646,31.0225],[34.9638,31.0215],[34.9628,31.0201],[34.9608,31.018],[34.9594,31.0158],[34.956,31.0121],[34.954,31.0106],[34.9535,31.0101],[34.9526,31.0097],[34.9513,31.0086],[34.9497,31.0069],[34.9472,31.0045],[34.9457,31.0029],[34.9439,31.0009],[34.9428,30.9997],[34.9421,30.9991],[34.9382,30.9982],[34.9351,30.9979],[34.9327,30.9978],[34.9261,30.997],[34.92,30.9972],[34.9174,30.9971],[34.9156,30.9971],[34.9143,30.9974],[34.913,30.9983],[34.9115,30.9995],[34.9093,31.0012],[34.9073,31.0027],[34.9071,31.0031],[34.9066,31.0035],[34.9047,31.0049],[34.9034,31.0061],[34.901,31.008],[34.9007,31.0083],[34.8995,31.0092],[34.8967,31.0104],[34.8933,31.012],[34.8914,31.0131],[34.8889,31.0144],[34.886,31.0167],[34.8844,31.0184],[34.8834,31.0196],[34.8831,31.0199],[34.8814,31.0214],[34.8786,31.0235],[34.8764,31.0265],[34.8752,31.0299],[34.8752,31.0314],[34.8732,31.0368],[34.8722,31.0386],[34.8612,31.0457],[34.8607,31.0467],[34.8562,31.0574],[34.857,31.0581],[34.8636,31.0637],[34.8646,31.0642],[34.8832,31.0693],[34.8849,31.0702],[34.8906,31.0734],[34.8973,31.0791],[34.8978,31.0794],[34.902,31.0813],[34.9053,31.0823],[34.9125,31.0839],[34.9194,31.0854],[34.9211,31.0859],[34.9245,31.0861],[34.9267,31.0862],[34.9296,31.0858],[34.9332,31.0858],[34.9484,31.0859],[34.9552,31.0857],[34.9747,31.0859]]]]}},{"type":"Feature","properties":{"name":"520","remarks":"pkdarom@gmail.com , 08-99029268"},"geometry":{"type":"MultiPolygon","coordinates":[[[[34.851,30.8114],[34.8515,30.8065],[34.8515,30.8052],[34.8511,30.8019],[34.8515,30.7972],[34.8512,30.7936],[34.8507,30.7917],[34.8494,30.7891],[34.8488,30.7876],[34.8561,30.7757],[34.8579,30.774],[34.8617,30.768],[34.866,30.7596],[34.8691,30.7572],[34.8733,30.7537],[34.8784,30.7509],[34.8841,30.746],[34.885,30.7454],[34.8942,30.7343],[34.8985,30.728],[34.9018,30.7275],[34.905,30.729],[34.9065,30.731],[34.9088,30.7325],[34.9127,30.7313],[34.9155,30.7298],[34.9156,30.7298],[34.9162,30.7275],[34.9171,30.7272],[34.9207,30.7275],[34.9238,30.7284],[34.9264,30.7284],[34.9374,30.7317],[34.941,30.7339],[34.9443,30.7377],[34.9459,30.7397],[34.9476,30.7442],[34.952,30.7478],[34.9585,30.7536],[34.9655,30.7581],[34.9697,30.7592],[34.9721,30.7606],[34.977,30.7627],[34.9815,30.7638],[34.9844,30.7636],[34.9885,30.7622],[34.994,30.7591],[35.0008,30.7536],[35.0107,30.7466],[35.0133,30.745],[35.0165,30.7441],[35.0203,30.744],[35.0242,30.743],[35.0263,30.7416],[35.0303,30.7371],[35.0385,30.726],[35.0432,30.7165],[35.0466,30.7078],[35.0471,30.7057],[35.0471,30.7047],[35.0473,30.7012],[35.0468,30.6975],[35.0465,30.6925],[35.0465,30.6911],[35.0452,30.6888],[35.0432,30.6869],[35.0405,30.6857],[35.0328,30.6844],[35.0299,30.6837],[35.0251,30.683],[35.0194,30.6831],[35.011,30.6831],[35.0025,30.6833],[34.9963,30.6846],[34.9928,30.6857],[34.9857,30.6878],[34.974,30.693],[34.9718,30.6942],[34.9711,30.6952],[34.9671,30.6979],[34.9629,30.6996],[34.9611,30.7005],[34.959,30.703],[34.9578,30.7038],[34.9516,30.704],[34.9494,30.7042],[34.9454,30.7033],[34.9428,30.7026],[34.936,30.7005],[34.9309,30.698],[34.9276,30.6949],[34.9249,30.6926],[34.9235,30.6895],[34.9232,30.6866],[34.9229,30.6852],[34.9049,30.6754],[34.9022,30.6752],[34.8998,30.6739],[34.8974,30.6732],[34.8979,30.6787],[34.8978,30.6821],[34.8966,30.6854],[34.8917,30.6838],[34.8793,30.6776],[34.8705,30.6719],[34.8619,30.6664],[34.8566,30.6634],[34.8525,30.6587],[34.8511,30.6557],[34.8508,30.6526],[34.8496,30.6515],[34.8374,30.6435],[34.8367,30.643],[34.8297,30.6387],[34.8265,30.6428],[34.8287,30.6445],[34.8327,30.6476],[34.8342,30.6515],[34.8359,30.6539],[34.8389,30.6547],[34.8402,30.6557],[34.8399,30.657],[34.8389,30.6588],[34.8369,30.662],[34.836,30.664],[34.8361,30.6655],[34.8331,30.6654],[34.8283,30.6642],[34.8238,30.6631],[34.8125,30.6586],[34.811,30.6575],[34.8092,30.6634],[34.8165,30.6658],[34.8073,30.6812],[34.8025,30.6798],[34.8006,30.682],[34.7974,30.6834],[34.7953,30.6852],[34.7929,30.6875],[34.7901,30.6901],[34.7887,30.6903],[34.7865,30.6914],[34.786,30.692],[34.786,30.6928],[34.7858,30.695],[34.7859,30.6965],[34.7844,30.699],[34.7842,30.7011],[34.7847,30.7072],[34.786,30.7114],[34.7854,30.7131],[34.7826,30.7152],[34.7794,30.7168],[34.7788,30.7183],[34.7783,30.7212],[34.7758,30.7249],[34.7755,30.7282],[34.7757,30.7299],[34.7765,30.7315],[34.7767,30.7334],[34.7762,30.7348],[34.7772,30.7361],[34.7792,30.737],[34.7794,30.7381],[34.7784,30.7396],[34.7788,30.742],[34.7819,30.7461],[34.7828,30.749],[34.7827,30.7516],[34.7807,30.7525],[34.777,30.7538],[34.7753,30.7565],[34.7737,30.7591],[34.7732,30.7634],[34.7748,30.7669],[34.7773,30.7678],[34.7809,30.7679],[34.7832,30.7685],[34.7854,30.7686],[34.787,30.7701],[34.79,30.7702],[34.7917,30.7689],[34.7939,30.765],[34.7952,30.7638],[34.797,30.7636],[34.7985,30.7642],[34.804,30.769],[34.8185,30.7819],[34.8315,30.7936],[34.8328,30.7948],[34.851,30.8114]]]]}},{"type":"Feature","properties":{"name":"510","remarks":"pkdarom@gmail.com , 08-99029268"},"geometry":{"type":"MultiPolygon","coordinates":[[[[34.8427,31.0646],[34.8479,31.0623],[34.8501,31.0603],[34.8497,31.0537],[34.854,31.048],[34.86,31.0399],[34.862,31.0407],[34.8703,31.0312],[34.8732,31.0283],[34.8742,31.0267],[34.8788,31.0217],[34.8717,31.0164],[34.8737,31.015],[34.8804,31.0197],[34.8812,31.0186],[34.8833,31.0162],[34.8851,31.0143],[34.8877,31.0116],[34.891,31.0104],[34.8937,31.0079],[34.8972,31.0059],[34.9007,31.0026],[34.9046,30.9986],[34.9095,30.9948],[34.9125,30.9929],[34.9073,30.9926],[34.8994,30.9933],[34.8955,30.9927],[34.8926,30.9918],[34.8908,30.9898],[34.891,30.9879],[34.8912,30.9867],[34.8913,30.9835],[34.892,30.9814],[34.8923,30.9808],[34.8927,30.9795],[34.8938,30.9756],[34.8952,30.972],[34.8954,30.971],[34.8958,30.9674],[34.8933,30.964],[34.8891,30.9571],[34.8862,30.9521],[34.8845,30.95],[34.8829,30.9495],[34.8816,30.9486],[34.8795,30.9469],[34.8784,30.9448],[34.8764,30.9433],[34.8745,30.9424],[34.8729,30.9407],[34.8726,30.9403],[34.8697,30.9385],[34.8682,30.9377],[34.8662,30.9359],[34.8637,30.9344],[34.8625,30.9335],[34.8613,30.9318],[34.8602,30.9313],[34.8566,30.9286],[34.8545,30.9273],[34.8537,30.9268],[34.8535,30.9264],[34.845,30.9193],[34.8435,30.917],[34.8426,30.9144],[34.842,30.9137],[34.8414,30.9123],[34.838,30.9072],[34.8348,30.9048],[34.8312,30.9033],[34.8274,30.9011],[34.8248,30.8995],[34.8203,30.896],[34.8172,30.8944],[34.812,30.892],[34.8081,30.8906],[34.8052,30.8905],[34.8032,30.8905],[34.8021,30.8903],[34.8021,30.8903],[34.8014,30.8951],[34.7982,30.8999],[34.795,30.9031],[34.796,30.9046],[34.7936,30.9052],[34.7915,30.9051],[34.7876,30.9043],[34.7851,30.9048],[34.7816,30.9076],[34.7813,30.9086],[34.7804,30.914],[34.7803,30.9186],[34.7807,30.9237],[34.7838,30.931],[34.7839,30.9313],[34.7849,30.9344],[34.7867,30.9384],[34.7873,30.9386],[34.7872,30.9389],[34.7872,30.9395],[34.7873,30.9398],[34.7884,30.9427],[34.7887,30.9437],[34.7894,30.9463],[34.7894,30.9481],[34.7893,30.9501],[34.7893,30.953],[34.7881,30.9553],[34.7864,30.9585],[34.7835,30.9632],[34.7829,30.966],[34.7823,30.9689],[34.7814,30.9717],[34.7806,30.9765],[34.781,30.9807],[34.7829,30.988],[34.7836,30.9918],[34.7845,30.9945],[34.7849,30.995],[34.7874,30.9934],[34.7916,30.9955],[34.7922,30.9955],[34.7948,30.9956],[34.802,30.9958],[34.8022,31.0175],[34.7994,31.0195],[34.7971,31.0219],[34.7982,31.024],[34.7997,31.0275],[34.8051,31.0298],[34.8114,31.0361],[34.8179,31.0424],[34.8201,31.0446],[34.825,31.0484],[34.8279,31.0508],[34.8276,31.052],[34.8286,31.0528],[34.8289,31.0514],[34.83,31.0514],[34.8311,31.0523],[34.8334,31.0543],[34.8332,31.0558],[34.8397,31.0626],[34.8396,31.0646],[34.8427,31.0646]]]]}},{"type":"Feature","properties":{"name":"1000","remarks":"pkdarom@gmail.com , 08-99029268"},"geometry":{"type":"MultiPolygon","coordinates":[[[[34.863,30.5607],[34.8628,30.5619],[34.8643,30.5639],[34.865,30.5643],[34.8666,30.5642],[34.8694,30.564],[34.8727,30.5641],[34.8737,30.5641],[34.8761,30.5648],[34.8782,30.5655],[34.8787,30.5655],[34.8804,30.5655],[34.8819,30.5655],[34.8841,30.5649],[34.8867,30.5649],[34.8898,30.5656],[34.8906,30.566],[34.8914,30.5656],[34.8933,30.5654],[34.8956,30.5653],[34.8973,30.5654],[34.8988,30.5656],[34.9006,30.5657],[34.9025,30.5657],[34.9043,30.5657],[34.9054,30.5654],[34.9066,30.5651],[34.9074,30.5645],[34.9082,30.5637],[34.909,30.5623],[34.9093,30.5612],[34.9098,30.5605],[34.9102,30.5586],[34.9108,30.5562],[34.9121,30.5525],[34.9147,30.5485],[34.9166,30.5456],[34.9168,30.5449],[34.9173,30.5427],[34.9182,30.5403],[34.9191,30.5391],[34.9197,30.5382],[34.9197,30.5376],[34.9187,30.5343],[34.9183,30.5329],[34.9187,30.5308],[34.9216,30.5293],[34.9228,30.5291],[34.9238,30.5291],[34.925,30.5279],[34.926,30.5275],[34.9281,30.5279],[34.9308,30.5268],[34.9351,30.5241],[34.9382,30.5219],[34.9398,30.5191],[34.9403,30.518],[34.9402,30.5156],[34.9394,30.5128],[34.9398,30.5096],[34.9406,30.5075],[34.9413,30.5064],[34.9441,30.5059],[34.9447,30.5053],[34.9444,30.5045],[34.9439,30.5043],[34.9434,30.5037],[34.9428,30.503],[34.9428,30.5019],[34.9414,30.5013],[34.94,30.5012],[34.9383,30.5012],[34.9369,30.5009],[34.9357,30.4995],[34.9344,30.499],[34.9333,30.498],[34.9335,30.497],[34.9332,30.4954],[34.9317,30.4959],[34.9307,30.496],[34.93,30.4952],[34.9298,30.4944],[34.931,30.4928],[34.9332,30.4922],[34.9353,30.4921],[34.9378,30.4921],[34.9382,30.4912],[34.9368,30.4893],[34.9364,30.4873],[34.9353,30.4867],[34.9328,30.4866],[34.9313,30.4865],[34.9297,30.4854],[34.929,30.4846],[34.9291,30.4832],[34.9302,30.4806],[34.9309,30.4765],[34.9316,30.4734],[34.9315,30.4733],[34.9322,30.4704],[34.9328,30.467],[34.9349,30.4568],[34.9367,30.4474],[34.939,30.4353],[34.9407,30.4254],[34.9422,30.4189],[34.9432,30.4142],[34.9442,30.4103],[34.9443,30.4074],[34.9451,30.4029],[34.9457,30.3994],[34.9467,30.3956],[34.9476,30.3917],[34.948,30.3891],[34.948,30.3884],[34.9481,30.3878],[34.9486,30.3868],[34.9489,30.3854],[34.9493,30.3839],[34.9494,30.3831],[34.9498,30.3822],[34.9502,30.3812],[34.9504,30.3798],[34.9502,30.3791],[34.9503,30.3781],[34.9527,30.3769],[34.9553,30.3758],[34.9558,30.3756],[34.9565,30.3749],[34.9576,30.3734],[34.9591,30.3723],[34.9612,30.3703],[34.9627,30.3681],[34.9631,30.3655],[34.9637,30.3636],[34.9627,30.3613],[34.9608,30.3574],[34.9596,30.3548],[34.958,30.3526],[34.9567,30.3509],[34.9545,30.3487],[34.9526,30.3471],[34.9512,30.3448],[34.9495,30.3426],[34.9491,30.3421],[34.9489,30.3391],[34.9487,30.3382],[34.9485,30.3373],[34.9484,30.3359],[34.9486,30.3352],[34.9491,30.3345],[34.9501,30.333],[34.9503,30.3326],[34.9516,30.3313],[34.9519,30.3308],[34.9527,30.3289],[34.9534,30.3273],[34.954,30.3261],[34.9556,30.3223],[34.956,30.3218],[34.9561,30.3212],[34.9561,30.3207],[34.9568,30.3201],[34.9588,30.3199],[34.9639,30.3196],[34.9656,30.3195],[34.966,30.3194],[34.9667,30.3187],[34.9666,30.3175],[34.9668,30.3161],[34.9666,30.3149],[34.9667,30.3132],[34.9668,30.3114],[34.968,30.3092],[34.968,30.3081],[34.9673,30.3069],[34.966,30.3048],[34.9655,30.304],[34.9651,30.3031],[34.9652,30.3021],[34.9653,30.3013],[34.9658,30.3003],[34.967,30.2993],[34.9693,30.299],[34.9712,30.2986],[34.9735,30.2978],[34.9765,30.2968],[34.9794,30.2955],[34.9809,30.2949],[34.9813,30.2942],[34.9818,30.2938],[34.9821,30.292],[34.9823,30.2908],[34.9831,30.2897],[34.9838,30.2886],[34.9843,30.2882],[34.985,30.2879],[34.9871,30.2879],[34.9901,30.2881],[34.9918,30.2883],[34.9932,30.2883],[34.9943,30.2883],[34.9953,30.2881],[34.9966,30.2876],[34.9978,30.2866],[34.9984,30.2847],[34.999,30.2835],[34.9993,30.2822],[35.0001,30.2805],[35.0005,30.2796],[35.0016,30.2786],[35.0036,30.278],[35.0061,30.2774],[35.0079,30.277],[35.0109,30.277],[35.0182,30.277],[35.0191,30.2766],[35.0196,30.2763],[35.0197,30.2751],[35.02,30.2747],[35.0201,30.2737],[35.0201,30.2732],[35.0202,30.2729],[35.0206,30.2713],[35.0213,30.2692],[35.022,30.2672],[35.0221,30.2657],[35.022,30.2645],[35.0223,30.262],[35.0224,30.2605],[35.0229,30.2582],[35.0232,30.256],[35.0223,30.2529],[35.0218,30.2512],[35.0215,30.2465],[35.0214,30.2412],[35.0213,30.2388],[35.0212,30.2382],[35.0193,30.2343],[35.0187,30.233],[35.0177,30.2314],[35.0165,30.2292],[35.0154,30.2263],[35.0146,30.2236],[35.0136,30.2214],[35.0122,30.2188],[35.0111,30.2168],[35.0102,30.2146],[35.0095,30.2095],[35.0091,30.207],[35.0082,30.2026],[35.0075,30.1985],[35.007,30.1959],[35.0067,30.1941],[35.0065,30.1936],[35.007,30.1926],[35.0072,30.1916],[35.0089,30.1873],[35.0125,30.179],[35.0143,30.1745],[35.0146,30.1731],[35.0148,30.1673],[35.0149,30.1659],[35.0161,30.1622],[35.0183,30.1566],[35.0207,30.1505],[35.021,30.1498],[35.0215,30.1482],[35.0223,30.1462],[35.0231,30.1444],[35.0236,30.1429],[35.0237,30.1414],[35.0234,30.139],[35.0234,30.1377],[35.0221,30.136],[35.0213,30.1345],[35.0186,30.1309],[35.0174,30.1292],[35.0156,30.1266],[35.0132,30.123],[35.0125,30.1187],[35.0107,30.1191],[35.0057,30.1212],[34.995,30.121],[34.9917,30.121],[34.9916,30.1143],[34.9918,30.1113],[34.9914,30.1089],[34.9871,30.0927],[35.0046,30.0897],[35.0043,30.0871],[35.0041,30.0855],[35.004,30.0843],[35.0043,30.0829],[35.006,30.0765],[35.0075,30.0674],[35.0074,30.0589],[35.0074,30.058],[35.0067,30.0523],[35.0061,30.0504],[35.0049,30.0488],[34.9991,30.0468],[34.9932,30.0414],[34.9841,30.0319],[34.9768,30.0222],[34.9601,30.008],[34.9563,30.0057],[34.9478,30.0005],[34.9434,29.9978],[34.9433,29.9978],[34.9426,29.9972],[34.9394,29.9942],[34.9371,29.991],[34.9358,29.9871],[34.9355,29.9865],[34.9352,29.9853],[34.9323,29.9762],[34.9306,29.9719],[34.9286,29.9683],[34.9218,29.957],[34.919,29.9532],[34.9155,29.9485],[34.9135,29.9457],[34.9097,29.9403],[34.8983,29.9302],[34.8983,29.93],[34.8955,29.9276],[34.8936,29.9259],[34.8913,29.9248],[34.8881,29.9234],[34.884,29.9216],[34.8824,29.92],[34.879,29.9167],[34.8761,29.9138],[34.8736,29.9114],[34.8643,29.9074],[34.8613,29.9039],[34.8576,29.8972],[34.8557,29.8938],[34.8539,29.89],[34.8515,29.8852],[34.8511,29.8842],[34.85,29.8811],[34.8499,29.8739],[34.8499,29.8696],[34.8491,29.8685],[34.8486,29.8698],[34.8491,29.8685],[34.8491,29.8685],[34.8407,29.8564],[34.8367,29.8463],[34.8308,29.8443],[34.8292,29.8438],[34.8281,29.8442],[34.8274,29.8444],[34.8273,29.8448],[34.827,29.8458],[34.8265,29.8466],[34.8262,29.8468],[34.8255,29.8474],[34.8247,29.8478],[34.8236,29.8481],[34.8224,29.848],[34.8213,29.8478],[34.8202,29.8471],[34.8199,29.8469],[34.8195,29.8466],[34.8179,29.8453],[34.8173,29.8466],[34.815,29.8509],[34.814,29.854],[34.812,29.8602],[34.8093,29.8647],[34.8062,29.8698],[34.8056,29.8711],[34.8051,29.8733],[34.8042,29.8764],[34.8037,29.8783],[34.8032,29.8801],[34.8027,29.8815],[34.8015,29.8832],[34.8008,29.8842],[34.8004,29.8848],[34.8005,29.8872],[34.8005,29.8878],[34.7999,29.8915],[34.7995,29.8934],[34.7991,29.8947],[34.7981,29.8968],[34.7971,29.8984],[34.7947,29.9022],[34.7936,29.9039],[34.7931,29.9047],[34.7932,29.9054],[34.7933,29.9059],[34.7933,29.9062],[34.7933,29.9064],[34.7933,29.9068],[34.7932,29.9074],[34.7931,29.9077],[34.7929,29.9081],[34.7927,29.9085],[34.7924,29.9092],[34.792,29.9095],[34.7912,29.9102],[34.7906,29.9106],[34.7901,29.9125],[34.7894,29.9148],[34.789,29.9165],[34.7885,29.9179],[34.788,29.9189],[34.7874,29.9203],[34.7868,29.9216],[34.7862,29.9229],[34.7858,29.9237],[34.7849,29.9256],[34.7845,29.9267],[34.7841,29.9283],[34.7838,29.9294],[34.7835,29.9305],[34.7829,29.9328],[34.7822,29.9354],[34.7814,29.9376],[34.7807,29.9393],[34.7793,29.9428],[34.7785,29.9454],[34.7781,29.9469],[34.7773,29.9494],[34.7774,29.9492],[34.7766,29.9514],[34.7747,29.9557],[34.7735,29.9591],[34.7725,29.9619],[34.7719,29.964],[34.7707,29.9672],[34.7694,29.9705],[34.7683,29.9732],[34.7668,29.9783],[34.7659,29.9808],[34.7657,29.9811],[34.7654,29.9818],[34.7649,29.9825],[34.7649,29.9827],[34.7648,29.9828],[34.7644,29.9834],[34.7645,29.9837],[34.7651,29.9853],[34.7653,29.9857],[34.7654,29.9861],[34.7655,29.9868],[34.7656,29.9874],[34.7656,29.988],[34.7652,29.9893],[34.7638,29.9913],[34.7623,29.9936],[34.7613,29.9953],[34.7606,29.9973],[34.7595,30.001],[34.7579,30.0065],[34.757,30.0088],[34.7545,30.0137],[34.7532,30.0167],[34.7521,30.0199],[34.7516,30.0213],[34.7511,30.0257],[34.7509,30.0269],[34.7505,30.028],[34.7501,30.0289],[34.7495,30.0297],[34.7483,30.0312],[34.7473,30.0324],[34.7459,30.0342],[34.747,30.0366],[34.7473,30.0375],[34.7473,30.0386],[34.7472,30.0392],[34.7471,30.0394],[34.7471,30.0395],[34.7468,30.0401],[34.7464,30.0408],[34.7458,30.0415],[34.7455,30.0417],[34.7449,30.0422],[34.7446,30.0425],[34.744,30.0429],[34.7438,30.0433],[34.7429,30.0449],[34.7425,30.0456],[34.7416,30.0466],[34.7411,30.0473],[34.7409,30.0475],[34.7408,30.0476],[34.7407,30.0477],[34.7406,30.0478],[34.7405,30.0478],[34.7405,30.0479],[34.7403,30.0481],[34.7403,30.0481],[34.7403,30.0483],[34.7402,30.0485],[34.7402,30.0485],[34.7402,30.0485],[34.74,30.05],[34.7395,30.0526],[34.739,30.0547],[34.7378,30.057],[34.7368,30.0586],[34.7368,30.0588],[34.7367,30.0587],[34.7363,30.0594],[34.7351,30.0614],[34.7372,30.0626],[34.7381,30.0632],[34.739,30.0642],[34.7397,30.0653],[34.7399,30.0666],[34.7398,30.068],[34.7392,30.0693],[34.7387,30.0702],[34.7381,30.0712],[34.7375,30.0722],[34.7368,30.0738],[34.7367,30.0739],[34.7367,30.0741],[34.7368,30.0756],[34.7369,30.0768],[34.737,30.0778],[34.737,30.0788],[34.7368,30.0798],[34.7364,30.0809],[34.7361,30.0819],[34.7357,30.083],[34.7354,30.084],[34.735,30.085],[34.7347,30.086],[34.7344,30.087],[34.7339,30.088],[34.7335,30.089],[34.7331,30.0899],[34.7326,30.0909],[34.732,30.0921],[34.7313,30.0931],[34.7306,30.0942],[34.7299,30.0951],[34.7292,30.096],[34.7293,30.0961],[34.7298,30.097],[34.7304,30.0979],[34.7309,30.0988],[34.7312,30.1],[34.7311,30.1011],[34.7308,30.1022],[34.7301,30.1033],[34.7292,30.1043],[34.729,30.1044],[34.7291,30.1048],[34.729,30.1058],[34.7286,30.1069],[34.7282,30.1077],[34.7278,30.1086],[34.7274,30.1095],[34.7271,30.1105],[34.7267,30.1115],[34.7263,30.1125],[34.7258,30.1135],[34.7252,30.1145],[34.7247,30.1155],[34.7242,30.1165],[34.7237,30.1177],[34.7233,30.1187],[34.7229,30.1196],[34.7226,30.1206],[34.7222,30.1216],[34.722,30.122],[34.7222,30.1228],[34.7224,30.1238],[34.7221,30.1251],[34.7215,30.126],[34.7207,30.1269],[34.7198,30.1274],[34.7189,30.1278],[34.7179,30.128],[34.7169,30.128],[34.7163,30.1279],[34.7156,30.1278],[34.715,30.1278],[34.7146,30.1278],[34.7144,30.1278],[34.7139,30.1278],[34.7136,30.1279],[34.7132,30.128],[34.7128,30.1282],[34.7123,30.1285],[34.7115,30.1288],[34.7105,30.1291],[34.7096,30.1293],[34.7094,30.1294],[34.7092,30.1297],[34.7088,30.1307],[34.7083,30.1318],[34.708,30.1326],[34.708,30.1328],[34.708,30.1329],[34.708,30.133],[34.7081,30.1335],[34.7082,30.1341],[34.7083,30.1349],[34.7081,30.1361],[34.7076,30.1372],[34.7066,30.1382],[34.7056,30.1388],[34.7049,30.1391],[34.7041,30.1394],[34.7029,30.1399],[34.7027,30.14],[34.7027,30.1406],[34.7028,30.1424],[34.7029,30.1438],[34.7029,30.1446],[34.7027,30.1455],[34.7022,30.1466],[34.7016,30.1475],[34.7014,30.1479],[34.7008,30.1488],[34.7,30.1495],[34.6992,30.1501],[34.699,30.1501],[34.6988,30.1505],[34.6985,30.1519],[34.6983,30.153],[34.698,30.1542],[34.6978,30.1553],[34.6987,30.1559],[34.6997,30.157],[34.6999,30.1583],[34.6998,30.1594],[34.6994,30.1606],[34.6986,30.1615],[34.698,30.1619],[34.6972,30.1625],[34.6961,30.1629],[34.6954,30.163],[34.6947,30.1632],[34.6941,30.1634],[34.6939,30.1635],[34.6937,30.164],[34.6933,30.165],[34.6938,30.1657],[34.6941,30.1667],[34.6941,30.167],[34.6941,30.1674],[34.694,30.1682],[34.694,30.1683],[34.694,30.1684],[34.6947,30.1691],[34.6951,30.1703],[34.695,30.1715],[34.6945,30.1727],[34.6932,30.1737],[34.6917,30.1742],[34.6904,30.1741],[34.69,30.1741],[34.6898,30.1746],[34.6894,30.1757],[34.6889,30.1769],[34.6885,30.178],[34.6881,30.1792],[34.6875,30.1806],[34.687,30.1817],[34.6865,30.1827],[34.6861,30.1836],[34.6856,30.1844],[34.6852,30.1853],[34.6847,30.1864],[34.6844,30.1872],[34.6842,30.1878],[34.684,30.1891],[34.6836,30.1908],[34.6834,30.1917],[34.6831,30.1926],[34.6824,30.194],[34.6815,30.1955],[34.6811,30.1963],[34.6807,30.1974],[34.6803,30.1983],[34.6798,30.1994],[34.6794,30.2005],[34.6789,30.2015],[34.6788,30.2019],[34.6787,30.202],[34.6788,30.202],[34.679,30.2023],[34.6796,30.2033],[34.6799,30.2042],[34.68,30.2052],[34.6799,30.2063],[34.6796,30.2073],[34.6791,30.2082],[34.6781,30.2093],[34.6771,30.2099],[34.6766,30.2102],[34.6765,30.2103],[34.6764,30.2104],[34.6762,30.2107],[34.6759,30.2111],[34.6758,30.2112],[34.6758,30.2115],[34.6757,30.2119],[34.6756,30.2125],[34.6754,30.2133],[34.675,30.2142],[34.6741,30.2154],[34.6736,30.216],[34.6735,30.2164],[34.6735,30.2166],[34.6735,30.2166],[34.6737,30.2168],[34.6742,30.2175],[34.6747,30.2183],[34.6752,30.2191],[34.6753,30.2198],[34.6754,30.2201],[34.6757,30.2207],[34.6761,30.2217],[34.6759,30.2231],[34.6755,30.224],[34.6749,30.2249],[34.6739,30.2256],[34.6731,30.226],[34.6724,30.2262],[34.6712,30.2264],[34.6706,30.2263],[34.6709,30.2272],[34.6712,30.2281],[34.6713,30.229],[34.6714,30.2298],[34.6713,30.231],[34.6709,30.2321],[34.6703,30.2331],[34.6696,30.2339],[34.6688,30.2347],[34.6681,30.2354],[34.6674,30.2362],[34.6666,30.2369],[34.6653,30.2383],[34.6652,30.2385],[34.6652,30.2387],[34.6653,30.2398],[34.6655,30.2409],[34.6654,30.2417],[34.6651,30.2424],[34.6651,30.2424],[34.6652,30.2428],[34.6655,30.2436],[34.6656,30.2446],[34.6653,30.2458],[34.6647,30.2466],[34.6647,30.2473],[34.6642,30.2487],[34.6634,30.2493],[34.6626,30.2499],[34.6614,30.2501],[34.6611,30.2501],[34.661,30.2501],[34.6608,30.2502],[34.6608,30.2503],[34.6605,30.2505],[34.6605,30.2507],[34.6603,30.2511],[34.6599,30.2522],[34.6595,30.2533],[34.659,30.2545],[34.6586,30.2557],[34.6583,30.2565],[34.658,30.2574],[34.6576,30.2583],[34.6573,30.2591],[34.657,30.26],[34.6567,30.2608],[34.6564,30.2617],[34.6561,30.2626],[34.6557,30.2634],[34.6554,30.2643],[34.6551,30.2651],[34.6547,30.2661],[34.6544,30.2671],[34.654,30.268],[34.6537,30.269],[34.6533,30.2699],[34.653,30.2709],[34.6526,30.2718],[34.6523,30.2727],[34.652,30.2736],[34.6516,30.2745],[34.6514,30.2751],[34.6513,30.2754],[34.651,30.2763],[34.6506,30.2772],[34.6503,30.2781],[34.65,30.279],[34.6496,30.28],[34.6492,30.281],[34.6487,30.2824],[34.6483,30.283],[34.6475,30.2842],[34.6474,30.2844],[34.6473,30.2845],[34.647,30.2854],[34.6467,30.2863],[34.6467,30.2863],[34.6466,30.2873],[34.6465,30.2883],[34.6465,30.2888],[34.6463,30.2895],[34.6461,30.2902],[34.6458,30.291],[34.6453,30.2918],[34.6447,30.2924],[34.6444,30.2928],[34.6442,30.2932],[34.6441,30.2936],[34.6439,30.2941],[34.6438,30.2942],[34.6438,30.2944],[34.6437,30.2949],[34.6437,30.2951],[34.6437,30.2958],[34.6436,30.2965],[34.6432,30.2972],[34.6433,30.2975],[34.6434,30.2982],[34.6434,30.2988],[34.6432,30.2996],[34.6427,30.3005],[34.642,30.3011],[34.6415,30.3014],[34.6414,30.3015],[34.6414,30.3015],[34.6413,30.3016],[34.6412,30.3016],[34.641,30.3019],[34.6409,30.3021],[34.6406,30.3026],[34.6405,30.3027],[34.6405,30.303],[34.6405,30.3035],[34.6403,30.3041],[34.6401,30.3048],[34.6396,30.306],[34.6391,30.3073],[34.6387,30.3084],[34.6384,30.309],[34.6381,30.3093],[34.6381,30.3095],[34.6381,30.31],[34.638,30.3106],[34.6378,30.3113],[34.6373,30.312],[34.6369,30.3123],[34.6369,30.3124],[34.6368,30.3126],[34.6368,30.3126],[34.6368,30.3129],[34.6368,30.3133],[34.6366,30.3139],[34.6363,30.3145],[34.6362,30.3147],[34.6339,30.3128],[34.6338,30.3134],[34.6333,30.3141],[34.6305,30.321],[34.6304,30.3217],[34.6301,30.3228],[34.6299,30.3233],[34.6303,30.3238],[34.6332,30.3255],[34.6339,30.3271],[34.634,30.3299],[34.6335,30.3326],[34.6336,30.3341],[34.6339,30.335],[34.6344,30.3353],[34.6355,30.3351],[34.636,30.3351],[34.6364,30.3356],[34.6365,30.3367],[34.6375,30.3375],[34.6381,30.3385],[34.6392,30.3385],[34.6397,30.3392],[34.6396,30.3396],[34.6382,30.3405],[34.6363,30.3405],[34.6355,30.3404],[34.6349,30.3409],[34.6339,30.3412],[34.6326,30.3414],[34.6316,30.3411],[34.6311,30.3415],[34.6304,30.3434],[34.6306,30.3435],[34.6325,30.3433],[34.6332,30.3436],[34.6334,30.344],[34.6329,30.3446],[34.6336,30.3458],[34.6353,30.3478],[34.6363,30.348],[34.6372,30.3477],[34.6379,30.3477],[34.6397,30.3486],[34.6407,30.3492],[34.6419,30.3531],[34.6407,30.3536],[34.6442,30.3591],[34.6435,30.361],[34.6434,30.3623],[34.6457,30.363],[34.6467,30.3637],[34.6482,30.366],[34.6485,30.3662],[34.6505,30.3665],[34.6515,30.3671],[34.6515,30.3679],[34.6498,30.37],[34.6497,30.3711],[34.6484,30.3726],[34.6467,30.3737],[34.6463,30.3758],[34.6448,30.3767],[34.6367,30.3768],[34.633,30.3779],[34.6307,30.3794],[34.6288,30.3798],[34.6261,30.3789],[34.621,30.379],[34.62,30.3795],[34.6195,30.3797],[34.6185,30.38],[34.6176,30.38],[34.6162,30.3797],[34.6136,30.38],[34.6098,30.379],[34.6071,30.3782],[34.6055,30.3779],[34.6029,30.3787],[34.6014,30.3788],[34.5995,30.3794],[34.5988,30.3803],[34.5992,30.3826],[34.5985,30.3835],[34.5957,30.3855],[34.5938,30.3856],[34.5928,30.3864],[34.5925,30.3876],[34.5938,30.3887],[34.594,30.39],[34.5937,30.3913],[34.5894,30.3947],[34.5867,30.3962],[34.5863,30.3966],[34.5843,30.3984],[34.5818,30.3985],[34.5811,30.3973],[34.5797,30.3972],[34.5788,30.3986],[34.5783,30.3991],[34.5772,30.3989],[34.5762,30.3995],[34.5766,30.4012],[34.5755,30.4031],[34.5715,30.406],[34.5706,30.4066],[34.569,30.4064],[34.5681,30.4072],[34.5659,30.4076],[34.5651,30.4075],[34.5636,30.4081],[34.5589,30.4085],[34.5552,30.4109],[34.553,30.411],[34.5525,30.4111],[34.5524,30.4128],[34.5517,30.4132],[34.5503,30.4133],[34.5496,30.4145],[34.5506,30.4159],[34.5516,30.4165],[34.5552,30.4201],[34.5566,30.4216],[34.5584,30.4227],[34.5598,30.4255],[34.5625,30.427],[34.5654,30.4315],[34.5656,30.432],[34.5658,30.4324],[34.5653,30.4336],[34.5649,30.435],[34.5645,30.4365],[34.5625,30.4376],[34.5624,30.4378],[34.5617,30.4393],[34.5603,30.4407],[34.5574,30.4429],[34.5552,30.4448],[34.5547,30.4453],[34.5531,30.4457],[34.5498,30.4453],[34.5459,30.4446],[34.5455,30.4446],[34.545,30.445],[34.5456,30.4461],[34.5459,30.4469],[34.549,30.4491],[34.5499,30.4492],[34.5511,30.4497],[34.5529,30.4522],[34.5547,30.4522],[34.5585,30.453],[34.5595,30.4536],[34.5598,30.4538],[34.561,30.4552],[34.5621,30.4581],[34.5621,30.4601],[34.5629,30.4613],[34.5636,30.4623],[34.5637,30.4655],[34.5636,30.4659],[34.5645,30.4678],[34.5642,30.4687],[34.5627,30.4697],[34.5627,30.4719],[34.5606,30.4739],[34.563,30.4739],[34.5636,30.4752],[34.5616,30.4771],[34.562,30.4785],[34.562,30.4797],[34.563,30.4803],[34.5629,30.4815],[34.5638,30.4821],[34.5639,30.4833],[34.5638,30.4835],[34.5626,30.4852],[34.5623,30.4884],[34.5642,30.4932],[34.566,30.495],[34.5661,30.4955],[34.5661,30.4963],[34.5659,30.4968],[34.5661,30.4971],[34.5667,30.4971],[34.5671,30.4972],[34.5671,30.4972],[34.5673,30.4972],[34.5683,30.4978],[34.5685,30.4983],[34.5689,30.4993],[34.5711,30.4996],[34.5729,30.4992],[34.5734,30.499],[34.5755,30.499],[34.5766,30.5002],[34.5779,30.5012],[34.5812,30.503],[34.5826,30.5031],[34.586,30.5017],[34.588,30.5007],[34.5921,30.4996],[34.5959,30.4982],[34.5966,30.4982],[34.5973,30.4983],[34.5986,30.4989],[34.6003,30.5001],[34.6018,30.501],[34.6038,30.5012],[34.6058,30.5008],[34.6082,30.5015],[34.6102,30.5025],[34.6105,30.5023],[34.6101,30.5014],[34.6104,30.5002],[34.6111,30.4993],[34.6116,30.499],[34.6123,30.4985],[34.6138,30.4978],[34.6143,30.4962],[34.6143,30.4954],[34.6145,30.4948],[34.6158,30.4941],[34.6169,30.4935],[34.6174,30.4932],[34.6185,30.4931],[34.6199,30.4934],[34.6215,30.4937],[34.6225,30.4937],[34.6238,30.493],[34.625,30.4927],[34.627,30.4932],[34.6273,30.4932],[34.6278,30.4939],[34.6283,30.4943],[34.6297,30.4942],[34.6306,30.4938],[34.6314,30.4931],[34.6328,30.4928],[34.6342,30.4929],[34.6369,30.4931],[34.6391,30.4936],[34.6401,30.4939],[34.6408,30.4951],[34.6421,30.4954],[34.6425,30.496],[34.6438,30.4959],[34.645,30.4958],[34.6457,30.4953],[34.6457,30.4953],[34.647,30.4945],[34.6482,30.4946],[34.6493,30.4951],[34.6509,30.4948],[34.6524,30.4949],[34.6533,30.4948],[34.6546,30.4949],[34.6554,30.4948],[34.656,30.4944],[34.6572,30.4933],[34.6584,30.4919],[34.6592,30.4911],[34.6599,30.4906],[34.6605,30.4895],[34.6618,30.4878],[34.6633,30.4882],[34.6659,30.4884],[34.6684,30.4899],[34.6735,30.4918],[34.6775,30.4927],[34.6784,30.4928],[34.6814,30.4929],[34.6821,30.4935],[34.6881,30.4943],[34.6881,30.4943],[34.6893,30.4945],[34.6932,30.4953],[34.694,30.4954],[34.6969,30.4951],[34.6987,30.4949],[34.7005,30.4955],[34.7023,30.4958],[34.7052,30.4967],[34.7075,30.4974],[34.7093,30.4978],[34.7108,30.4979],[34.7124,30.4977],[34.7151,30.4972],[34.7168,30.4967],[34.7188,30.4962],[34.7216,30.4939],[34.7236,30.4936],[34.7258,30.4912],[34.728,30.4907],[34.7303,30.49],[34.7311,30.491],[34.7322,30.4917],[34.7339,30.4923],[34.7347,30.4936],[34.7354,30.4957],[34.7358,30.4958],[34.7358,30.4958],[34.7362,30.4965],[34.7374,30.497],[34.7394,30.4958],[34.7413,30.4959],[34.7428,30.4965],[34.7448,30.498],[34.7459,30.4988],[34.748,30.5001],[34.7507,30.501],[34.7517,30.502],[34.7523,30.504],[34.7539,30.5048],[34.755,30.5049],[34.7568,30.5059],[34.7582,30.5059],[34.759,30.506],[34.7593,30.5078],[34.7592,30.5085],[34.7609,30.5102],[34.7628,30.5114],[34.7654,30.5143],[34.7668,30.5157],[34.7704,30.5174],[34.7719,30.5176],[34.7747,30.5167],[34.7767,30.5161],[34.7805,30.5164],[34.7846,30.5181],[34.789,30.5183],[34.7905,30.5192],[34.7919,30.5201],[34.7929,30.5219],[34.7948,30.5242],[34.797,30.5267],[34.7976,30.5271],[34.7985,30.5271],[34.8001,30.5284],[34.8005,30.529],[34.8032,30.5306],[34.8069,30.5328],[34.8085,30.5336],[34.8103,30.5357],[34.8114,30.5366],[34.8146,30.5382],[34.8155,30.5386],[34.8181,30.5391],[34.8189,30.5392],[34.8207,30.539],[34.824,30.5388],[34.8257,30.539],[34.828,30.5396],[34.8304,30.5397],[34.8321,30.5395],[34.8341,30.5401],[34.8348,30.5403],[34.8351,30.5405],[34.8379,30.542],[34.8393,30.5432],[34.8414,30.5443],[34.8435,30.5459],[34.8469,30.5456],[34.8499,30.5454],[34.8527,30.5477],[34.8549,30.5483],[34.857,30.5517],[34.8593,30.5556],[34.8604,30.5572],[34.8606,30.5581],[34.862,30.5594],[34.863,30.5607]]]]}},{"type":"Feature","properties":{"name":"שטח אש 522","remarks":"pkdarom@gmail.com , 08-99029268"},"geometry":{"type":"MultiPolygon","coordinates":[[[[35.2929,31.4196],[35.2944,31.3783],[35.2881,31.3674],[35.2794,31.3521],[35.2784,31.3498],[35.2767,31.3489],[35.2759,31.3475],[35.2775,31.3471],[35.2794,31.3448],[35.2794,31.3435],[35.2782,31.3424],[35.2774,31.3404],[35.2767,31.3373],[35.2774,31.3365],[35.279,31.3363],[35.2803,31.3354],[35.2803,31.3343],[35.2799,31.3333],[35.2791,31.3323],[35.2775,31.3316],[35.2771,31.3281],[35.2757,31.324],[35.2747,31.3224],[35.2739,31.3203],[35.2733,31.3184],[35.2723,31.3153],[35.2709,31.3137],[35.2704,31.3125],[35.2673,31.3102],[35.2617,31.3077],[35.2593,31.307],[35.2577,31.3076],[35.2566,31.308],[35.2555,31.3078],[35.2545,31.3078],[35.2533,31.3066],[35.2531,31.3055],[35.2531,31.305],[35.2526,31.3044],[35.2274,31.2941],[35.226,31.294],[35.2232,31.2953],[35.2207,31.2978],[35.2196,31.2983],[35.2165,31.2979],[35.211,31.2959],[35.2055,31.2942],[35.185,31.2871],[35.1832,31.285],[35.1808,31.2849],[35.1773,31.2843],[35.1654,31.2838],[35.164,31.2832],[35.1607,31.2868],[35.1569,31.2853],[35.1523,31.2881],[35.1488,31.2893],[35.1443,31.2904],[35.1417,31.2928],[35.1366,31.2989],[35.1331,31.3019],[35.1298,31.3055],[35.1262,31.3094],[35.1247,31.3104],[35.1204,31.3143],[35.1179,31.317],[35.1161,31.3192],[35.1153,31.3221],[35.1157,31.325],[35.1193,31.3311],[35.1219,31.3385],[35.1216,31.3398],[35.1212,31.3413],[35.1214,31.3434],[35.1213,31.345],[35.1217,31.3455],[35.1226,31.3456],[35.124,31.3452],[35.1259,31.3454],[35.1285,31.3467],[35.1278,31.3483],[35.1272,31.3494],[35.1276,31.3504],[35.1294,31.3514],[35.1326,31.3516],[35.1341,31.3532],[35.1361,31.3548],[35.1432,31.3587],[35.1498,31.3604],[35.1546,31.3617],[35.1578,31.3625],[35.1593,31.3627],[35.1608,31.3629],[35.1673,31.3634],[35.1676,31.3638],[35.171,31.3641],[35.1775,31.3647],[35.1826,31.3653],[35.1876,31.3665],[35.2033,31.3714],[35.2091,31.3728],[35.212,31.3723],[35.2149,31.3722],[35.2278,31.3734],[35.2293,31.3745],[35.2369,31.3804],[35.2456,31.3876],[35.2463,31.388],[35.2483,31.3896],[35.2496,31.3905],[35.2543,31.3938],[35.2615,31.3987],[35.2666,31.4022],[35.2751,31.4078],[35.2796,31.4111],[35.2864,31.4148],[35.289,31.4164],[35.2929,31.4196]]]]}},{"type":"Feature","properties":{"name":"שטח אש 504","remarks":"pkdarom@gmail.com , 08-99029268"},"geometry":{"type":"MultiPolygon","coordinates":[[[[34.9519,30.9735],[34.9544,30.974],[34.9548,30.9751],[34.9546,30.9767],[34.9533,30.9768],[34.9542,30.9812],[34.9573,30.9798],[34.9601,30.9782],[34.963,30.9753],[34.9678,30.9706],[34.9687,30.9685],[34.9686,30.9664],[34.9671,30.9639],[34.9655,30.9628],[34.9634,30.9609],[34.9608,30.9582],[34.9586,30.9571],[34.9576,30.9554],[34.9574,30.9539],[34.9568,30.9525],[34.9562,30.9517],[34.9554,30.9514],[34.954,30.9504],[34.9521,30.9503],[34.9509,30.9497],[34.9491,30.9478],[34.9482,30.9474],[34.9465,30.9459],[34.9474,30.9445],[34.9473,30.943],[34.9444,30.9402],[34.9432,30.939],[34.9428,30.9378],[34.9393,30.9365],[34.9392,30.9358],[34.9381,30.9354],[34.9376,30.9348],[34.9376,30.9336],[34.9349,30.9324],[34.9345,30.9311],[34.9342,30.9294],[34.9328,30.9293],[34.9318,30.9283],[34.9312,30.9272],[34.9292,30.9267],[34.9292,30.9261],[34.9288,30.9251],[34.9281,30.9237],[34.9262,30.9233],[34.9255,30.9225],[34.9248,30.921],[34.9247,30.9183],[34.9239,30.9177],[34.9251,30.9167],[34.9232,30.9154],[34.9212,30.9119],[34.9205,30.9103],[34.9201,30.9085],[34.9187,30.9058],[34.918,30.9041],[34.9162,30.9001],[34.9162,30.8978],[34.9162,30.8959],[34.9164,30.8939],[34.9165,30.8901],[34.9172,30.8879],[34.9173,30.8861],[34.9179,30.8841],[34.9179,30.8836],[34.9181,30.8835],[34.9186,30.8808],[34.9194,30.8783],[34.9203,30.8773],[34.9192,30.876],[34.9168,30.8745],[34.9133,30.873],[34.9091,30.8726],[34.9065,30.8704],[34.9042,30.8691],[34.9007,30.8674],[34.9001,30.8664],[34.8985,30.8646],[34.8974,30.8619],[34.897,30.8598],[34.8935,30.8573],[34.8899,30.8555],[34.8828,30.8542],[34.8796,30.8526],[34.877,30.8525],[34.8756,30.852],[34.8713,30.8515],[34.8672,30.8523],[34.8651,30.8533],[34.8634,30.8564],[34.8625,30.8603],[34.8636,30.8612],[34.8633,30.8623],[34.8624,30.8642],[34.8614,30.865],[34.8607,30.8666],[34.8597,30.8683],[34.8603,30.8692],[34.862,30.873],[34.8613,30.8742],[34.8582,30.8789],[34.8579,30.8815],[34.8582,30.8833],[34.8595,30.8849],[34.8623,30.8859],[34.863,30.887],[34.864,30.8896],[34.8651,30.8907],[34.866,30.8933],[34.8656,30.8952],[34.8642,30.8974],[34.8608,30.8982],[34.8572,30.8992],[34.8543,30.9007],[34.8533,30.9007],[34.8515,30.9009],[34.8433,30.9054],[34.8458,30.9089],[34.8467,30.9118],[34.8483,30.9156],[34.8521,30.9212],[34.8535,30.9223],[34.8552,30.9242],[34.8582,30.9266],[34.86,30.9284],[34.8671,30.9336],[34.8759,30.9408],[34.8802,30.9437],[34.8822,30.9446],[34.884,30.9459],[34.8862,30.9485],[34.8888,30.9518],[34.8888,30.9525],[34.89,30.9551],[34.8904,30.9561],[34.891,30.9576],[34.893,30.9603],[34.8948,30.9621],[34.8958,30.9644],[34.8984,30.9673],[34.8992,30.9695],[34.8984,30.9713],[34.898,30.9726],[34.8985,30.9738],[34.8996,30.9746],[34.9032,30.9749],[34.907,30.9753],[34.9089,30.9756],[34.9113,30.9761],[34.9133,30.9774],[34.9147,30.9772],[34.9161,30.9753],[34.9181,30.9734],[34.9206,30.9721],[34.9225,30.9713],[34.9228,30.9664],[34.9305,30.9661],[34.9368,30.9696],[34.9401,30.9703],[34.9425,30.9711],[34.9456,30.972],[34.9501,30.9729],[34.9519,30.9735]]]]}},{"type":"Feature","properties":{"name":"שטח אש 400","remarks":"pkdarom@gmail.com , 08-99029268"},"geometry":{"type":"MultiPolygon","coordinates":[[[[34.6013,31.2647],[34.6085,31.2722],[34.6148,31.2673],[34.6172,31.2675],[34.6239,31.2615],[34.6286,31.2645],[34.6321,31.2644],[34.6351,31.2673],[34.6371,31.2668],[34.6425,31.2712],[34.6448,31.2728],[34.6451,31.273],[34.6645,31.2669],[34.6657,31.2675],[34.6676,31.2671],[34.6681,31.2668],[34.6683,31.2667],[34.6681,31.2657],[34.6678,31.2644],[34.6681,31.2632],[34.6707,31.2622],[34.6741,31.2586],[34.6739,31.2574],[34.6769,31.2565],[34.6928,31.2568],[34.7,31.2568],[34.6991,31.2366],[34.6991,31.2364],[34.6985,31.2326],[34.7002,31.2279],[34.701,31.2257],[34.7006,31.222],[34.7018,31.2208],[34.7068,31.2196],[34.7095,31.2198],[34.7143,31.2206],[34.7179,31.222],[34.7202,31.2232],[34.7221,31.2225],[34.7247,31.2244],[34.7265,31.2257],[34.7283,31.2262],[34.7309,31.2264],[34.7337,31.2254],[34.7351,31.225],[34.7364,31.2257],[34.7375,31.2279],[34.7398,31.2293],[34.7419,31.2302],[34.7441,31.2299],[34.7551,31.2243],[34.7562,31.2215],[34.7574,31.2196],[34.759,31.2188],[34.7601,31.2188],[34.7614,31.2189],[34.7628,31.2195],[34.7649,31.2205],[34.7811,31.2143],[34.7899,31.2147],[34.7902,31.2047],[34.8017,31.2043],[34.8026,31.1999],[34.8039,31.1936],[34.8045,31.1901],[34.8048,31.1878],[34.8052,31.1857],[34.8057,31.1836],[34.8059,31.1801],[34.8056,31.1772],[34.8039,31.174],[34.8031,31.1702],[34.8022,31.1659],[34.8017,31.1618],[34.8014,31.1589],[34.8004,31.1565],[34.775,31.1564],[34.7751,31.1527],[34.7707,31.152],[34.7666,31.1509],[34.7604,31.1495],[34.7398,31.149],[34.7384,31.149],[34.7381,31.1391],[34.7381,31.1303],[34.7456,31.1303],[34.7463,31.1303],[34.7505,31.129],[34.7653,31.1243],[34.7741,31.1241],[34.7759,31.1219],[34.7858,31.1217],[34.7861,31.1228],[34.8052,31.1226],[34.8175,31.1069],[34.8177,31.1052],[34.8178,31.1038],[34.8189,31.1027],[34.8195,31.1005],[34.8217,31.0975],[34.8242,31.0962],[34.8248,31.0957],[34.8252,31.0954],[34.825,31.0942],[34.8278,31.0897],[34.828,31.0834],[34.8304,31.0817],[34.8327,31.0775],[34.8343,31.0741],[34.8356,31.0701],[34.8354,31.0653],[34.835,31.0643],[34.8332,31.063],[34.833,31.0628],[34.8311,31.0606],[34.8306,31.0595],[34.8304,31.058],[34.8241,31.0535],[34.8163,31.0468],[34.8119,31.044],[34.8102,31.0425],[34.8056,31.0386],[34.8039,31.0373],[34.8038,31.0371],[34.802,31.0352],[34.7978,31.0306],[34.7938,31.0267],[34.7913,31.0243],[34.7842,31.0171],[34.7804,31.0156],[34.7796,31.0177],[34.7797,31.0199],[34.7777,31.0219],[34.7711,31.0218],[34.768,31.0193],[34.7645,31.02],[34.7613,31.0209],[34.7609,31.0225],[34.7596,31.0254],[34.7582,31.0257],[34.7572,31.0263],[34.7574,31.0263],[34.7547,31.0288],[34.7521,31.0273],[34.7514,31.0354],[34.7514,31.0357],[34.7514,31.0358],[34.7505,31.0374],[34.7473,31.0388],[34.7447,31.04],[34.737,31.0435],[34.7346,31.0466],[34.7321,31.0515],[34.7273,31.0542],[34.7216,31.0569],[34.7202,31.0576],[34.7057,31.0724],[34.7026,31.0741],[34.6992,31.0772],[34.6948,31.08],[34.6939,31.0805],[34.6859,31.0862],[34.6755,31.0944],[34.6558,31.1097],[34.6359,31.1275],[34.6279,31.133],[34.6239,31.1359],[34.6196,31.1422],[34.616,31.1448],[34.615,31.1455],[34.5751,31.1732],[34.573,31.1746],[34.572,31.1763],[34.5711,31.1786],[34.5701,31.1796],[34.5694,31.1803],[34.5655,31.1825],[34.5618,31.1832],[34.559,31.184],[34.5481,31.1925],[34.5439,31.1957],[34.5405,31.1984],[34.5501,31.2078],[34.556,31.2133],[34.5575,31.2159],[34.5536,31.2172],[34.5584,31.2219],[34.56,31.2234],[34.5675,31.2234],[34.5676,31.2235],[34.57,31.226],[34.5742,31.2312],[34.5785,31.2363],[34.5814,31.2382],[34.5924,31.2531],[34.5986,31.2605],[34.6013,31.2647]]]]}},{"type":"Feature","properties":{"name":"שטח אש 918","remarks":"02-5305042, pakmaz64@gmail.com"},"geometry":{"type":"MultiPolygon","coordinates":[[[[35.1412,31.4076],[35.146,31.4075],[35.1525,31.4077],[35.158,31.4079],[35.1589,31.4079],[35.1614,31.4081],[35.1666,31.409],[35.1702,31.4096],[35.1749,31.4107],[35.1758,31.411],[35.1769,31.4113],[35.1779,31.4114],[35.179,31.4115],[35.1876,31.4138],[35.1918,31.4147],[35.1931,31.4151],[35.194,31.415],[35.195,31.4145],[35.1964,31.4131],[35.1975,31.4117],[35.1979,31.4108],[35.1988,31.4107],[35.1995,31.4107],[35.2,31.4113],[35.2002,31.4121],[35.2008,31.4135],[35.2013,31.4144],[35.2019,31.4149],[35.2023,31.4152],[35.2029,31.4152],[35.2035,31.4143],[35.2039,31.4124],[35.2037,31.4114],[35.2034,31.41],[35.2036,31.408],[35.2039,31.4051],[35.2042,31.4023],[35.2042,31.3997],[35.2039,31.3976],[35.2037,31.396],[35.2032,31.3945],[35.2026,31.3938],[35.2007,31.3924],[35.1995,31.3924],[35.1989,31.3927],[35.1984,31.3926],[35.1982,31.3924],[35.1984,31.3911],[35.1989,31.3895],[35.2,31.3875],[35.2014,31.3847],[35.2025,31.3819],[35.2033,31.3787],[35.2036,31.3763],[35.2036,31.3742],[35.2033,31.3728],[35.2031,31.3727],[35.2021,31.3727],[35.2015,31.3732],[35.2011,31.3739],[35.2002,31.3744],[35.199,31.3746],[35.1978,31.3746],[35.197,31.3744],[35.1965,31.3737],[35.1961,31.3733],[35.1953,31.371],[35.1935,31.3685],[35.1893,31.3685],[35.1876,31.3681],[35.1854,31.3668],[35.1844,31.366],[35.1825,31.3655],[35.1797,31.3652],[35.171,31.3642],[35.1677,31.3639],[35.1674,31.3635],[35.1609,31.3629],[35.1594,31.3629],[35.1577,31.3627],[35.1545,31.3619],[35.15,31.3607],[35.1437,31.359],[35.1436,31.359],[35.142,31.3587],[35.1402,31.3585],[35.1393,31.3583],[35.1382,31.3582],[35.1373,31.3581],[35.1362,31.3579],[35.1351,31.3572],[35.1336,31.3552],[35.1324,31.3563],[35.129,31.3591],[35.1243,31.3629],[35.1253,31.3645],[35.1279,31.3686],[35.1311,31.3731],[35.1337,31.3775],[35.1351,31.3801],[35.1353,31.3804],[35.1401,31.3917],[35.1407,31.3931],[35.1421,31.3984],[35.1422,31.4012],[35.1422,31.4046],[35.1419,31.4052],[35.1413,31.4066],[35.1412,31.4076]]]]}},{"type":"Feature","properties":{"name":"שטח אש 503","remarks":"pkdarom@gmail.com , 08-99029268"},"geometry":{"type":"MultiPolygon","coordinates":[[[[35.1936,31.1597],[35.1677,31.1599],[35.1682,31.1476],[35.172,31.1489],[35.1749,31.149],[35.1819,31.1485],[35.184,31.1482],[35.1861,31.1473],[35.1887,31.1466],[35.1907,31.1454],[35.1898,31.1417],[35.1885,31.1371],[35.1861,31.1354],[35.1842,31.1314],[35.183,31.1289],[35.1795,31.1249],[35.1738,31.1173],[35.171,31.113],[35.1683,31.1096],[35.1664,31.1065],[35.1664,31.1065],[35.1624,31.0981],[35.1602,31.0919],[35.1571,31.087],[35.1558,31.0845],[35.1549,31.0827],[35.1496,31.0743],[35.1477,31.0709],[35.1458,31.0687],[35.1455,31.0685],[35.1441,31.0672],[35.1437,31.0669],[35.1425,31.0658],[35.1421,31.0655],[35.1409,31.0651],[35.1364,31.0643],[35.1346,31.064],[35.1313,31.0623],[35.1261,31.0597],[35.1234,31.0587],[35.1224,31.0582],[35.1222,31.0578],[35.1218,31.0574],[35.1212,31.0565],[35.1211,31.0565],[35.1196,31.0565],[35.1177,31.0561],[35.1165,31.0554],[35.1156,31.0549],[35.1148,31.0544],[35.1143,31.054],[35.1109,31.0509],[35.1095,31.05],[35.1084,31.0492],[35.1071,31.0487],[35.1059,31.048],[35.1042,31.0472],[35.1023,31.0468],[35.1017,31.0459],[35.0944,31.0446],[35.0933,31.0448],[35.0923,31.0455],[35.0916,31.0458],[35.091,31.0463],[35.0907,31.0483],[35.0905,31.0501],[35.0901,31.0513],[35.0901,31.052],[35.0901,31.0536],[35.0896,31.0548],[35.0897,31.0556],[35.0894,31.0561],[35.0893,31.0568],[35.0893,31.0573],[35.0891,31.0604],[35.0884,31.0629],[35.0882,31.0642],[35.0878,31.0652],[35.0869,31.0678],[35.0862,31.0689],[35.0859,31.0696],[35.0848,31.073],[35.084,31.0755],[35.0809,31.0856],[35.0783,31.0873],[35.0767,31.0881],[35.0736,31.0884],[35.0717,31.0892],[35.0691,31.0895],[35.0668,31.0891],[35.0633,31.0885],[35.0632,31.0883],[35.062,31.0883],[35.0605,31.0884],[35.0589,31.0887],[35.0585,31.0887],[35.0585,31.0888],[35.0584,31.0889],[35.0584,31.089],[35.0584,31.0891],[35.0584,31.0892],[35.0583,31.0894],[35.0582,31.0895],[35.0582,31.0896],[35.0581,31.0897],[35.058,31.0899],[35.0579,31.09],[35.0578,31.0901],[35.0576,31.0902],[35.0575,31.0903],[35.0575,31.0904],[35.0574,31.0905],[35.0574,31.0906],[35.0574,31.0907],[35.0574,31.0908],[35.0576,31.0911],[35.0577,31.0913],[35.0577,31.0915],[35.0578,31.0918],[35.0578,31.092],[35.0578,31.0922],[35.0577,31.0925],[35.0577,31.0928],[35.0577,31.093],[35.0576,31.0931],[35.0576,31.0932],[35.0575,31.0934],[35.0575,31.0935],[35.0574,31.0937],[35.0573,31.0939],[35.0572,31.094],[35.0571,31.0942],[35.057,31.0943],[35.0569,31.0944],[35.0568,31.0945],[35.0567,31.0947],[35.0566,31.0948],[35.0565,31.095],[35.0564,31.0951],[35.0563,31.0952],[35.0562,31.0953],[35.0561,31.0954],[35.056,31.0956],[35.0559,31.0958],[35.0559,31.0959],[35.0558,31.096],[35.0558,31.0961],[35.0558,31.0963],[35.0558,31.0964],[35.0558,31.0965],[35.0555,31.0964],[35.0553,31.0964],[35.0551,31.0963],[35.0549,31.0963],[35.0548,31.0963],[35.0545,31.0963],[35.0544,31.0964],[35.0542,31.0964],[35.054,31.0964],[35.0539,31.0965],[35.0538,31.0965],[35.0537,31.0965],[35.0537,31.0966],[35.0536,31.0966],[35.0535,31.0967],[35.0534,31.0967],[35.0533,31.0968],[35.0531,31.0969],[35.053,31.0969],[35.0529,31.097],[35.0527,31.0971],[35.0526,31.0972],[35.0525,31.0972],[35.0525,31.0973],[35.0524,31.0973],[35.0523,31.0974],[35.0523,31.0974],[35.0522,31.0974],[35.0521,31.0975],[35.0521,31.0975],[35.052,31.0976],[35.0519,31.0976],[35.0519,31.0976],[35.0518,31.0977],[35.0517,31.0977],[35.0517,31.0977],[35.0516,31.0977],[35.0516,31.0978],[35.0515,31.0978],[35.0515,31.0978],[35.0514,31.0978],[35.0513,31.0978],[35.0513,31.0979],[35.0512,31.0979],[35.0511,31.0979],[35.0511,31.0979],[35.051,31.0979],[35.0509,31.0979],[35.0508,31.0979],[35.0508,31.0979],[35.0507,31.0979],[35.0506,31.0979],[35.0506,31.0979],[35.0505,31.0979],[35.0505,31.0979],[35.0504,31.0979],[35.0504,31.0979],[35.0503,31.0979],[35.0502,31.0978],[35.0501,31.0978],[35.05,31.0978],[35.05,31.0978],[35.0499,31.0977],[35.0498,31.0977],[35.0497,31.0977],[35.0496,31.0976],[35.0496,31.0976],[35.0495,31.0975],[35.0494,31.0975],[35.0493,31.0974],[35.0493,31.0974],[35.0492,31.0973],[35.0492,31.0973],[35.0491,31.0972],[35.0491,31.0971],[35.049,31.0971],[35.049,31.097],[35.049,31.097],[35.0489,31.0969],[35.0489,31.0968],[35.0489,31.0967],[35.0488,31.0966],[35.0488,31.0965],[35.0488,31.0964],[35.0488,31.0962],[35.0488,31.0962],[35.0488,31.0961],[35.0488,31.0961],[35.0488,31.096],[35.0488,31.096],[35.0488,31.0959],[35.0489,31.0959],[35.0489,31.0958],[35.0489,31.0958],[35.0489,31.0957],[35.0489,31.0957],[35.0489,31.0957],[35.0489,31.0956],[35.0489,31.0956],[35.0489,31.0956],[35.0489,31.0955],[35.0489,31.0955],[35.0489,31.0955],[35.0489,31.0954],[35.0489,31.0954],[35.0489,31.0954],[35.0489,31.0954],[35.0489,31.0953],[35.0489,31.0953],[35.0488,31.0953],[35.0488,31.0952],[35.0488,31.0952],[35.0488,31.0952],[35.0488,31.0952],[35.0488,31.0951],[35.0487,31.0951],[35.0487,31.0951],[35.0487,31.0951],[35.0487,31.095],[35.0486,31.095],[35.0486,31.095],[35.0486,31.095],[35.0486,31.095],[35.0485,31.0949],[35.0484,31.0949],[35.0483,31.0949],[35.0482,31.095],[35.048,31.0948],[35.0479,31.0948],[35.0477,31.0948],[35.0475,31.0948],[35.0474,31.0948],[35.0472,31.0948],[35.047,31.0948],[35.0468,31.0947],[35.0467,31.0946],[35.0464,31.0944],[35.0463,31.0943],[35.0462,31.0942],[35.046,31.094],[35.046,31.0939],[35.0459,31.0938],[35.0458,31.0936],[35.0458,31.0932],[35.0457,31.0929],[35.0457,31.0925],[35.0457,31.0922],[35.0458,31.092],[35.0458,31.0919],[35.0458,31.0918],[35.0422,31.0935],[35.0405,31.0948],[35.0385,31.0963],[35.0374,31.0979],[35.0367,31.0984],[35.0365,31.0987],[35.0364,31.0994],[35.0364,31.1007],[35.0367,31.102],[35.037,31.1029],[35.0373,31.1049],[35.0378,31.1074],[35.0382,31.1093],[35.0387,31.1121],[35.0391,31.1138],[35.0394,31.116],[35.04,31.1177],[35.0402,31.12],[35.0405,31.1225],[35.0417,31.1289],[35.0429,31.1355],[35.0438,31.1382],[35.0446,31.1404],[35.0457,31.143],[35.0468,31.1458],[35.0479,31.1486],[35.0491,31.1516],[35.05,31.1545],[35.0509,31.1566],[35.0517,31.1578],[35.0527,31.1587],[35.054,31.1597],[35.0556,31.1601],[35.057,31.1603],[35.0588,31.1606],[35.062,31.1612],[35.0643,31.1618],[35.067,31.1622],[35.07,31.1627],[35.0722,31.1632],[35.0762,31.1649],[35.081,31.1667],[35.083,31.1678],[35.0868,31.1706],[35.0874,31.1713],[35.0888,31.1724],[35.0902,31.1742],[35.0913,31.1758],[35.0919,31.1769],[35.0925,31.1783],[35.0934,31.18],[35.094,31.1813],[35.0948,31.1828],[35.0958,31.1847],[35.0967,31.186],[35.0975,31.1866],[35.0988,31.1877],[35.0998,31.1879],[35.1009,31.1884],[35.1032,31.1884],[35.1059,31.188],[35.1068,31.188],[35.1077,31.1875],[35.1091,31.1872],[35.1112,31.1868],[35.1122,31.1867],[35.1208,31.1867],[35.1267,31.1853],[35.1326,31.1838],[35.1355,31.1826],[35.1365,31.1829],[35.1377,31.1829],[35.139,31.1823],[35.1402,31.1826],[35.1421,31.1825],[35.1434,31.1825],[35.1458,31.1816],[35.1469,31.1801],[35.1482,31.1785],[35.149,31.1777],[35.1503,31.1766],[35.1514,31.1766],[35.1526,31.1772],[35.1535,31.1781],[35.1549,31.1798],[35.156,31.1812],[35.1578,31.1817],[35.1603,31.182],[35.1636,31.182],[35.1674,31.1813],[35.1696,31.1804],[35.1718,31.1794],[35.1757,31.1764],[35.1807,31.172],[35.1936,31.1597]]]]}},{"type":"Feature","properties":{"name":"526","remarks":"pkdarom@gmail.com , 08-99029268"},"geometry":{"type":"MultiPolygon","coordinates":[[[[35.0361,31.3302],[35.0359,31.3331],[35.0393,31.3372],[35.0443,31.3376],[35.0494,31.3359],[35.0542,31.336],[35.0559,31.338],[35.0622,31.3383],[35.0655,31.3385],[35.0672,31.3386],[35.0674,31.3338],[35.0676,31.3213],[35.0695,31.3209],[35.0711,31.3206],[35.0725,31.3203],[35.0764,31.3196],[35.078,31.3192],[35.0775,31.3178],[35.077,31.3161],[35.076,31.316],[35.0732,31.3158],[35.0712,31.3152],[35.068,31.3114],[35.057,31.3067],[35.0568,31.3065],[35.0473,31.2987],[35.0473,31.2936],[35.0413,31.2842],[35.0416,31.2819],[35.042,31.2813],[35.043,31.2804],[35.0399,31.2767],[35.0346,31.2701],[35.0307,31.267],[35.0294,31.2649],[35.0272,31.2652],[35.0217,31.2638],[35.0086,31.2632],[35.005,31.2637],[34.9921,31.2633],[34.9884,31.2684],[34.9792,31.2672],[34.9762,31.2677],[34.9732,31.2677],[34.9697,31.268],[34.9672,31.2683],[34.9611,31.2682],[34.9586,31.27],[34.9554,31.2742],[34.954,31.2782],[34.9551,31.2813],[34.955,31.2901],[34.9562,31.2928],[34.9551,31.2955],[34.9553,31.2991],[34.9565,31.3001],[34.9599,31.3012],[34.9657,31.3006],[34.9689,31.3023],[34.9724,31.3023],[34.9737,31.303],[34.9752,31.3027],[34.9785,31.3024],[34.9813,31.3026],[34.9842,31.3033],[34.9888,31.3069],[34.9913,31.3104],[34.9937,31.3112],[34.9982,31.3111],[35.0051,31.3136],[35.009,31.3166],[35.011,31.3172],[35.0151,31.3176],[35.0175,31.3203],[35.02,31.322],[35.0221,31.3222],[35.0233,31.3219],[35.0242,31.3213],[35.0269,31.3206],[35.0305,31.3207],[35.0316,31.3216],[35.0327,31.3261],[35.0344,31.3284],[35.0361,31.3302]]]]}},{"type":"Feature","properties":{"name":"שטח אש 502","remarks":"pkdarom@gmail.com , 08-99029268"},"geometry":{"type":"MultiPolygon","coordinates":[[[[34.974,31.0322],[34.9756,31.0336],[34.9867,31.0298],[35.0095,31.0461],[35.0096,31.046],[35.0112,31.0471],[35.0111,31.0472],[35.0126,31.0483],[35.0123,31.0484],[35.0125,31.0486],[35.0159,31.0512],[35.0219,31.0502],[35.0279,31.0499],[35.0336,31.0492],[35.0371,31.0466],[35.0417,31.0423],[35.0452,31.0386],[35.0453,31.0367],[35.044,31.0353],[35.0403,31.0331],[35.0412,31.0277],[35.0382,31.0266],[35.0381,31.0253],[35.0409,31.0252],[35.0424,31.0211],[35.0458,31.0199],[35.0491,31.0196],[35.0506,31.0195],[35.0538,31.0187],[35.0583,31.0191],[35.0617,31.0202],[35.0628,31.0205],[35.0652,31.0192],[35.0648,31.0136],[35.0645,31.01],[35.0645,31.01],[35.0644,31.01],[35.0635,31.0088],[35.0635,31.0088],[35.0632,31.0085],[35.0625,31.0085],[35.0625,31.0085],[35.0623,31.0085],[35.0623,31.0085],[35.0618,31.0076],[35.0615,31.0072],[35.0609,31.0065],[35.0609,31.0064],[35.0607,31.0062],[35.0606,31.0061],[35.0602,31.0059],[35.0597,31.0057],[35.0598,31.0049],[35.0598,31.0048],[35.0599,31.0046],[35.0598,31.0045],[35.0598,31.0045],[35.0574,31.0034],[35.0569,31.0025],[35.0563,31.0013],[35.0546,31.0009],[35.0524,31.0004],[35.052,30.9999],[35.052,30.9999],[35.0515,30.9992],[35.0515,30.9992],[35.0514,30.9991],[35.0513,30.9989],[35.0508,30.9974],[35.0507,30.9972],[35.0506,30.9971],[35.0505,30.9969],[35.0493,30.9959],[35.0491,30.9957],[35.049,30.9956],[35.0488,30.9946],[35.0456,30.9932],[35.0455,30.9931],[35.0453,30.992],[35.0469,30.9902],[35.047,30.99],[35.047,30.99],[35.0473,30.9886],[35.0473,30.9884],[35.0473,30.9879],[35.0473,30.9877],[35.0473,30.9875],[35.0469,30.9843],[35.0469,30.984],[35.0481,30.9827],[35.049,30.9819],[35.0491,30.9818],[35.0496,30.9814],[35.0499,30.9812],[35.0499,30.9811],[35.0499,30.9811],[35.0499,30.9811],[35.0499,30.981],[35.05,30.9809],[35.0494,30.9803],[35.0494,30.9799],[35.0496,30.979],[35.0494,30.9781],[35.0491,30.9775],[35.0489,30.9771],[35.0485,30.9767],[35.0482,30.9765],[35.0479,30.9762],[35.0473,30.9759],[35.0467,30.9754],[35.0465,30.9751],[35.0472,30.9739],[35.0472,30.9734],[35.0471,30.9726],[35.0469,30.9719],[35.0466,30.9715],[35.0461,30.9708],[35.0456,30.9702],[35.0451,30.9696],[35.0446,30.9687],[35.0445,30.9684],[35.0443,30.9681],[35.0443,30.9679],[35.0446,30.9675],[35.0449,30.9671],[35.0449,30.9667],[35.0452,30.9661],[35.045,30.9659],[35.0449,30.9657],[35.0447,30.9647],[35.0445,30.9647],[35.0439,30.9646],[35.0436,30.9643],[35.0436,30.9641],[35.043,30.9636],[35.0429,30.9632],[35.0426,30.9631],[35.042,30.963],[35.0407,30.963],[35.0402,30.9631],[35.0397,30.9631],[35.0391,30.963],[35.0378,30.963],[35.0361,30.9628],[35.0348,30.963],[35.0333,30.9629],[35.0326,30.9629],[35.0319,30.963],[35.032,30.9632],[35.0318,30.9634],[35.0315,30.9636],[35.0311,30.964],[35.0306,30.9647],[35.0304,30.9652],[35.0301,30.966],[35.0299,30.9674],[35.0301,30.9699],[35.0301,30.9705],[35.0298,30.9713],[35.0295,30.9717],[35.0293,30.9721],[35.029,30.9725],[35.0289,30.9728],[35.0286,30.973],[35.0279,30.9735],[35.0277,30.9736],[35.0273,30.9739],[35.027,30.9744],[35.0269,30.9747],[35.0268,30.9751],[35.0266,30.9755],[35.0263,30.9758],[35.026,30.976],[35.0255,30.9763],[35.0253,30.9767],[35.0251,30.9773],[35.0249,30.9776],[35.0246,30.9779],[35.0238,30.9786],[35.0233,30.9789],[35.0227,30.9791],[35.0226,30.9792],[35.0224,30.9793],[35.0222,30.9795],[35.022,30.98],[35.0219,30.98],[35.0217,30.9802],[35.0216,30.9803],[35.0214,30.9804],[35.0213,30.9804],[35.0212,30.9806],[35.0205,30.9808],[35.02,30.9809],[35.0199,30.9809],[35.0198,30.9808],[35.0195,30.9804],[35.0193,30.9803],[35.0191,30.9802],[35.019,30.9802],[35.0189,30.9803],[35.0188,30.9805],[35.0189,30.9807],[35.0192,30.9812],[35.0194,30.9815],[35.0194,30.9817],[35.0193,30.9818],[35.019,30.982],[35.0185,30.9823],[35.018,30.9826],[35.0177,30.9827],[35.0175,30.9827],[35.0175,30.9827],[35.0173,30.9827],[35.0172,30.9827],[35.0172,30.9826],[35.017,30.9826],[35.0169,30.9825],[35.0167,30.9826],[35.0167,30.9826],[35.0165,30.9827],[35.0165,30.9838],[35.0161,30.9843],[35.0159,30.9845],[35.0157,30.9846],[35.0154,30.9848],[35.0151,30.9848],[35.0148,30.9848],[35.0146,30.9848],[35.0144,30.9847],[35.0143,30.9845],[35.0142,30.9843],[35.014,30.9841],[35.0138,30.984],[35.0134,30.9839],[35.0127,30.9838],[35.0126,30.9838],[35.0124,30.9839],[35.0123,30.984],[35.0124,30.9851],[35.0124,30.9858],[35.0123,30.9859],[35.0122,30.986],[35.012,30.986],[35.0119,30.9861],[35.0119,30.9863],[35.0123,30.9865],[35.0124,30.9866],[35.0126,30.987],[35.0127,30.9872],[35.0131,30.9874],[35.0132,30.9875],[35.0132,30.9877],[35.0132,30.9878],[35.0132,30.9879],[35.0121,30.9886],[35.0116,30.9891],[35.011,30.9899],[35.0105,30.9905],[35.0098,30.9907],[35.0094,30.9907],[35.009,30.9906],[35.0084,30.9905],[35.008,30.9905],[35.0074,30.9907],[35.0071,30.9907],[35.0068,30.9902],[35.0062,30.9899],[35.0046,30.9898],[35.0041,30.9896],[35.0038,30.9893],[35.0037,30.9888],[35.0032,30.9885],[35.0032,30.9884],[35.0032,30.9881],[35.003,30.9879],[35.0017,30.9873],[35.0008,30.987],[35.0006,30.9869],[35.0002,30.987],[35.0,30.987],[35.0,30.9867],[34.9999,30.9863],[34.9998,30.9857],[34.9997,30.9851],[34.9996,30.9848],[34.9982,30.9844],[34.9977,30.9844],[34.9974,30.9843],[34.9973,30.9841],[34.9973,30.984],[34.9972,30.9833],[34.9969,30.983],[34.9963,30.9827],[34.995,30.9818],[34.9943,30.9809],[34.9941,30.9799],[34.9942,30.9796],[34.9951,30.979],[34.9951,30.9787],[34.9949,30.9781],[34.9947,30.9768],[34.9945,30.9766],[34.9941,30.9767],[34.9934,30.9763],[34.9929,30.9762],[34.9922,30.9761],[34.9915,30.9766],[34.9914,30.9766],[34.9912,30.9763],[34.9909,30.9759],[34.9906,30.9754],[34.9895,30.975],[34.9879,30.974],[34.9869,30.9733],[34.9866,30.9731],[34.9861,30.9729],[34.9854,30.9728],[34.9851,30.9726],[34.9848,30.9724],[34.9846,30.9722],[34.9843,30.9719],[34.9835,30.9714],[34.9827,30.971],[34.9812,30.9708],[34.9806,30.9708],[34.9792,30.9704],[34.9782,30.9701],[34.9771,30.97],[34.9759,30.9704],[34.9752,30.9706],[34.9746,30.9708],[34.974,30.9716],[34.9737,30.972],[34.9724,30.9719],[34.9714,30.9717],[34.9705,30.9718],[34.9705,30.9719],[34.9721,30.9723],[34.973,30.9727],[34.9735,30.9733],[34.9738,30.9743],[34.9745,30.9762],[34.9747,30.9772],[34.9745,30.9781],[34.9736,30.9791],[34.9724,30.9793],[34.9715,30.9797],[34.9712,30.9803],[34.9706,30.9809],[34.9699,30.9815],[34.9693,30.982],[34.9687,30.9837],[34.9672,30.9838],[34.9676,30.9855],[34.9681,30.9858],[34.9672,30.9864],[34.9662,30.9858],[34.9651,30.9852],[34.9636,30.9845],[34.9631,30.9847],[34.9637,30.9869],[34.9636,30.9912],[34.9637,30.9964],[34.9639,31.0058],[34.9639,31.0126],[34.964,31.0138],[34.9638,31.0173],[34.9674,31.0216],[34.9692,31.0239],[34.9714,31.0273],[34.9726,31.0298],[34.974,31.0322]]]]}},{"type":"Feature","properties":{"name":"1013","remarks":"pkdarom@gmail.com , 08-99029268"},"geometry":{"type":"MultiPolygon","coordinates":[[[[34.8599,29.8123],[34.8475,29.811],[34.8453,29.8138],[34.8429,29.8196],[34.8394,29.8261],[34.8394,29.8388],[34.8407,29.844],[34.8475,29.8554],[34.8527,29.863],[34.8553,29.871],[34.8553,29.871],[34.8553,29.871],[34.8546,29.8755],[34.8549,29.8781],[34.8555,29.8827],[34.8575,29.8871],[34.861,29.8947],[34.8655,29.9045],[34.876,29.9093],[34.8761,29.9094],[34.8819,29.9143],[34.8823,29.9147],[34.8824,29.9147],[34.8824,29.9147],[34.8824,29.9147],[34.8824,29.9147],[34.8824,29.9148],[34.8942,29.9095],[34.8959,29.9088],[34.8965,29.9085],[34.9002,29.9074],[34.904,29.9064],[34.9173,29.9032],[34.9204,29.9023],[34.9318,29.8999],[34.9431,29.8971],[34.9425,29.896],[34.9305,29.876],[34.9267,29.8689],[34.9251,29.8662],[34.9176,29.8524],[34.8992,29.8529],[34.8992,29.8529],[34.9025,29.837],[34.9025,29.837],[34.8837,29.8165],[34.87,29.8132],[34.8599,29.8123]]]]}},{"type":"Feature","properties":{"name":"מרחב מערת המכפלה","remarks":"סגירת מקום והגבלת תנועה לפל"},"geometry":{"type":"MultiPolygon","coordinates":[[[[35.109,31.5235],[35.1087,31.5234],[35.1086,31.5234],[35.1084,31.5234],[35.1082,31.5233],[35.108,31.5233],[35.1078,31.5232],[35.1078,31.5232],[35.1076,31.5232],[35.1074,31.5232],[35.1074,31.5232],[35.1078,31.5233],[35.108,31.5234],[35.1083,31.5234],[35.1085,31.5235],[35.1089,31.5235],[35.1095,31.5237],[35.11,31.5238],[35.11,31.5237],[35.1095,31.5236],[35.1092,31.5235],[35.1091,31.5235],[35.109,31.5235]]],[[[35.111,31.5232],[35.1111,31.523],[35.1109,31.523],[35.1109,31.5232],[35.1109,31.5234],[35.1109,31.5234],[35.1109,31.5235],[35.1108,31.5236],[35.1106,31.5236],[35.1106,31.5238],[35.1108,31.5237],[35.111,31.5236],[35.1111,31.5235],[35.111,31.5233],[35.111,31.5232]]]]}},{"type":"Feature","properties":{"name":"שטחי חוק ההתנתקות - אפריל 2024","remarks":""},"geometry":{"type":"MultiPolygon","coordinates":[[[[35.2502,32.4181],[35.2505,32.4107],[35.2499,32.403],[35.248,32.4033],[35.2473,32.4034],[35.2432,32.404],[35.2422,32.4042],[35.2389,32.4047],[35.2379,32.4046],[35.2371,32.4054],[35.2367,32.406],[35.236,32.4068],[35.2351,32.4078],[35.234,32.4065],[35.2322,32.4053],[35.2314,32.405],[35.2309,32.4049],[35.231,32.4043],[35.231,32.403],[35.2306,32.4014],[35.2297,32.3991],[35.2291,32.3974],[35.2282,32.3953],[35.2273,32.3929],[35.2271,32.3913],[35.2265,32.3888],[35.2258,32.3861],[35.2253,32.3841],[35.2248,32.3829],[35.2246,32.3816],[35.2244,32.3807],[35.2242,32.3798],[35.2235,32.3787],[35.2231,32.3778],[35.2229,32.3767],[35.2227,32.3754],[35.2225,32.3742],[35.2226,32.373],[35.2226,32.3723],[35.2223,32.3714],[35.2218,32.37],[35.2216,32.3687],[35.2218,32.3678],[35.2218,32.3672],[35.2214,32.3666],[35.2211,32.3658],[35.2208,32.3647],[35.2207,32.3635],[35.2194,32.3626],[35.2181,32.3619],[35.2175,32.3616],[35.2175,32.361],[35.2171,32.3599],[35.2168,32.3587],[35.2175,32.3577],[35.217,32.357],[35.2158,32.3567],[35.2149,32.3557],[35.2149,32.3549],[35.2139,32.3553],[35.2133,32.3547],[35.2126,32.3545],[35.2117,32.3542],[35.2111,32.3534],[35.2108,32.3521],[35.2111,32.351],[35.2107,32.3507],[35.2098,32.3504],[35.2083,32.3497],[35.2072,32.3487],[35.2073,32.3483],[35.2078,32.3477],[35.2081,32.3471],[35.208,32.3467],[35.2077,32.3466],[35.2072,32.3466],[35.2063,32.3464],[35.2058,32.3461],[35.2056,32.3458],[35.2055,32.3454],[35.206,32.3451],[35.207,32.3447],[35.2077,32.3436],[35.2087,32.3426],[35.2094,32.3424],[35.2099,32.3416],[35.2105,32.3406],[35.2101,32.3401],[35.2102,32.3395],[35.2109,32.3386],[35.2118,32.3383],[35.2121,32.3386],[35.2131,32.339],[35.2133,32.3393],[35.2135,32.34],[35.2137,32.3403],[35.2143,32.3409],[35.2147,32.3419],[35.215,32.3436],[35.2155,32.3443],[35.2162,32.3448],[35.2168,32.3455],[35.2168,32.3458],[35.2169,32.3464],[35.2173,32.347],[35.2193,32.3474],[35.2204,32.3473],[35.2211,32.3474],[35.2216,32.3478],[35.2221,32.3485],[35.223,32.3494],[35.2237,32.3498],[35.2243,32.3501],[35.2246,32.3504],[35.2252,32.3518],[35.2264,32.3534],[35.2276,32.3548],[35.2292,32.3561],[35.2309,32.3575],[35.2331,32.3588],[35.2345,32.3594],[35.2354,32.3595],[35.2361,32.3594],[35.2366,32.3589],[35.2371,32.3579],[35.2376,32.3564],[35.2385,32.3556],[35.238,32.3547],[35.2372,32.3531],[35.2381,32.3522],[35.2415,32.3503],[35.2439,32.3491],[35.2448,32.3482],[35.2453,32.3472],[35.245,32.346],[35.2437,32.3447],[35.2436,32.3435],[35.2438,32.3426],[35.2442,32.3409],[35.2437,32.3401],[35.2418,32.3398],[35.2401,32.3397],[35.2382,32.3387],[35.2374,32.3374],[35.2362,32.3357],[35.2346,32.3352],[35.2326,32.3353],[35.2305,32.3359],[35.2288,32.3343],[35.2283,32.334],[35.2273,32.3341],[35.2265,32.3338],[35.224,32.3331],[35.2225,32.3327],[35.2213,32.3323],[35.2189,32.332],[35.217,32.3319],[35.2144,32.3322],[35.2125,32.332],[35.2109,32.3317],[35.2103,32.3316],[35.2095,32.3312],[35.209,32.3304],[35.2085,32.3305],[35.2084,32.3301],[35.208,32.3301],[35.2082,32.3295],[35.2081,32.3292],[35.2069,32.3289],[35.2065,32.329],[35.2062,32.3292],[35.2054,32.3294],[35.2037,32.3296],[35.2027,32.3288],[35.2017,32.3283],[35.2014,32.3284],[35.2009,32.3285],[35.2004,32.3286],[35.1998,32.3288],[35.1992,32.3289],[35.1987,32.3289],[35.1983,32.3288],[35.198,32.3285],[35.1979,32.3291],[35.1975,32.3295],[35.1969,32.3299],[35.1965,32.3299],[35.1955,32.3298],[35.195,32.3302],[35.1942,32.331],[35.1936,32.3318],[35.1926,32.3327],[35.1912,32.333],[35.1902,32.333],[35.1889,32.3326],[35.1875,32.3319],[35.1859,32.3311],[35.1845,32.3306],[35.1837,32.3303],[35.1827,32.3294],[35.1821,32.3281],[35.1818,32.3271],[35.1819,32.3267],[35.1811,32.3266],[35.1809,32.3254],[35.1802,32.325],[35.1799,32.3235],[35.1802,32.3226],[35.1792,32.3222],[35.1788,32.3216],[35.1797,32.3207],[35.1802,32.3204],[35.1791,32.3187],[35.1798,32.3179],[35.1805,32.3171],[35.1803,32.316],[35.1803,32.3151],[35.1809,32.3147],[35.1818,32.3142],[35.1826,32.3138],[35.1834,32.3135],[35.1837,32.3134],[35.1844,32.3133],[35.185,32.313],[35.1852,32.3129],[35.1856,32.3127],[35.1868,32.3118],[35.188,32.3127],[35.1901,32.3141],[35.1916,32.3144],[35.1927,32.3152],[35.1935,32.3156],[35.1944,32.3155],[35.195,32.3156],[35.1954,32.3155],[35.1958,32.3155],[35.1963,32.316],[35.1967,32.3165],[35.1972,32.3172],[35.1985,32.3179],[35.199,32.3176],[35.2003,32.3176],[35.2022,32.3176],[35.2045,32.3174],[35.2058,32.3179],[35.2067,32.3168],[35.2071,32.3155],[35.2078,32.3142],[35.2081,32.3139],[35.2084,32.3136],[35.2091,32.3136],[35.2095,32.3126],[35.21,32.311],[35.2116,32.311],[35.2123,32.311],[35.2133,32.311],[35.2136,32.3108],[35.2148,32.3107],[35.2161,32.31],[35.2162,32.3099],[35.2162,32.3099],[35.2163,32.3099],[35.2168,32.3096],[35.2171,32.3095],[35.2171,32.3094],[35.2177,32.3093],[35.2185,32.309],[35.219,32.3088],[35.2192,32.3086],[35.2195,32.3085],[35.2199,32.3081],[35.2204,32.308],[35.2209,32.3082],[35.2212,32.3084],[35.2218,32.3084],[35.2225,32.308],[35.223,32.3079],[35.2236,32.308],[35.2236,32.308],[35.2244,32.3086],[35.2245,32.3085],[35.2246,32.3084],[35.2247,32.3082],[35.2249,32.308],[35.2253,32.3077],[35.2251,32.3075],[35.2248,32.3074],[35.2245,32.3072],[35.2242,32.3066],[35.2243,32.3062],[35.2244,32.3056],[35.2246,32.305],[35.2251,32.3044],[35.2259,32.3036],[35.2257,32.3031],[35.2256,32.3025],[35.2252,32.3024],[35.2245,32.3025],[35.224,32.3024],[35.2231,32.3022],[35.223,32.3022],[35.2228,32.3022],[35.222,32.3021],[35.2218,32.3021],[35.2218,32.3021],[35.2216,32.3021],[35.2201,32.3021],[35.2191,32.3022],[35.2185,32.3019],[35.2175,32.301],[35.2173,32.3007],[35.2169,32.3005],[35.2165,32.3004],[35.2161,32.3005],[35.2158,32.301],[35.2157,32.301],[35.2153,32.3013],[35.215,32.3013],[35.2143,32.3013],[35.214,32.3013],[35.2139,32.3013],[35.2136,32.3013],[35.2132,32.3015],[35.2129,32.3016],[35.2126,32.3018],[35.2124,32.302],[35.2122,32.3022],[35.212,32.3024],[35.2117,32.3026],[35.2116,32.3027],[35.2115,32.3028],[35.2102,32.3032],[35.2092,32.3033],[35.2089,32.3033],[35.2087,32.3033],[35.2083,32.3034],[35.2082,32.3034],[35.2079,32.3034],[35.2076,32.3034],[35.2074,32.303],[35.2074,32.303],[35.2072,32.3026],[35.2072,32.3026],[35.2069,32.3022],[35.2067,32.3017],[35.2058,32.302],[35.2046,32.3024],[35.2029,32.3023],[35.2015,32.3024],[35.2008,32.3024],[35.2001,32.3024],[35.1978,32.3031],[35.1976,32.3031],[35.1975,32.3031],[35.1971,32.3032],[35.1971,32.3036],[35.1961,32.3039],[35.1953,32.3039],[35.1944,32.3037],[35.1937,32.3035],[35.1931,32.3033],[35.1919,32.3035],[35.1918,32.3036],[35.191,32.3038],[35.1909,32.3038],[35.1907,32.3038],[35.1904,32.3039],[35.1892,32.3041],[35.1884,32.3042],[35.1873,32.3041],[35.1862,32.3041],[35.1845,32.3046],[35.184,32.3048],[35.1822,32.3065],[35.1797,32.3082],[35.175,32.308],[35.1745,32.3089],[35.1737,32.3103],[35.1724,32.3132],[35.1711,32.3156],[35.1701,32.3177],[35.1699,32.319],[35.1699,32.3194],[35.1699,32.3202],[35.1702,32.322],[35.1707,32.3237],[35.1714,32.3253],[35.1724,32.3276],[35.1735,32.3304],[35.1737,32.331],[35.1739,32.3313],[35.1741,32.3319],[35.1742,32.3323],[35.1744,32.3327],[35.1747,32.3333],[35.1749,32.3339],[35.1753,32.3344],[35.1757,32.335],[35.176,32.3353],[35.1763,32.3356],[35.1766,32.3358],[35.1769,32.3361],[35.1772,32.3364],[35.1777,32.3368],[35.1781,32.3371],[35.1784,32.3372],[35.179,32.3374],[35.1796,32.3376],[35.1802,32.3378],[35.1807,32.338],[35.1812,32.3381],[35.1816,32.3384],[35.1822,32.3388],[35.1828,32.3391],[35.1832,32.3394],[35.1836,32.3396],[35.1844,32.3401],[35.1851,32.3403],[35.1856,32.3403],[35.186,32.3408],[35.188,32.3423],[35.1885,32.3425],[35.1895,32.3426],[35.1902,32.3439],[35.1921,32.3451],[35.1932,32.3457],[35.1937,32.3462],[35.1939,32.3465],[35.1949,32.3472],[35.1949,32.3476],[35.1949,32.3484],[35.1963,32.3491],[35.1976,32.351],[35.2,32.353],[35.2011,32.3544],[35.2007,32.3553],[35.2011,32.3568],[35.2013,32.3574],[35.2023,32.3582],[35.2024,32.3598],[35.2033,32.3614],[35.2054,32.3632],[35.2069,32.3651],[35.2075,32.3658],[35.2086,32.3691],[35.209,32.3724],[35.2086,32.3749],[35.2086,32.3755],[35.2087,32.3763],[35.209,32.377],[35.2091,32.3773],[35.2098,32.3786],[35.2085,32.38],[35.2079,32.3809],[35.2077,32.3815],[35.2077,32.3821],[35.2073,32.3828],[35.2075,32.3835],[35.2081,32.3842],[35.2092,32.3852],[35.21,32.386],[35.2112,32.3871],[35.211,32.3879],[35.2109,32.3887],[35.211,32.39],[35.2109,32.3912],[35.2111,32.3923],[35.2111,32.3936],[35.211,32.3947],[35.2112,32.396],[35.2119,32.3973],[35.212,32.3974],[35.2123,32.3975],[35.213,32.3975],[35.2137,32.3978],[35.2155,32.3986],[35.2155,32.3988],[35.2155,32.4019],[35.2141,32.4029],[35.2125,32.4043],[35.2133,32.4062],[35.2143,32.407],[35.2146,32.4073],[35.2141,32.409],[35.2141,32.4101],[35.213,32.4104],[35.2118,32.4103],[35.2102,32.4101],[35.2097,32.41],[35.2078,32.4106],[35.2063,32.4112],[35.205,32.4116],[35.2032,32.4133],[35.2022,32.4134],[35.201,32.4136],[35.2003,32.4156],[35.1993,32.4163],[35.1977,32.4173],[35.1961,32.4178],[35.1941,32.4183],[35.1924,32.4185],[35.1912,32.4192],[35.1905,32.4196],[35.2027,32.4275],[35.2043,32.4264],[35.2071,32.4246],[35.208,32.4237],[35.2105,32.4213],[35.2127,32.4198],[35.2145,32.4185],[35.2169,32.4169],[35.2184,32.4169],[35.2187,32.4172],[35.2196,32.4183],[35.2208,32.4207],[35.2221,32.4234],[35.2235,32.4257],[35.2266,32.4286],[35.2296,32.4316],[35.2312,32.4329],[35.2327,32.4346],[35.2342,32.4362],[35.2348,32.4368],[35.2363,32.4381],[35.2367,32.4389],[35.2377,32.4404],[35.2377,32.4405],[35.2416,32.4377],[35.2447,32.4346],[35.2465,32.4319],[35.2475,32.4293],[35.2475,32.4292],[35.2493,32.4243],[35.2502,32.4181]],[[35.1989,32.3116],[35.1993,32.3109],[35.1995,32.3109],[35.2003,32.3113],[35.2004,32.3112],[35.2006,32.3111],[35.2011,32.3107],[35.2006,32.3103],[35.2008,32.3102],[35.2006,32.3099],[35.2008,32.3088],[35.2018,32.3084],[35.2018,32.3085],[35.2018,32.3085],[35.202,32.3086],[35.202,32.3086],[35.2024,32.3084],[35.203,32.3084],[35.2032,32.3085],[35.203,32.3092],[35.2032,32.3093],[35.2035,32.3095],[35.2039,32.3101],[35.2045,32.3107],[35.2044,32.3109],[35.2044,32.3109],[35.2044,32.3109],[35.2038,32.3111],[35.2038,32.3111],[35.2032,32.3116],[35.203,32.3118],[35.2029,32.3118],[35.2024,32.3119],[35.2019,32.312],[35.2018,32.312],[35.2018,32.3121],[35.2017,32.312],[35.2016,32.312],[35.199,32.3121],[35.1991,32.3118],[35.1989,32.3116]],[[35.1946,32.3082],[35.1943,32.3084],[35.194,32.3083],[35.194,32.3083],[35.1936,32.3082],[35.1934,32.3081],[35.1932,32.3081],[35.1931,32.3081],[35.1931,32.308],[35.1932,32.3078],[35.1932,32.3075],[35.1928,32.3072],[35.1924,32.307],[35.1921,32.3069],[35.1918,32.3068],[35.1915,32.3069],[35.1914,32.307],[35.1911,32.307],[35.191,32.307],[35.1908,32.3071],[35.1908,32.3071],[35.1903,32.3069],[35.1901,32.3069],[35.19,32.3068],[35.1898,32.3067],[35.1897,32.3066],[35.1896,32.3066],[35.1895,32.3065],[35.1895,32.3064],[35.1895,32.3064],[35.1901,32.3065],[35.1912,32.3066],[35.1913,32.3066],[35.1913,32.3066],[35.1917,32.3066],[35.1917,32.3066],[35.1922,32.3064],[35.1924,32.3063],[35.1932,32.3065],[35.1932,32.3065],[35.1935,32.3067],[35.194,32.3072],[35.194,32.3072],[35.1938,32.3073],[35.194,32.3075],[35.1945,32.3082],[35.1946,32.3082]],[[35.1977,32.3065],[35.1981,32.3061],[35.1982,32.3061],[35.1983,32.3059],[35.1974,32.3054],[35.1974,32.3053],[35.1966,32.3053],[35.1966,32.3052],[35.1964,32.3048],[35.1966,32.3045],[35.1966,32.3042],[35.1967,32.3041],[35.1967,32.3038],[35.1969,32.3037],[35.1979,32.3042],[35.1982,32.3043],[35.1982,32.3043],[35.1981,32.3048],[35.1981,32.3049],[35.1982,32.305],[35.1983,32.3051],[35.1983,32.3051],[35.1985,32.3048],[35.1985,32.3048],[35.1988,32.3047],[35.199,32.3051],[35.1996,32.3049],[35.1996,32.305],[35.1999,32.3056],[35.2001,32.306],[35.2001,32.306],[35.2001,32.3061],[35.2001,32.3061],[35.2,32.3063],[35.1998,32.3068],[35.1998,32.3068],[35.1999,32.307],[35.1997,32.3071],[35.1995,32.3071],[35.1994,32.3072],[35.1988,32.3067],[35.1987,32.3068],[35.1982,32.3072],[35.198,32.3075],[35.1982,32.3079],[35.1981,32.3079],[35.198,32.3081],[35.1978,32.3082],[35.1976,32.3077],[35.1974,32.3074],[35.197,32.3074],[35.197,32.3071],[35.1971,32.307],[35.1977,32.3065]],[[35.2052,32.3073],[35.2049,32.3072],[35.2047,32.3071],[35.2043,32.307],[35.2037,32.3068],[35.2035,32.3067],[35.2035,32.3063],[35.2035,32.3063],[35.204,32.3062],[35.203,32.3055],[35.2026,32.3053],[35.2032,32.3051],[35.2033,32.3052],[35.2033,32.3052],[35.2034,32.3053],[35.2034,32.3054],[35.2039,32.3058],[35.2041,32.3058],[35.2041,32.3058],[35.2045,32.3058],[35.2045,32.3058],[35.2046,32.3061],[35.2047,32.3062],[35.2047,32.3062],[35.2047,32.3062],[35.2053,32.3065],[35.206,32.3068],[35.2056,32.3071],[35.2053,32.3073],[35.2053,32.3074],[35.2052,32.3073]]],[[[35.3341,32.5125],[35.3353,32.5003],[35.3352,32.5002],[35.3354,32.4994],[35.3344,32.4987],[35.3339,32.4977],[35.3337,32.4967],[35.3337,32.4951],[35.3337,32.4935],[35.3338,32.492],[35.3338,32.4909],[35.3334,32.4905],[35.3325,32.4862],[35.3326,32.4833],[35.3327,32.4785],[35.3331,32.4758],[35.3333,32.472],[35.3346,32.4698],[35.3351,32.4697],[35.3352,32.4672],[35.3372,32.4658],[35.3393,32.4646],[35.3415,32.4637],[35.343,32.463],[35.3441,32.4622],[35.3451,32.461],[35.3456,32.4606],[35.3463,32.4608],[35.3476,32.4601],[35.347,32.4598],[35.3468,32.4594],[35.3464,32.4593],[35.3464,32.459],[35.3464,32.4583],[35.3465,32.458],[35.348,32.4568],[35.3499,32.4561],[35.3508,32.4546],[35.3512,32.4528],[35.3501,32.4499],[35.3486,32.4471],[35.3488,32.4422],[35.3478,32.4417],[35.3467,32.441],[35.3453,32.4405],[35.3437,32.4406],[35.3418,32.4399],[35.3416,32.438],[35.3398,32.4365],[35.3368,32.4357],[35.3361,32.4326],[35.334,32.433],[35.3322,32.4325],[35.3299,32.43],[35.3294,32.4291],[35.3284,32.4268],[35.3285,32.4249],[35.3295,32.4237],[35.3298,32.4232],[35.3305,32.422],[35.3306,32.4214],[35.3303,32.4212],[35.328,32.4209],[35.3258,32.4207],[35.3251,32.4195],[35.3257,32.4175],[35.3266,32.4159],[35.3268,32.4136],[35.3268,32.4108],[35.3286,32.4077],[35.3294,32.4066],[35.3312,32.4042],[35.3322,32.4015],[35.3326,32.3985],[35.333,32.3984],[35.3323,32.3979],[35.3298,32.3958],[35.3278,32.3944],[35.3263,32.3932],[35.3257,32.3927],[35.3245,32.3931],[35.3213,32.3934],[35.3198,32.3934],[35.3161,32.3926],[35.3137,32.3923],[35.3137,32.3925],[35.3134,32.3925],[35.313,32.3925],[35.3124,32.3924],[35.3115,32.3922],[35.3109,32.3922],[35.3102,32.3924],[35.3092,32.393],[35.3084,32.3937],[35.308,32.3944],[35.3077,32.3953],[35.3074,32.3952],[35.3053,32.3954],[35.2983,32.3955],[35.2958,32.3956],[35.2957,32.3962],[35.2953,32.3979],[35.2952,32.3993],[35.2955,32.4002],[35.2962,32.402],[35.2963,32.4032],[35.2974,32.4033],[35.2991,32.4039],[35.3011,32.4044],[35.3029,32.4048],[35.3045,32.4054],[35.3054,32.4063],[35.3058,32.4079],[35.3058,32.41],[35.3058,32.4102],[35.3064,32.4104],[35.3074,32.4102],[35.3081,32.4105],[35.3083,32.4112],[35.308,32.4121],[35.3079,32.4134],[35.3082,32.4145],[35.3094,32.416],[35.3112,32.4178],[35.3125,32.4187],[35.3136,32.4208],[35.3141,32.4226],[35.3151,32.4259],[35.315,32.4275],[35.3145,32.4296],[35.3139,32.4319],[35.3146,32.4324],[35.315,32.4347],[35.3148,32.4372],[35.3151,32.4387],[35.3154,32.4408],[35.3151,32.4436],[35.3147,32.4449],[35.3148,32.4466],[35.3143,32.4475],[35.3129,32.4479],[35.3113,32.4482],[35.3111,32.448],[35.3101,32.4467],[35.3081,32.4479],[35.3074,32.4485],[35.306,32.4495],[35.3051,32.4509],[35.3052,32.4523],[35.3065,32.4535],[35.3105,32.4546],[35.3119,32.4549],[35.3123,32.455],[35.3126,32.4552],[35.3129,32.4553],[35.3131,32.4554],[35.3135,32.4555],[35.3138,32.4558],[35.3142,32.456],[35.3147,32.4562],[35.3152,32.4564],[35.3157,32.4566],[35.3162,32.4567],[35.3166,32.4569],[35.317,32.4571],[35.3175,32.4574],[35.3179,32.4577],[35.318,32.458],[35.3178,32.4585],[35.3177,32.4588],[35.3175,32.4591],[35.3173,32.4593],[35.3173,32.4597],[35.3175,32.46],[35.3177,32.4603],[35.325,32.4602],[35.3246,32.4654],[35.3246,32.4673],[35.3246,32.4699],[35.3245,32.4703],[35.3237,32.4722],[35.3231,32.4735],[35.3227,32.4743],[35.3207,32.477],[35.3201,32.4779],[35.319,32.479],[35.3178,32.4802],[35.3166,32.4811],[35.3156,32.4821],[35.3143,32.4833],[35.3136,32.4837],[35.3128,32.4841],[35.312,32.4846],[35.3113,32.4852],[35.3101,32.4856],[35.3091,32.486],[35.3068,32.4874],[35.3056,32.4883],[35.304,32.4898],[35.3027,32.4892],[35.3025,32.4895],[35.3008,32.4908],[35.2985,32.4909],[35.2988,32.5036],[35.2999,32.5046],[35.2988,32.5054],[35.2979,32.5061],[35.2975,32.5064],[35.2972,32.5066],[35.2971,32.5069],[35.2967,32.5074],[35.302,32.5064],[35.303,32.5062],[35.3037,32.5063],[35.3053,32.5072],[35.3098,32.5078],[35.3104,32.5069],[35.3111,32.506],[35.3126,32.5056],[35.3147,32.5062],[35.3152,32.5072],[35.3156,32.5084],[35.3166,32.5089],[35.3176,32.5093],[35.3173,32.5101],[35.3186,32.5105],[35.3202,32.5104],[35.3249,32.5111],[35.3311,32.5124],[35.3341,32.5125]],[[35.3198,32.4995],[35.3198,32.4986],[35.3199,32.498],[35.3188,32.498],[35.3183,32.4987],[35.3177,32.4986],[35.3173,32.4981],[35.3168,32.4969],[35.317,32.4956],[35.3177,32.4946],[35.319,32.4942],[35.3199,32.4935],[35.321,32.4927],[35.3217,32.4928],[35.3225,32.4939],[35.3233,32.4954],[35.3242,32.4972],[35.3259,32.4976],[35.326,32.4981],[35.3258,32.4991],[35.3254,32.4998],[35.3253,32.5006],[35.3251,32.5016],[35.3245,32.5025],[35.3237,32.5034],[35.3226,32.5036],[35.3214,32.504],[35.3201,32.5033],[35.3196,32.5022],[35.3194,32.5008],[35.32,32.4999],[35.3198,32.4995]]]]}},{"type":"Feature","properties":{"name":"1390","remarks":"pkdarom@gmail.com , 08-99029268"},"geometry":{"type":"MultiPolygon","coordinates":[[[[34.9946,30.6334],[35.057,30.6657],[35.0576,30.6661],[35.0852,30.6803],[35.1269,30.6805],[35.1263,30.61],[35.1258,30.6093],[35.1262,30.5985],[35.1258,30.5983],[35.092,30.5789],[35.0595,30.5603],[34.9952,30.5593],[34.9949,30.5589],[34.9948,30.5587],[34.9947,30.5586],[34.9944,30.5582],[34.9941,30.5576],[34.9936,30.557],[34.9933,30.5565],[34.9931,30.5561],[34.9928,30.5557],[34.9924,30.5551],[34.9924,30.5549],[34.9922,30.5545],[34.9919,30.5541],[34.9916,30.5537],[34.9904,30.5536],[34.9873,30.5494],[34.9843,30.545],[34.9839,30.5445],[34.9835,30.5441],[34.9832,30.5437],[34.9827,30.5433],[34.9822,30.5428],[34.9814,30.542],[34.981,30.5415],[34.98,30.5404],[34.9791,30.539],[34.978,30.5367],[34.9849,30.5273],[34.989,30.5218],[34.9901,30.5204],[34.9908,30.5195],[34.9914,30.5187],[34.9917,30.5183],[34.992,30.5178],[34.9924,30.5173],[34.9927,30.5169],[34.9929,30.5166],[34.9932,30.5162],[34.9934,30.5159],[34.9941,30.5152],[34.9945,30.5147],[34.9952,30.5139],[34.9956,30.5135],[34.9959,30.5131],[34.9966,30.5124],[34.9978,30.5108],[34.9982,30.5103],[34.9987,30.5097],[34.999,30.5093],[34.9994,30.5088],[34.9997,30.5085],[35.0002,30.508],[35.0005,30.5077],[35.0009,30.5073],[35.0011,30.5071],[35.0013,30.5069],[35.0021,30.5062],[35.0026,30.5059],[35.0036,30.5054],[35.0045,30.5048],[35.0048,30.5047],[35.0175,30.5048],[35.0234,30.5043],[35.0287,30.5032],[35.0354,30.5017],[35.0385,30.5007],[35.0415,30.4994],[35.0427,30.4989],[35.0467,30.4973],[35.0489,30.496],[35.0542,30.492],[35.0564,30.4894],[35.0573,30.4854],[35.0574,30.4817],[35.0566,30.4785],[35.0554,30.4744],[35.0532,30.4693],[35.0516,30.4649],[35.0499,30.4608],[35.0483,30.4567],[35.0476,30.4542],[35.0465,30.4503],[35.0454,30.4462],[35.0439,30.4403],[35.0433,30.4373],[35.0422,30.4304],[35.0416,30.427],[35.0406,30.4215],[35.0401,30.4192],[35.0389,30.4145],[35.0383,30.4128],[35.0363,30.4104],[35.0334,30.4081],[35.0318,30.407],[35.0285,30.4049],[35.0258,30.4034],[35.0228,30.4017],[35.0216,30.4005],[35.0198,30.3968],[35.0206,30.3949],[35.0224,30.3925],[35.0245,30.3904],[35.0259,30.3884],[35.0264,30.3871],[35.0271,30.3836],[35.0272,30.3791],[35.0272,30.3762],[35.0268,30.3723],[35.0263,30.37],[35.0249,30.366],[35.0236,30.3621],[35.021,30.3567],[35.0203,30.3556],[35.0183,30.353],[35.0166,30.3506],[35.0139,30.3471],[35.0127,30.345],[35.0112,30.3419],[35.0091,30.3378],[35.0065,30.3315],[35.0027,30.3255],[34.9981,30.3245],[34.9945,30.3251],[34.9901,30.3247],[34.9858,30.3253],[34.9806,30.3239],[34.9759,30.3252],[34.9747,30.3274],[34.9739,30.3287],[34.9739,30.3317],[34.9723,30.333],[34.97,30.3338],[34.9653,30.3329],[34.9584,30.3294],[34.9553,30.3285],[34.9548,30.3283],[34.9545,30.3288],[34.9534,30.3315],[34.9523,30.3333],[34.9519,30.334],[34.9509,30.3347],[34.9504,30.3349],[34.9498,30.3359],[34.9498,30.3366],[34.95,30.3376],[34.9503,30.3396],[34.9507,30.3405],[34.9512,30.3415],[34.9516,30.3419],[34.9522,30.3426],[34.954,30.3445],[34.9542,30.3451],[34.9547,30.3463],[34.9555,30.3469],[34.9564,30.3476],[34.9569,30.3485],[34.9581,30.3491],[34.9585,30.3497],[34.9594,30.3509],[34.96,30.3519],[34.9613,30.3534],[34.9613,30.354],[34.9614,30.3548],[34.9616,30.3553],[34.9621,30.3563],[34.9628,30.358],[34.9638,30.3602],[34.9646,30.3617],[34.9649,30.3634],[34.9648,30.364],[34.9645,30.3654],[34.9642,30.3677],[34.964,30.3688],[34.9636,30.3698],[34.9628,30.3709],[34.9617,30.3721],[34.961,30.3727],[34.9596,30.374],[34.9587,30.3749],[34.9578,30.3756],[34.9571,30.3765],[34.9558,30.3771],[34.9545,30.3777],[34.9537,30.3781],[34.9527,30.3784],[34.952,30.3789],[34.9517,30.3794],[34.9516,30.38],[34.9515,30.3805],[34.9514,30.3813],[34.9512,30.3823],[34.9506,30.3836],[34.9501,30.385],[34.9495,30.3883],[34.9489,30.3913],[34.948,30.3967],[34.947,30.4019],[34.9461,30.4067],[34.946,30.4077],[34.9461,30.4086],[34.9456,30.4112],[34.9455,30.4117],[34.9451,30.4135],[34.9444,30.4178],[34.9437,30.4206],[34.9434,30.4222],[34.9428,30.4248],[34.9423,30.4274],[34.9416,30.4312],[34.941,30.4342],[34.9398,30.4406],[34.9387,30.4461],[34.9378,30.4509],[34.9376,30.4516],[34.937,30.4544],[34.9363,30.4583],[34.9358,30.4607],[34.9353,30.4634],[34.9349,30.4654],[34.9345,30.4674],[34.9342,30.4686],[34.9337,30.4703],[34.9331,30.4733],[34.9326,30.4765],[34.9316,30.481],[34.9314,30.4818],[34.9311,30.4831],[34.931,30.4838],[34.9316,30.4843],[34.933,30.4847],[34.9345,30.4849],[34.9364,30.4852],[34.9373,30.4859],[34.9373,30.4859],[34.9377,30.4865],[34.9379,30.4869],[34.9383,30.4883],[34.9387,30.4888],[34.9391,30.4894],[34.9398,30.4906],[34.9399,30.4913],[34.9399,30.4921],[34.9395,30.4928],[34.9387,30.4932],[34.9377,30.4934],[34.9364,30.4935],[34.9361,30.4936],[34.9354,30.4937],[34.9354,30.4937],[34.9341,30.4935],[34.9337,30.4939],[34.9345,30.4943],[34.9355,30.4947],[34.9365,30.4952],[34.9371,30.496],[34.9374,30.4968],[34.9374,30.4975],[34.9375,30.4984],[34.9379,30.4989],[34.9385,30.4995],[34.9406,30.4998],[34.9426,30.5],[34.9433,30.5004],[34.9439,30.5012],[34.9444,30.5017],[34.9444,30.5017],[34.9445,30.5019],[34.9454,30.503],[34.9466,30.5045],[34.9466,30.5054],[34.9462,30.5062],[34.9452,30.5067],[34.943,30.5075],[34.9418,30.5082],[34.9415,30.5088],[34.9412,30.5098],[34.9412,30.5118],[34.9413,30.5132],[34.9415,30.5153],[34.9417,30.5171],[34.9414,30.5184],[34.9404,30.5202],[34.9398,30.5211],[34.9395,30.5219],[34.9383,30.5236],[34.9357,30.5255],[34.9326,30.5276],[34.9304,30.5286],[34.9293,30.5292],[34.9281,30.5295],[34.9266,30.5293],[34.9257,30.5293],[34.9246,30.5301],[34.9229,30.5306],[34.9202,30.5312],[34.9197,30.5321],[34.9197,30.5327],[34.92,30.5337],[34.9203,30.5348],[34.9208,30.5376],[34.9207,30.5392],[34.9192,30.5417],[34.9187,30.543],[34.9186,30.5438],[34.9184,30.5453],[34.9178,30.5463],[34.9163,30.5485],[34.9152,30.5499],[34.9146,30.5509],[34.914,30.5519],[34.9133,30.5533],[34.9127,30.5548],[34.9114,30.5584],[34.9106,30.5614],[34.9104,30.5623],[34.9093,30.5642],[34.9087,30.5652],[34.9079,30.5661],[34.9065,30.5668],[34.905,30.567],[34.9031,30.567],[34.9008,30.5674],[34.8988,30.5673],[34.8972,30.5669],[34.8962,30.5667],[34.8951,30.5667],[34.8939,30.5666],[34.8925,30.5666],[34.8915,30.5668],[34.89,30.5678],[34.889,30.5691],[34.8879,30.5702],[34.8872,30.5706],[34.8864,30.5711],[34.8857,30.572],[34.8857,30.5737],[34.8855,30.5747],[34.8851,30.5755],[34.8846,30.5766],[34.8842,30.5772],[34.8841,30.578],[34.8845,30.5783],[34.8851,30.5788],[34.8857,30.5792],[34.8861,30.5797],[34.8864,30.5803],[34.8953,30.5816],[34.8997,30.5835],[34.9103,30.5869],[34.9246,30.5901],[34.9305,30.5911],[34.9391,30.5926],[34.9396,30.5923],[34.9416,30.5911],[34.9429,30.5908],[34.9446,30.5911],[34.9459,30.5921],[34.9468,30.5932],[34.9512,30.5937],[34.9631,30.5956],[34.9633,30.5956],[34.9915,30.6318],[34.9946,30.6334]]]]}},{"type":"Feature","properties":{"name":"600","remarks":"pkdarom@gmail.com , 08-99029268"},"geometry":{"type":"MultiPolygon","coordinates":[[[[34.7664,30.7446],[34.7656,30.7445],[34.7603,30.7444],[34.7604,30.7437],[34.7603,30.7435],[34.7601,30.7432],[34.7599,30.7428],[34.7598,30.7423],[34.7598,30.7416],[34.7598,30.7412],[34.7601,30.7405],[34.7603,30.7399],[34.761,30.739],[34.7621,30.7379],[34.7625,30.7373],[34.7627,30.7368],[34.7627,30.7366],[34.7624,30.736],[34.7623,30.7354],[34.7629,30.7342],[34.764,30.7332],[34.7642,30.7331],[34.7644,30.7329],[34.7649,30.7324],[34.7652,30.7321],[34.7653,30.7319],[34.7654,30.7317],[34.7655,30.7315],[34.7655,30.7313],[34.7656,30.731],[34.7655,30.7308],[34.7655,30.7306],[34.7654,30.7305],[34.7652,30.7303],[34.7649,30.7302],[34.7646,30.7301],[34.7644,30.73],[34.764,30.7298],[34.7637,30.7297],[34.7636,30.7295],[34.7633,30.7292],[34.7632,30.729],[34.7632,30.7288],[34.7631,30.7286],[34.7631,30.7285],[34.7632,30.7284],[34.7633,30.7282],[34.7635,30.7282],[34.7671,30.7286],[34.7681,30.7243],[34.7682,30.7238],[34.7705,30.7214],[34.7715,30.7207],[34.7743,30.719],[34.7762,30.7181],[34.7774,30.7177],[34.7788,30.7153],[34.7808,30.7142],[34.7812,30.714],[34.7828,30.713],[34.7841,30.7116],[34.7838,30.7083],[34.7828,30.7038],[34.7828,30.7003],[34.7828,30.6986],[34.784,30.6973],[34.7844,30.6959],[34.7842,30.692],[34.7841,30.6914],[34.7853,30.6906],[34.7873,30.6895],[34.7902,30.6882],[34.7929,30.6852],[34.796,30.6824],[34.7985,30.6814],[34.8,30.6801],[34.8023,30.6767],[34.8034,30.6723],[34.8035,30.6687],[34.7929,30.6684],[34.793,30.6617],[34.7971,30.6616],[34.7998,30.6568],[34.7955,30.6557],[34.7939,30.6543],[34.7931,30.6525],[34.7927,30.6513],[34.7901,30.6505],[34.7858,30.6489],[34.7833,30.6479],[34.7802,30.6466],[34.7732,30.6438],[34.7694,30.6416],[34.7678,30.6406],[34.7667,30.6391],[34.7657,30.6379],[34.7648,30.6369],[34.764,30.6362],[34.7642,30.6348],[34.7637,30.6339],[34.7626,30.6324],[34.762,30.6313],[34.7611,30.6297],[34.76,30.6287],[34.7591,30.6275],[34.7584,30.6267],[34.7576,30.6258],[34.7559,30.6248],[34.7538,30.6225],[34.7512,30.6199],[34.7501,30.6187],[34.75,30.6187],[34.7476,30.6163],[34.7446,30.6133],[34.7432,30.6125],[34.7413,30.6113],[34.7371,30.6091],[34.7362,30.6086],[34.7342,30.6075],[34.7315,30.6064],[34.7292,30.6048],[34.7277,30.6033],[34.7257,30.6024],[34.7242,30.6017],[34.7219,30.5998],[34.7185,30.5981],[34.7165,30.5966],[34.7154,30.5958],[34.7147,30.5954],[34.714,30.5953],[34.7131,30.5948],[34.7127,30.5939],[34.7122,30.5935],[34.7114,30.594],[34.7103,30.5947],[34.7098,30.5949],[34.7083,30.5941],[34.7072,30.5936],[34.7051,30.5937],[34.7034,30.594],[34.7016,30.5949],[34.6996,30.5958],[34.6975,30.5964],[34.6957,30.5971],[34.6952,30.5973],[34.6952,30.5973],[34.6939,30.5973],[34.6935,30.5959],[34.6934,30.5946],[34.6925,30.5939],[34.6916,30.5935],[34.6909,30.5921],[34.6912,30.5905],[34.6912,30.5896],[34.6907,30.5889],[34.6886,30.5888],[34.6869,30.5874],[34.6862,30.5863],[34.686,30.585],[34.6852,30.5837],[34.6843,30.5831],[34.6828,30.5818],[34.682,30.581],[34.6811,30.5789],[34.6801,30.5766],[34.6801,30.5743],[34.6802,30.5735],[34.6797,30.5728],[34.6788,30.5723],[34.6765,30.5712],[34.6757,30.571],[34.6742,30.5708],[34.6733,30.5702],[34.6714,30.5678],[34.6707,30.5666],[34.6701,30.566],[34.6691,30.5657],[34.6669,30.5659],[34.6663,30.5663],[34.6656,30.5662],[34.6635,30.5652],[34.6627,30.5644],[34.6619,30.5636],[34.66,30.5636],[34.6587,30.563],[34.6548,30.5594],[34.6542,30.558],[34.6545,30.5565],[34.6546,30.5554],[34.6544,30.5545],[34.6535,30.5529],[34.6523,30.552],[34.6519,30.5517],[34.6487,30.5514],[34.6478,30.551],[34.646,30.5482],[34.6438,30.5442],[34.6415,30.5416],[34.6392,30.5389],[34.6375,30.5362],[34.6371,30.5347],[34.6371,30.5342],[34.6371,30.5319],[34.637,30.5299],[34.6368,30.5276],[34.6359,30.5253],[34.6344,30.5226],[34.6323,30.519],[34.631,30.5178],[34.6284,30.5174],[34.6266,30.5164],[34.6253,30.5143],[34.6232,30.5112],[34.6228,30.5107],[34.6215,30.5084],[34.6203,30.5068],[34.6186,30.5057],[34.6176,30.5054],[34.6154,30.5058],[34.6138,30.5058],[34.6089,30.5032],[34.6064,30.5022],[34.6053,30.5021],[34.6028,30.502],[34.6019,30.502],[34.6007,30.5018],[34.598,30.5002],[34.5968,30.4995],[34.5957,30.4995],[34.5952,30.4996],[34.594,30.5],[34.5908,30.501],[34.5884,30.5018],[34.5869,30.5025],[34.584,30.504],[34.5814,30.5042],[34.5803,30.5038],[34.5787,30.503],[34.5772,30.502],[34.5761,30.501],[34.5753,30.5],[34.5743,30.4998],[34.5724,30.5002],[34.5714,30.5005],[34.5705,30.5005],[34.5697,30.5005],[34.5689,30.5004],[34.5683,30.4999],[34.5682,30.4998],[34.5679,30.499],[34.5672,30.4979],[34.5654,30.4976],[34.5635,30.4975],[34.5618,30.497],[34.5612,30.4971],[34.5602,30.4976],[34.5589,30.498],[34.558,30.4982],[34.5574,30.4984],[34.5564,30.4982],[34.5554,30.4989],[34.5543,30.5019],[34.5538,30.5024],[34.5528,30.5031],[34.5512,30.5049],[34.5492,30.5066],[34.5468,30.5109],[34.5447,30.5156],[34.5434,30.5166],[34.5395,30.517],[34.5349,30.519],[34.5332,30.5211],[34.5315,30.5222],[34.5308,30.5233],[34.5304,30.5248],[34.5304,30.5248],[34.5299,30.5256],[34.5299,30.5256],[34.5299,30.5256],[34.5286,30.5266],[34.5272,30.5276],[34.5268,30.5279],[34.5266,30.528],[34.5246,30.5289],[34.5245,30.5289],[34.5236,30.5293],[34.5234,30.5294],[34.5234,30.5294],[34.5228,30.53],[34.5225,30.5305],[34.5222,30.5316],[34.5222,30.5316],[34.522,30.5323],[34.5217,30.5332],[34.5217,30.5332],[34.5217,30.5335],[34.5212,30.5355],[34.5202,30.5394],[34.5196,30.5404],[34.5183,30.5415],[34.5179,30.5423],[34.5181,30.5432],[34.5187,30.5439],[34.5203,30.545],[34.5212,30.5459],[34.5221,30.548],[34.5237,30.5492],[34.5242,30.5526],[34.5237,30.555],[34.5238,30.5564],[34.5249,30.5601],[34.5255,30.5609],[34.5273,30.5623],[34.5287,30.5642],[34.5288,30.5653],[34.5288,30.5669],[34.5295,30.5681],[34.5301,30.5684],[34.5315,30.5686],[34.5325,30.5691],[34.5338,30.5717],[34.5344,30.5723],[34.537,30.5735],[34.5375,30.5749],[34.5378,30.5768],[34.5387,30.5779],[34.5388,30.58],[34.5388,30.5814],[34.5405,30.5819],[34.5418,30.5825],[34.5426,30.5839],[34.542,30.5848],[34.5408,30.5878],[34.5409,30.5892],[34.5399,30.5904],[34.5367,30.591],[34.5334,30.5928],[34.5313,30.5953],[34.5314,30.5957],[34.532,30.597],[34.5318,30.5981],[34.5318,30.5982],[34.5306,30.5998],[34.5302,30.6018],[34.5306,30.6039],[34.5316,30.6044],[34.5321,30.6054],[34.5299,30.6088],[34.5288,30.6102],[34.5289,30.6126],[34.5286,30.6133],[34.5267,30.6145],[34.5261,30.6144],[34.5254,30.6132],[34.5216,30.6121],[34.519,30.6117],[34.5173,30.612],[34.5158,30.6131],[34.5147,30.6141],[34.5139,30.6153],[34.5126,30.6207],[34.5121,30.6228],[34.5118,30.6239],[34.5115,30.629],[34.5091,30.6349],[34.5072,30.6432],[34.5086,30.6453],[34.5089,30.6461],[34.5086,30.6472],[34.5082,30.6474],[34.5062,30.6486],[34.5056,30.6493],[34.5058,30.6504],[34.5054,30.652],[34.5035,30.6584],[34.5034,30.6599],[34.5033,30.6603],[34.502,30.664],[34.5014,30.6731],[34.5009,30.6751],[34.5024,30.6765],[34.503,30.6772],[34.5025,30.6795],[34.5028,30.6812],[34.5022,30.6821],[34.4999,30.6824],[34.4992,30.6827],[34.4983,30.6844],[34.4974,30.6846],[34.4967,30.6837],[34.4962,30.6839],[34.4961,30.6861],[34.4958,30.6867],[34.4946,30.6871],[34.4941,30.6876],[34.494,30.6885],[34.4929,30.6897],[34.4913,30.693],[34.4911,30.6944],[34.4906,30.6956],[34.4894,30.6966],[34.489,30.6972],[34.489,30.699],[34.4875,30.7011],[34.4864,30.7025],[34.4846,30.7056],[34.4838,30.708],[34.4824,30.7095],[34.4808,30.7125],[34.4791,30.7159],[34.4758,30.7225],[34.471,30.7317],[34.4646,30.744],[34.4644,30.745],[34.4648,30.7474],[34.4651,30.7495],[34.4651,30.7501],[34.4637,30.7526],[34.4621,30.7551],[34.4616,30.7557],[34.4596,30.7568],[34.4581,30.7578],[34.4575,30.7597],[34.4555,30.762],[34.4559,30.7636],[34.4561,30.7656],[34.4576,30.767],[34.4577,30.767],[34.4605,30.7715],[34.4634,30.7761],[34.4652,30.7805],[34.4658,30.7819],[34.4666,30.7867],[34.4677,30.7901],[34.4686,30.7907],[34.4697,30.7899],[34.4712,30.7902],[34.4721,30.7892],[34.4756,30.7834],[34.4767,30.7822],[34.4773,30.783],[34.4784,30.7846],[34.4797,30.7827],[34.4798,30.7824],[34.4816,30.7797],[34.4842,30.7811],[34.4871,30.7827],[34.4875,30.7846],[34.4882,30.7859],[34.4894,30.7881],[34.5027,30.7883],[34.5033,30.7886],[34.5042,30.7901],[34.5048,30.7909],[34.5059,30.7925],[34.5048,30.7934],[34.5029,30.7962],[34.5016,30.798],[34.5015,30.7982],[34.4939,30.8136],[34.49,30.8222],[34.4774,30.8362],[34.4721,30.8429],[34.4657,30.8481],[34.4621,30.8535],[34.4571,30.8569],[34.4529,30.8607],[34.4524,30.8612],[34.4484,30.8654],[34.447,30.8721],[34.4433,30.879],[34.4533,30.8831],[34.4448,30.8906],[34.441,30.8947],[34.4499,30.901],[34.4508,30.9003],[34.4523,30.8995],[34.4531,30.9001],[34.4523,30.9011],[34.4514,30.9028],[34.4535,30.9035],[34.4568,30.9043],[34.4603,30.9046],[34.4638,30.9039],[34.4668,30.9036],[34.4725,30.9029],[34.4753,30.9024],[34.4806,30.9014],[34.4844,30.9014],[34.4878,30.9013],[34.4894,30.902],[34.4924,30.9028],[34.4942,30.9032],[34.4955,30.9034],[34.4991,30.9042],[34.5086,30.9074],[34.5126,30.9085],[34.5186,30.91],[34.5235,30.9119],[34.5275,30.9128],[34.5319,30.9135],[34.5338,30.9138],[34.5386,30.9145],[34.5392,30.9146],[34.544,30.9153],[34.5543,30.9168],[34.5611,30.9188],[34.5659,30.9202],[34.5684,30.9216],[34.5713,30.9232],[34.5744,30.9259],[34.5776,30.9289],[34.581,30.9318],[34.5841,30.9339],[34.5891,30.9374],[34.5922,30.9396],[34.5954,30.9415],[34.5971,30.9399],[34.6017,30.9362],[34.6021,30.9358],[34.6077,30.9324],[34.6089,30.9312],[34.611,30.9289],[34.6151,30.9261],[34.6177,30.9225],[34.6205,30.9166],[34.6206,30.9036],[34.6221,30.8887],[34.6239,30.8839],[34.6269,30.8762],[34.6272,30.8762],[34.6353,30.8776],[34.6358,30.8854],[34.6352,30.8877],[34.6332,30.8886],[34.6318,30.8886],[34.6286,30.8885],[34.6283,30.8923],[34.6263,30.8963],[34.6268,30.905],[34.6258,30.9157],[34.6238,30.9198],[34.6217,30.9236],[34.6203,30.9258],[34.6187,30.9285],[34.6139,30.9325],[34.6063,30.9368],[34.5993,30.9433],[34.5979,30.9447],[34.5998,30.9461],[34.6075,30.9521],[34.6172,30.9586],[34.6219,30.9622],[34.6282,30.9658],[34.6312,30.9663],[34.6379,30.9664],[34.6423,30.9652],[34.647,30.9633],[34.6529,30.9605],[34.6582,30.9586],[34.6612,30.958],[34.6649,30.9574],[34.6655,30.9573],[34.6689,30.9566],[34.673,30.9558],[34.6777,30.9551],[34.6777,30.9551],[34.6783,30.955],[34.6784,30.955],[34.6784,30.955],[34.6799,30.9548],[34.6799,30.9547],[34.6799,30.9547],[34.6805,30.9546],[34.6805,30.9546],[34.6805,30.9547],[34.6816,30.9546],[34.6816,30.9544],[34.6819,30.9544],[34.6819,30.9542],[34.6808,30.9539],[34.6803,30.9539],[34.6798,30.9539],[34.6791,30.9539],[34.6782,30.9538],[34.6778,30.9536],[34.6768,30.9534],[34.6757,30.9532],[34.6719,30.9525],[34.6709,30.9524],[34.6665,30.9516],[34.6662,30.9512],[34.6665,30.9506],[34.6667,30.9499],[34.667,30.9481],[34.6668,30.9474],[34.6672,30.9467],[34.6682,30.9455],[34.6726,30.9463],[34.6732,30.9464],[34.6744,30.9466],[34.6766,30.9471],[34.6775,30.9472],[34.6788,30.9473],[34.6826,30.9479],[34.6846,30.9484],[34.6846,30.9496],[34.6844,30.9506],[34.6834,30.9535],[34.684,30.954],[34.684,30.954],[34.6846,30.954],[34.6846,30.954],[34.6847,30.9542],[34.6857,30.954],[34.6857,30.9538],[34.6857,30.9538],[34.6862,30.9537],[34.6867,30.9537],[34.6867,30.9537],[34.6867,30.9539],[34.6876,30.9538],[34.6879,30.9538],[34.688,30.9538],[34.688,30.9537],[34.688,30.9536],[34.6887,30.9536],[34.6887,30.9537],[34.6887,30.9538],[34.6888,30.9538],[34.6896,30.9539],[34.6896,30.9536],[34.6896,30.9536],[34.6898,30.9536],[34.6901,30.9536],[34.6907,30.9536],[34.6907,30.9537],[34.6906,30.9539],[34.6908,30.9539],[34.6909,30.9539],[34.6921,30.954],[34.6921,30.9538],[34.6921,30.9538],[34.6927,30.9538],[34.6927,30.9539],[34.6927,30.954],[34.6928,30.954],[34.6939,30.9542],[34.694,30.954],[34.694,30.9539],[34.6945,30.954],[34.695,30.9541],[34.695,30.9542],[34.6949,30.9543],[34.6951,30.9543],[34.6974,30.9547],[34.6989,30.9555],[34.699,30.9553],[34.699,30.9553],[34.6995,30.9554],[34.7,30.9556],[34.6999,30.9557],[34.6998,30.9559],[34.7012,30.9566],[34.7014,30.9563],[34.7014,30.9562],[34.702,30.9565],[34.702,30.9565],[34.7019,30.9565],[34.7017,30.9569],[34.7018,30.9569],[34.7022,30.957],[34.7032,30.9574],[34.7033,30.9572],[34.7033,30.9572],[34.7034,30.9571],[34.7039,30.9574],[34.7039,30.9574],[34.7037,30.9576],[34.705,30.9581],[34.7051,30.9581],[34.7051,30.958],[34.7054,30.9582],[34.7057,30.9583],[34.7056,30.9583],[34.7061,30.9585],[34.7077,30.9593],[34.7106,30.9608],[34.7112,30.9612],[34.7117,30.9615],[34.7136,30.9627],[34.7142,30.9629],[34.7144,30.963],[34.7144,30.9629],[34.7144,30.9629],[34.7144,30.9629],[34.7146,30.9626],[34.7143,30.9624],[34.7144,30.9623],[34.7145,30.9621],[34.7147,30.9622],[34.7148,30.9621],[34.7149,30.9621],[34.715,30.9622],[34.7152,30.962],[34.7153,30.9618],[34.7155,30.9615],[34.7158,30.9608],[34.7159,30.9603],[34.7162,30.9597],[34.7184,30.954],[34.7215,30.955],[34.7227,30.956],[34.725,30.9578],[34.7294,30.9575],[34.7297,30.9575],[34.7302,30.9575],[34.7326,30.9584],[34.7328,30.9595],[34.7357,30.96],[34.7375,30.9591],[34.739,30.9592],[34.7397,30.9619],[34.7445,30.9634],[34.7378,30.9704],[34.7378,30.9705],[34.7396,30.97],[34.7419,30.9704],[34.7431,30.9701],[34.7444,30.9699],[34.7455,30.9697],[34.746,30.9696],[34.7491,30.9705],[34.7493,30.9707],[34.749,30.9713],[34.7488,30.9718],[34.7484,30.9722],[34.7475,30.9738],[34.7469,30.9749],[34.746,30.9762],[34.7444,30.9784],[34.7453,30.9788],[34.7453,30.9788],[34.7455,30.9784],[34.7456,30.9784],[34.7462,30.9786],[34.746,30.979],[34.746,30.9791],[34.746,30.9791],[34.7463,30.9792],[34.7467,30.9794],[34.7469,30.9795],[34.7473,30.9796],[34.7475,30.9797],[34.7478,30.9793],[34.7483,30.9795],[34.7483,30.9796],[34.7482,30.9797],[34.7481,30.9799],[34.7482,30.98],[34.7486,30.9802],[34.7489,30.9803],[34.7491,30.9804],[34.7493,30.9804],[34.7495,30.9804],[34.7497,30.98],[34.7502,30.9802],[34.7502,30.9803],[34.7506,30.9804],[34.7504,30.9808],[34.7505,30.9809],[34.7507,30.981],[34.751,30.9811],[34.7513,30.9813],[34.7516,30.9815],[34.7518,30.9816],[34.752,30.9816],[34.752,30.9816],[34.7523,30.9813],[34.7525,30.9812],[34.7526,30.9812],[34.7529,30.9815],[34.7526,30.9818],[34.7542,30.9823],[34.7574,30.9833],[34.7587,30.9848],[34.7596,30.9858],[34.7597,30.9859],[34.7597,30.9858],[34.7593,30.9852],[34.7591,30.9851],[34.7591,30.9851],[34.7593,30.9852],[34.7594,30.9851],[34.7605,30.986],[34.7612,30.9871],[34.7618,30.9881],[34.7616,30.9882],[34.7629,30.9897],[34.7641,30.9882],[34.7643,30.988],[34.7646,30.9877],[34.7663,30.9861],[34.7688,30.9844],[34.7701,30.9831],[34.7715,30.98],[34.7718,30.9771],[34.7716,30.9746],[34.7718,30.9709],[34.7748,30.9674],[34.7778,30.965],[34.7771,30.9641],[34.7761,30.9636],[34.7749,30.9631],[34.7739,30.9618],[34.7741,30.961],[34.7741,30.9601],[34.7752,30.9591],[34.7768,30.9596],[34.7773,30.9605],[34.7784,30.9606],[34.7801,30.9607],[34.7809,30.9615],[34.7816,30.9615],[34.7822,30.959],[34.7829,30.9567],[34.7841,30.9543],[34.7851,30.9523],[34.7854,30.9509],[34.7861,30.9493],[34.7865,30.9482],[34.7862,30.9458],[34.7855,30.943],[34.7845,30.9396],[34.7829,30.9359],[34.7826,30.9353],[34.7805,30.9315],[34.7795,30.93],[34.778,30.9269],[34.7769,30.9257],[34.778,30.9224],[34.7779,30.9195],[34.7767,30.9162],[34.7749,30.9126],[34.7708,30.9122],[34.7675,30.9098],[34.7637,30.907],[34.7616,30.9054],[34.7585,30.9032],[34.7544,30.8982],[34.7526,30.8974],[34.7529,30.8916],[34.7523,30.8895],[34.7522,30.8888],[34.7502,30.8809],[34.7452,30.8751],[34.743,30.8687],[34.737,30.8622],[34.7365,30.86],[34.7334,30.8444],[34.7332,30.8434],[34.7305,30.8312],[34.731,30.8303],[34.7363,30.8207],[34.738,30.8176],[34.7408,30.8143],[34.7417,30.8122],[34.7447,30.805],[34.7526,30.7846],[34.7551,30.7781],[34.7554,30.7776],[34.7598,30.769],[34.762,30.7648],[34.7634,30.7582],[34.7654,30.7496],[34.7662,30.7457],[34.7664,30.7446]]]]}},{"type":"Feature","properties":{"name":"מרחב צומת הבנקים","remarks":"סגירת שטח לישראלים"},"geometry":{"type":"MultiPolygon","coordinates":[[[[35.1051,31.5251],[35.1051,31.5251],[35.1052,31.5252],[35.1054,31.5253],[35.1053,31.5254],[35.1052,31.5255],[35.1055,31.5257],[35.1057,31.5257],[35.1058,31.5256],[35.106,31.5254],[35.1061,31.5255],[35.1062,31.5254],[35.1062,31.5254],[35.1062,31.5253],[35.1061,31.5252],[35.1059,31.5253],[35.1057,31.5255],[35.1054,31.5254],[35.1055,31.5253],[35.1053,31.5252],[35.1052,31.5251],[35.1051,31.525],[35.1051,31.5251]]]]}},{"type":"Feature","properties":{"name":"מרחב שוק הגמלים","remarks":"סגירת שטח לישראלים"},"geometry":{"type":"MultiPolygon","coordinates":[[[[35.1071,31.5233],[35.1074,31.5237],[35.1074,31.5237],[35.1075,31.5237],[35.1076,31.5237],[35.1077,31.5236],[35.1078,31.5236],[35.1079,31.5236],[35.1079,31.5235],[35.1079,31.5235],[35.108,31.5235],[35.1079,31.5235],[35.108,31.5234],[35.1079,31.5234],[35.1076,31.5233],[35.1074,31.5233],[35.1071,31.5233]]]]}},{"type":"Feature","properties":{"name":"השוק המשולש","remarks":"סגירת שטח לישראלים"},"geometry":{"type":"MultiPolygon","coordinates":[[[[35.107,31.5243],[35.107,31.5242],[35.107,31.5242],[35.107,31.524],[35.107,31.524],[35.107,31.5239],[35.1069,31.5238],[35.1069,31.5237],[35.1069,31.5237],[35.1068,31.5236],[35.1067,31.5235],[35.1066,31.5237],[35.1067,31.5237],[35.1066,31.5239],[35.1067,31.5239],[35.1067,31.5239],[35.1068,31.524],[35.1068,31.524],[35.1068,31.524],[35.1069,31.524],[35.1067,31.5242],[35.107,31.5243]]]]}},{"type":"Feature","properties":{"name":"שטח אש 603","remarks":"073-3483007, matampatzan@gmail.com"},"geometry":{"type":"MultiPolygon","coordinates":[[[[35.0665,32.8593],[35.0665,32.8593],[35.0665,32.8594],[35.0666,32.8595],[35.0666,32.8596],[35.0667,32.8596],[35.0667,32.8597],[35.0668,32.8598],[35.0668,32.8598],[35.0668,32.8599],[35.0669,32.86],[35.0669,32.8601],[35.0669,32.8601],[35.0669,32.8601],[35.067,32.8602],[35.067,32.8602],[35.067,32.8603],[35.067,32.8603],[35.067,32.8604],[35.067,32.8605],[35.0671,32.8606],[35.0671,32.8607],[35.0672,32.8609],[35.0672,32.861],[35.0673,32.8611],[35.0673,32.8611],[35.0674,32.8611],[35.0674,32.8612],[35.0675,32.8613],[35.0675,32.8615],[35.0675,32.8616],[35.0676,32.8618],[35.0677,32.8619],[35.0677,32.8621],[35.0677,32.8622],[35.0678,32.8623],[35.0678,32.8623],[35.0679,32.8625],[35.068,32.8627],[35.068,32.8629],[35.0681,32.8631],[35.0682,32.8633],[35.0683,32.8635],[35.0683,32.8636],[35.0684,32.8637],[35.0685,32.864],[35.0686,32.8641],[35.0686,32.8643],[35.0687,32.8645],[35.0688,32.8649],[35.0688,32.865],[35.0689,32.8652],[35.0689,32.8652],[35.069,32.8653],[35.0691,32.8654],[35.0691,32.8656],[35.0693,32.866],[35.0694,32.8662],[35.0694,32.8664],[35.0695,32.8665],[35.0696,32.8667],[35.0696,32.8669],[35.0696,32.8669],[35.0696,32.867],[35.0697,32.867],[35.0697,32.8672],[35.0698,32.8672],[35.0699,32.8674],[35.0699,32.8675],[35.0699,32.8676],[35.07,32.8676],[35.07,32.8677],[35.0701,32.8679],[35.0701,32.868],[35.0702,32.8682],[35.0702,32.8684],[35.0703,32.8685],[35.0704,32.8687],[35.0704,32.8688],[35.0704,32.8689],[35.0705,32.869],[35.0706,32.8693],[35.0707,32.8696],[35.0707,32.8698],[35.0708,32.87],[35.0709,32.8702],[35.0709,32.8704],[35.071,32.8705],[35.071,32.8706],[35.0711,32.8709],[35.0712,32.871],[35.0712,32.8712],[35.0713,32.8714],[35.0714,32.8716],[35.0715,32.8719],[35.0716,32.8721],[35.0716,32.8722],[35.0716,32.8723],[35.0717,32.8724],[35.0717,32.8725],[35.0718,32.8726],[35.0718,32.8728],[35.0719,32.873],[35.072,32.8731],[35.072,32.8733],[35.0721,32.8735],[35.0721,32.8736],[35.0723,32.8739],[35.0724,32.8741],[35.0725,32.8745],[35.0726,32.8746],[35.0726,32.8747],[35.0727,32.8749],[35.0729,32.8752],[35.0729,32.8754],[35.0729,32.8755],[35.073,32.8756],[35.0731,32.8757],[35.0731,32.8759],[35.0732,32.8761],[35.0732,32.8762],[35.0733,32.8763],[35.0733,32.8765],[35.0734,32.8766],[35.0734,32.8767],[35.0735,32.8769],[35.0736,32.8771],[35.0737,32.8774],[35.0737,32.8775],[35.0738,32.8777],[35.0739,32.8779],[35.074,32.8781],[35.0741,32.8786],[35.0741,32.8788],[35.0742,32.879],[35.0743,32.8791],[35.0744,32.8793],[35.0744,32.8794],[35.0745,32.8796],[35.0745,32.8797],[35.0745,32.8798],[35.0746,32.8799],[35.0746,32.8801],[35.0747,32.8802],[35.0748,32.8805],[35.0748,32.8807],[35.0748,32.8808],[35.0749,32.8811],[35.075,32.8814],[35.0751,32.8815],[35.0752,32.8816],[35.0752,32.8818],[35.0752,32.882],[35.0753,32.8822],[35.0754,32.8823],[35.0754,32.8825],[35.0755,32.8827],[35.0755,32.8829],[35.0756,32.883],[35.0756,32.8831],[35.0757,32.8833],[35.0757,32.8834],[35.0758,32.8835],[35.0758,32.8838],[35.0759,32.8839],[35.0762,32.8848],[35.0764,32.8854],[35.0764,32.8857],[35.0765,32.8859],[35.0766,32.8862],[35.0767,32.8865],[35.0767,32.8867],[35.0768,32.8869],[35.0768,32.8872],[35.0769,32.8874],[35.0769,32.8875],[35.077,32.8877],[35.077,32.8877],[35.0771,32.8879],[35.0771,32.8879],[35.0771,32.888],[35.0771,32.8881],[35.0772,32.8882],[35.0773,32.8885],[35.0773,32.8887],[35.0773,32.8889],[35.0774,32.8893],[35.0775,32.8895],[35.0776,32.8898],[35.0777,32.8901],[35.0777,32.8903],[35.0777,32.8904],[35.0778,32.8907],[35.0779,32.891],[35.0779,32.8913],[35.078,32.8915],[35.078,32.8917],[35.0781,32.8918],[35.0781,32.8922],[35.0782,32.8925],[35.0783,32.8928],[35.0784,32.8929],[35.0784,32.8931],[35.0784,32.8932],[35.0784,32.8932],[35.0784,32.8933],[35.0784,32.8933],[35.0804,32.8924],[35.0889,32.8895],[35.0892,32.889],[35.0894,32.8887],[35.0902,32.8866],[35.0906,32.8857],[35.0906,32.8852],[35.0911,32.8842],[35.0915,32.8835],[35.092,32.8826],[35.0925,32.8821],[35.0938,32.8805],[35.0943,32.8798],[35.0944,32.8793],[35.095,32.8775],[35.0949,32.8726],[35.0946,32.871],[35.0943,32.8689],[35.0943,32.8686],[35.0943,32.8685],[35.0939,32.867],[35.0935,32.8664],[35.0928,32.865],[35.0893,32.8602],[35.0888,32.8595],[35.0884,32.8596],[35.0882,32.8598],[35.0882,32.8598],[35.088,32.86],[35.0879,32.8601],[35.0875,32.8604],[35.0873,32.8606],[35.0865,32.8609],[35.0859,32.861],[35.0856,32.8611],[35.0855,32.8611],[35.0853,32.8612],[35.0852,32.8612],[35.0849,32.8612],[35.0846,32.8613],[35.0842,32.8613],[35.0836,32.8612],[35.0829,32.8611],[35.0822,32.8609],[35.0815,32.8605],[35.0804,32.8599],[35.0798,32.8591],[35.0793,32.8583],[35.0792,32.8579],[35.0784,32.8577],[35.078,32.8576],[35.0772,32.8574],[35.076,32.8571],[35.0752,32.8569],[35.0737,32.8566],[35.0724,32.857],[35.0692,32.858],[35.0665,32.8592],[35.0665,32.8593],[35.0665,32.8593]]]]}},{"type":"Feature","properties":{"name":"209","remarks":"02-5305042, pakmaz64@gmail.com"},"geometry":{"type":"MultiPolygon","coordinates":[[[[34.9248,31.7626],[34.9289,31.7591],[34.9302,31.7585],[34.9316,31.7578],[34.9329,31.7571],[34.9352,31.7565],[34.9368,31.7555],[34.9376,31.755],[34.9393,31.7548],[34.9413,31.7541],[34.9432,31.7533],[34.9447,31.7535],[34.9458,31.7533],[34.9473,31.7525],[34.9472,31.7476],[34.9473,31.7386],[34.9489,31.7366],[34.9491,31.736],[34.9502,31.7347],[34.9505,31.7338],[34.9529,31.7326],[34.9542,31.7321],[34.9566,31.7294],[34.9573,31.7284],[34.9577,31.7274],[34.9576,31.7268],[34.9567,31.7253],[34.9556,31.7247],[34.9512,31.7233],[34.9484,31.7223],[34.9477,31.7221],[34.9477,31.7218],[34.9485,31.721],[34.9508,31.7211],[34.9512,31.7207],[34.951,31.7204],[34.9502,31.7199],[34.9493,31.7197],[34.949,31.7196],[34.949,31.7191],[34.9498,31.7178],[34.9499,31.7168],[34.949,31.7165],[34.9476,31.7168],[34.9468,31.7172],[34.945,31.7182],[34.9442,31.7185],[34.9433,31.7189],[34.9421,31.7189],[34.9413,31.7187],[34.9406,31.7184],[34.9398,31.7176],[34.9385,31.7174],[34.9369,31.7174],[34.9361,31.7166],[34.9351,31.7165],[34.9339,31.7166],[34.933,31.717],[34.9317,31.7185],[34.9308,31.7204],[34.9302,31.7209],[34.9282,31.7208],[34.9275,31.7213],[34.9271,31.7218],[34.9268,31.723],[34.9265,31.7235],[34.9263,31.7256],[34.9259,31.7262],[34.9249,31.7269],[34.9236,31.7268],[34.9198,31.7256],[34.9187,31.7256],[34.9175,31.7267],[34.9175,31.728],[34.9185,31.7295],[34.9163,31.7295],[34.9154,31.7298],[34.9138,31.7305],[34.9094,31.7297],[34.9063,31.7303],[34.9052,31.7309],[34.9044,31.7313],[34.9036,31.732],[34.9025,31.7328],[34.9016,31.7333],[34.9017,31.7341],[34.9024,31.7348],[34.904,31.7362],[34.9052,31.7378],[34.9041,31.7386],[34.9035,31.7395],[34.9035,31.7406],[34.9066,31.7441],[34.9067,31.7468],[34.9068,31.7473],[34.9073,31.7478],[34.9081,31.7489],[34.9093,31.7506],[34.9109,31.7527],[34.9124,31.7544],[34.9125,31.756],[34.9126,31.7579],[34.9147,31.7587],[34.9159,31.7591],[34.9167,31.7594],[34.918,31.76],[34.921,31.7611],[34.9248,31.7626]]]]}},{"type":"Feature","properties":{"name":"חנויות מתחת לשכונת אברהם אב","remarks":"סגירת שטח לישראלים"},"geometry":{"type":"MultiPolygon","coordinates":[[[[35.1071,31.524],[35.1072,31.524],[35.1072,31.5239],[35.1072,31.5239],[35.1071,31.524],[35.1071,31.524],[35.1071,31.524],[35.1071,31.5241],[35.1071,31.524],[35.1071,31.5241],[35.1071,31.5241],[35.1071,31.5242],[35.107,31.5243],[35.107,31.5243],[35.1071,31.5242],[35.1072,31.5242],[35.1072,31.5241],[35.1072,31.5241],[35.1071,31.524]]]]}},{"type":"Feature","properties":{"name":"שוק באב אל-חאן והחדאדין","remarks":"סגירת שטח לישראלים"},"geometry":{"type":"MultiPolygon","coordinates":[[[[35.1081,31.5241],[35.1081,31.5241],[35.1083,31.5241],[35.1083,31.524],[35.1083,31.524],[35.1083,31.524],[35.1084,31.524],[35.1084,31.524],[35.1085,31.524],[35.1085,31.5239],[35.1085,31.524],[35.1085,31.5239],[35.1086,31.5239],[35.1086,31.5239],[35.1086,31.5239],[35.1086,31.5237],[35.1086,31.5237],[35.1086,31.5237],[35.1087,31.5237],[35.1087,31.5235],[35.1085,31.5235],[35.1084,31.5235],[35.1083,31.5235],[35.1083,31.5235],[35.1083,31.5235],[35.1083,31.5235],[35.1082,31.5235],[35.1082,31.5235],[35.108,31.5235],[35.108,31.5235],[35.108,31.5235],[35.108,31.5238],[35.108,31.5239],[35.1081,31.5239],[35.1081,31.524],[35.1081,31.5241]]],[[[35.1081,31.5241],[35.1081,31.5241],[35.1081,31.5241],[35.1081,31.5241]]]]}},{"type":"Feature","properties":{"name":"203 צפון","remarks":"02-5305042, pakmaz64@gmail.com"},"geometry":{"type":"MultiPolygon","coordinates":[[[[34.9908,32.0741],[34.9914,32.0742],[34.9916,32.0738],[34.9917,32.0734],[34.9918,32.0731],[34.9918,32.0731],[34.9919,32.0729],[34.9921,32.0723],[34.9923,32.0717],[34.9923,32.0717],[34.9924,32.0715],[34.9925,32.0712],[34.9925,32.0712],[34.9925,32.071],[34.9927,32.0705],[34.9928,32.0702],[34.9929,32.0699],[34.9931,32.0695],[34.9931,32.0695],[34.9931,32.0695],[34.9932,32.0692],[34.9932,32.0692],[34.9933,32.069],[34.9934,32.0687],[34.9934,32.0686],[34.9936,32.0681],[34.9939,32.0675],[34.994,32.0672],[34.9941,32.0669],[34.9942,32.0666],[34.9944,32.0663],[34.9944,32.066],[34.9945,32.0659],[34.9946,32.0657],[34.9948,32.0651],[34.9948,32.065],[34.9949,32.065],[34.9949,32.0649],[34.9949,32.0648],[34.9951,32.0645],[34.9951,32.0644],[34.9951,32.0644],[34.9953,32.0639],[34.9953,32.0639],[34.9955,32.0633],[34.9959,32.0622],[34.9961,32.0619],[34.9962,32.0614],[34.9961,32.0617],[34.9965,32.0609],[34.9967,32.0602],[34.9968,32.0601],[34.9969,32.0596],[34.997,32.0595],[34.9972,32.059],[34.9973,32.0587],[34.9974,32.0584],[34.9976,32.0576],[34.9977,32.0575],[34.9978,32.0571],[34.9981,32.0566],[34.9981,32.0563],[34.9983,32.0561],[34.9983,32.0559],[34.9984,32.0558],[34.9984,32.0556],[34.9984,32.0556],[34.9984,32.0556],[34.9984,32.0555],[34.9984,32.0555],[34.9985,32.0554],[34.9985,32.0553],[34.9985,32.0553],[34.9986,32.0549],[34.9987,32.0548],[34.9987,32.0548],[34.9988,32.0543],[34.9988,32.0543],[34.9989,32.054],[34.9991,32.0534],[34.9992,32.053],[34.9993,32.0527],[34.9994,32.0526],[34.9999,32.0509],[35.0004,32.0494],[35.0005,32.0488],[35.0006,32.0487],[35.0006,32.0485],[35.0011,32.0468],[35.0013,32.0462],[35.0013,32.0461],[35.0017,32.0449],[35.002,32.0437],[35.0022,32.0431],[35.0022,32.0431],[35.001,32.0428],[34.9998,32.0425],[34.9986,32.0423],[34.9974,32.042],[34.9962,32.0417],[34.9949,32.0416],[34.9936,32.0414],[34.9916,32.0413],[34.9905,32.041],[34.9895,32.0407],[34.9885,32.0404],[34.9875,32.0401],[34.9856,32.0395],[34.9838,32.0393],[34.9827,32.0393],[34.9817,32.0393],[34.9806,32.0393],[34.9795,32.0392],[34.9785,32.0392],[34.9774,32.0392],[34.9763,32.0392],[34.9753,32.0392],[34.974,32.0388],[34.9723,32.038],[34.9712,32.0374],[34.9695,32.0363],[34.9682,32.0363],[34.9669,32.0363],[34.9658,32.0366],[34.9654,32.0366],[34.9652,32.0371],[34.9653,32.0375],[34.9655,32.0384],[34.9657,32.0393],[34.9658,32.0402],[34.966,32.0411],[34.9662,32.0421],[34.9664,32.043],[34.9667,32.0439],[34.9669,32.0449],[34.9671,32.0458],[34.9673,32.0467],[34.9675,32.0477],[34.9677,32.0486],[34.968,32.0495],[34.9682,32.0505],[34.9684,32.0514],[34.9686,32.0523],[34.9688,32.0533],[34.969,32.054],[34.9691,32.0545],[34.9694,32.0558],[34.9693,32.0568],[34.9693,32.0578],[34.9693,32.0586],[34.9693,32.0587],[34.9693,32.0597],[34.9692,32.0607],[34.9692,32.0617],[34.9692,32.0626],[34.9692,32.0636],[34.9692,32.0646],[34.9691,32.0653],[34.9691,32.0656],[34.9691,32.0666],[34.9691,32.0676],[34.969,32.0686],[34.969,32.0696],[34.969,32.0705],[34.969,32.0714],[34.9689,32.0722],[34.9689,32.0724],[34.9689,32.0733],[34.9689,32.0733],[34.9689,32.0742],[34.9689,32.0751],[34.9689,32.076],[34.9688,32.077],[34.9688,32.0779],[34.9688,32.0788],[34.9688,32.0797],[34.9693,32.0797],[34.9699,32.0798],[34.9702,32.0797],[34.9704,32.0796],[34.9706,32.0795],[34.9707,32.0792],[34.9708,32.079],[34.9712,32.0789],[34.9715,32.0788],[34.9718,32.0786],[34.9719,32.0786],[34.9722,32.0786],[34.9725,32.0787],[34.9727,32.0788],[34.9729,32.0789],[34.9736,32.0786],[34.9736,32.0785],[34.9733,32.0783],[34.9732,32.078],[34.9731,32.0774],[34.9731,32.0772],[34.9732,32.0768],[34.9734,32.0764],[34.9735,32.0761],[34.9736,32.0759],[34.9737,32.0756],[34.9738,32.0754],[34.9741,32.0751],[34.9743,32.0749],[34.9744,32.0747],[34.9746,32.0747],[34.9748,32.0747],[34.9753,32.0747],[34.9754,32.0747],[34.9757,32.0746],[34.9759,32.0745],[34.976,32.0743],[34.976,32.0741],[34.9761,32.0738],[34.9762,32.0736],[34.9763,32.0734],[34.9764,32.0732],[34.9764,32.0732],[34.9765,32.0731],[34.9766,32.0731],[34.9766,32.0731],[34.9768,32.0731],[34.9769,32.0731],[34.9769,32.0731],[34.9771,32.073],[34.9772,32.073],[34.9773,32.0731],[34.9773,32.073],[34.9774,32.073],[34.9775,32.073],[34.9776,32.073],[34.9778,32.073],[34.9779,32.073],[34.978,32.073],[34.9782,32.073],[34.9783,32.0731],[34.9785,32.0733],[34.9785,32.0734],[34.9785,32.0734],[34.9786,32.0734],[34.9786,32.0734],[34.9786,32.0735],[34.9787,32.0735],[34.9787,32.0736],[34.9788,32.0736],[34.9789,32.0736],[34.9789,32.0736],[34.9789,32.0737],[34.979,32.0738],[34.979,32.0739],[34.9791,32.074],[34.9791,32.074],[34.9792,32.074],[34.9792,32.0741],[34.9792,32.0742],[34.9794,32.0742],[34.9794,32.0743],[34.9795,32.0743],[34.9796,32.0744],[34.9796,32.0744],[34.9799,32.0746],[34.98,32.0746],[34.98,32.0747],[34.9801,32.0747],[34.9801,32.0748],[34.9802,32.0748],[34.9802,32.0748],[34.9802,32.0749],[34.9803,32.0749],[34.9803,32.0749],[34.9804,32.075],[34.9804,32.075],[34.9805,32.0751],[34.9807,32.0753],[34.9807,32.0754],[34.9808,32.0754],[34.9809,32.0755],[34.9809,32.0756],[34.9809,32.0756],[34.981,32.0757],[34.981,32.0757],[34.9811,32.0758],[34.9811,32.0758],[34.9812,32.0759],[34.9812,32.076],[34.9812,32.076],[34.9813,32.0761],[34.9813,32.0761],[34.9814,32.0762],[34.9815,32.0763],[34.9815,32.0763],[34.9812,32.0766],[34.9815,32.0768],[34.9816,32.0768],[34.9818,32.077],[34.983,32.0772],[34.9831,32.0773],[34.9833,32.0773],[34.9835,32.0772],[34.9847,32.0769],[34.9848,32.0768],[34.9849,32.0767],[34.985,32.0762],[34.9851,32.0761],[34.9852,32.0761],[34.9854,32.076],[34.9858,32.0759],[34.986,32.0759],[34.9862,32.0758],[34.9863,32.0758],[34.9864,32.0757],[34.9865,32.0757],[34.9866,32.0756],[34.9867,32.0755],[34.9868,32.0754],[34.9868,32.0754],[34.9872,32.075],[34.9877,32.0745],[34.9877,32.0745],[34.9878,32.0744],[34.9879,32.0744],[34.9882,32.0742],[34.9884,32.0742],[34.9887,32.0743],[34.9889,32.0743],[34.9891,32.0745],[34.9895,32.0742],[34.9897,32.0741],[34.9903,32.0741],[34.9904,32.0741],[34.9905,32.0741],[34.9907,32.0741],[34.9908,32.0741]]],[[[34.9837,32.0888],[34.9838,32.0888],[34.9838,32.0888],[34.9842,32.0889],[34.9845,32.089],[34.9846,32.089],[34.9852,32.0892],[34.9856,32.0893],[34.986,32.0895],[34.9863,32.0897],[34.9863,32.0897],[34.9864,32.0895],[34.9865,32.0894],[34.9869,32.0882],[34.9869,32.0881],[34.9871,32.0876],[34.9874,32.0868],[34.9877,32.0858],[34.9879,32.0853],[34.9881,32.0846],[34.9882,32.0843],[34.9882,32.0842],[34.9871,32.0848],[34.9874,32.0854],[34.987,32.0855],[34.9867,32.0856],[34.9867,32.0856],[34.9867,32.0858],[34.9867,32.086],[34.9866,32.0861],[34.9865,32.0864],[34.9864,32.0866],[34.9862,32.0868],[34.9859,32.087],[34.9856,32.0872],[34.9852,32.0873],[34.9847,32.0876],[34.9838,32.088],[34.9834,32.0883],[34.9833,32.0883],[34.983,32.0886],[34.9829,32.0887],[34.9828,32.0888],[34.9827,32.0889],[34.9827,32.089],[34.9826,32.0891],[34.9826,32.0891],[34.9825,32.0893],[34.9829,32.0891],[34.9832,32.0889],[34.9836,32.0888],[34.9837,32.0888]]],[[[34.9885,32.0834],[34.9911,32.0752],[34.9914,32.0742],[34.9914,32.0742],[34.9914,32.0743],[34.9914,32.0744],[34.9913,32.0745],[34.9912,32.075],[34.991,32.0755],[34.9909,32.0757],[34.9909,32.0758],[34.9908,32.076],[34.9908,32.0761],[34.9908,32.0761],[34.9907,32.0762],[34.9906,32.0765],[34.9906,32.0767],[34.9905,32.077],[34.9904,32.0773],[34.9903,32.0775],[34.9899,32.0787],[34.9899,32.0788],[34.9899,32.0788],[34.9898,32.0791],[34.9898,32.0792],[34.9893,32.0808],[34.9893,32.0809],[34.9893,32.0809],[34.989,32.0816],[34.9887,32.0826],[34.9886,32.0831],[34.9885,32.0834]]],[[[34.9884,32.0836],[34.9885,32.0834],[34.9882,32.0842],[34.9884,32.0836]]]]}},{"type":"Feature","properties":{"name":"ציר דוד המלך - חלק מערבי","remarks":"סגירת שטח לישראלים"},"geometry":{"type":"MultiPolygon","coordinates":[[[[35.103,31.5264],[35.103,31.5264],[35.1029,31.5266],[35.1029,31.5266],[35.1029,31.5266],[35.1029,31.5267],[35.103,31.5267],[35.103,31.5266],[35.1031,31.5266],[35.1031,31.5265],[35.1033,31.5265],[35.1034,31.5265],[35.1035,31.5265],[35.1035,31.5265],[35.1035,31.5265],[35.1036,31.5264],[35.1036,31.5265],[35.1036,31.5264],[35.1036,31.5264],[35.1037,31.5264],[35.1037,31.5264],[35.1039,31.5263],[35.1039,31.5264],[35.104,31.5262],[35.1041,31.5263],[35.1043,31.5261],[35.1042,31.5261],[35.1048,31.5254],[35.105,31.5256],[35.1053,31.5254],[35.1048,31.5251],[35.1047,31.5251],[35.1046,31.5253],[35.104,31.5258],[35.1036,31.526],[35.1036,31.5261],[35.1034,31.5262],[35.1029,31.5263],[35.103,31.5264]]]]}},{"type":"Feature","properties":{"name":"גבעות גורל","remarks":"pkdarom@gmail.com , 08-99029268"},"geometry":{"type":"MultiPolygon","coordinates":[[[[34.7983,31.3084],[34.799,31.3092],[34.7996,31.3101],[34.8002,31.3109],[34.8012,31.3115],[34.8021,31.312],[34.8031,31.3129],[34.8042,31.3139],[34.8048,31.3147],[34.8054,31.3155],[34.806,31.3164],[34.8067,31.3173],[34.8073,31.3181],[34.8079,31.319],[34.8087,31.3199],[34.8095,31.3209],[34.8101,31.3217],[34.8107,31.3225],[34.8112,31.3238],[34.8118,31.3247],[34.8124,31.3256],[34.8127,31.3269],[34.8134,31.3285],[34.814,31.3293],[34.8145,31.3301],[34.8153,31.3314],[34.8158,31.3323],[34.8163,31.3333],[34.8169,31.3342],[34.8175,31.335],[34.8181,31.3358],[34.8193,31.337],[34.8206,31.337],[34.8219,31.3369],[34.8232,31.3369],[34.8245,31.3369],[34.8251,31.3361],[34.8257,31.3353],[34.8262,31.3346],[34.8268,31.3338],[34.8274,31.333],[34.8279,31.3322],[34.8285,31.3315],[34.8291,31.3307],[34.8296,31.3299],[34.8302,31.3291],[34.8307,31.3282],[34.832,31.3269],[34.8326,31.3261],[34.8332,31.3253],[34.8337,31.3245],[34.8343,31.3236],[34.835,31.3228],[34.8357,31.3219],[34.8361,31.3204],[34.8365,31.3193],[34.8369,31.3182],[34.8373,31.3171],[34.8375,31.316],[34.8376,31.3149],[34.8378,31.3138],[34.8378,31.3129],[34.8377,31.312],[34.8376,31.311],[34.8376,31.3101],[34.8376,31.3091],[34.8376,31.3081],[34.8376,31.3072],[34.8375,31.306],[34.8375,31.3049],[34.8375,31.3037],[34.8376,31.3027],[34.8377,31.3018],[34.8378,31.3008],[34.8379,31.2998],[34.8368,31.2999],[34.8357,31.2999],[34.8345,31.3],[34.8334,31.3],[34.8323,31.3001],[34.8312,31.3001],[34.8301,31.3002],[34.829,31.3002],[34.8279,31.3002],[34.8268,31.3003],[34.8257,31.3003],[34.8246,31.3004],[34.8235,31.3004],[34.8224,31.3005],[34.8212,31.3005],[34.8201,31.3006],[34.8191,31.3009],[34.8182,31.3013],[34.8172,31.3016],[34.8162,31.302],[34.8152,31.3024],[34.8142,31.3027],[34.8132,31.3031],[34.8122,31.3034],[34.8112,31.3038],[34.8102,31.3041],[34.8092,31.3045],[34.8082,31.3048],[34.8073,31.3052],[34.8063,31.3055],[34.8053,31.3059],[34.8043,31.3063],[34.8033,31.3066],[34.8023,31.307],[34.8013,31.3073],[34.8003,31.3077],[34.7993,31.308],[34.7983,31.3084]]]]}},{"type":"Feature","properties":{"name":"מטווח 24","remarks":"02-5305042, pakmaz64@gmail.com"},"geometry":{"type":"MultiPolygon","coordinates":[[[[34.7433,31.9934],[34.7404,31.9873],[34.7367,31.9881],[34.736,31.9882],[34.7352,31.9844],[34.7352,31.9844],[34.7387,31.9836],[34.7387,31.9835],[34.7387,31.9835],[34.7378,31.9815],[34.7377,31.9815],[34.7377,31.9815],[34.7376,31.9814],[34.7376,31.9814],[34.7375,31.9813],[34.7375,31.9813],[34.7375,31.9812],[34.7374,31.9811],[34.7374,31.9811],[34.7374,31.981],[34.7374,31.9809],[34.7374,31.9809],[34.7374,31.9808],[34.7374,31.9807],[34.7375,31.9807],[34.7375,31.9806],[34.7376,31.9805],[34.7377,31.9803],[34.7377,31.9802],[34.7378,31.98],[34.7379,31.9799],[34.7379,31.9797],[34.738,31.9796],[34.738,31.9794],[34.738,31.9793],[34.738,31.9791],[34.7381,31.9789],[34.7381,31.9782],[34.7381,31.9779],[34.7381,31.9774],[34.7381,31.9768],[34.7381,31.9764],[34.738,31.9761],[34.7378,31.9755],[34.7373,31.9745],[34.7366,31.9735],[34.737,31.9719],[34.7384,31.9677],[34.7367,31.9641],[34.7359,31.963],[34.7352,31.9626],[34.7345,31.962],[34.7338,31.9615],[34.7331,31.961],[34.7321,31.9605],[34.7319,31.96],[34.7319,31.96],[34.7319,31.9599],[34.7319,31.9599],[34.7319,31.9552],[34.7315,31.9532],[34.7315,31.953],[34.7314,31.9526],[34.7289,31.9505],[34.7276,31.9482],[34.7273,31.9403],[34.7271,31.9403],[34.727,31.9399],[34.7265,31.94],[34.7263,31.9357],[34.7261,31.9357],[34.7263,31.9401],[34.7256,31.9402],[34.7218,31.9396],[34.7214,31.9397],[34.7208,31.9398],[34.7203,31.9399],[34.72,31.9399],[34.7198,31.9399],[34.7195,31.9399],[34.7189,31.9401],[34.7184,31.94],[34.718,31.94],[34.717,31.9398],[34.716,31.9396],[34.715,31.9397],[34.7141,31.9397],[34.7133,31.9396],[34.7124,31.9394],[34.7112,31.9393],[34.7098,31.9388],[34.7086,31.9382],[34.7082,31.9381],[34.7079,31.9378],[34.7077,31.9373],[34.7074,31.9369],[34.7071,31.9364],[34.707,31.9362],[34.7068,31.9359],[34.7062,31.9357],[34.7057,31.9355],[34.7053,31.9353],[34.7048,31.935],[34.7042,31.9347],[34.7028,31.9342],[34.7038,31.9352],[34.7041,31.9356],[34.7046,31.9362],[34.705,31.9369],[34.7052,31.9372],[34.7054,31.9378],[34.7059,31.9386],[34.706,31.9389],[34.7061,31.939],[34.7061,31.9391],[34.7063,31.9395],[34.7064,31.9397],[34.7066,31.9401],[34.7068,31.9405],[34.7069,31.9406],[34.7071,31.9415],[34.7077,31.9429],[34.7079,31.9435],[34.7082,31.9437],[34.7087,31.9446],[34.709,31.9452],[34.7171,31.963],[34.7172,31.9634],[34.7172,31.9637],[34.7175,31.9644],[34.7178,31.9647],[34.7178,31.9649],[34.7179,31.9654],[34.718,31.9656],[34.7182,31.966],[34.7184,31.9664],[34.7185,31.9665],[34.7187,31.9667],[34.7188,31.9669],[34.719,31.9674],[34.7191,31.9682],[34.7197,31.9696],[34.7202,31.9705],[34.7207,31.972],[34.7209,31.9723],[34.7213,31.9733],[34.7224,31.9762],[34.7225,31.9765],[34.7227,31.9771],[34.7228,31.9773],[34.723,31.9775],[34.7231,31.9777],[34.7233,31.9784],[34.7238,31.9795],[34.724,31.9801],[34.7242,31.9805],[34.7244,31.9808],[34.7244,31.9812],[34.7246,31.9815],[34.7248,31.982],[34.7249,31.9823],[34.7252,31.9832],[34.7256,31.9841],[34.7258,31.9845],[34.7262,31.9854],[34.7263,31.9858],[34.7264,31.9859],[34.7269,31.9871],[34.727,31.9876],[34.7278,31.9893],[34.7282,31.9907],[34.7284,31.9912],[34.7287,31.9916],[34.7288,31.9919],[34.7289,31.9922],[34.729,31.9924],[34.7291,31.9928],[34.7291,31.9931],[34.7293,31.9935],[34.7294,31.9938],[34.7294,31.994],[34.73,31.9939],[34.7302,31.9943],[34.7296,31.9945],[34.7296,31.9945],[34.7296,31.9946],[34.7296,31.9946],[34.7296,31.9946],[34.7296,31.9947],[34.7297,31.9947],[34.7297,31.9947],[34.7297,31.9947],[34.7297,31.9947],[34.7297,31.9947],[34.7297,31.9948],[34.7297,31.9948],[34.7302,31.9946],[34.7303,31.9946],[34.7304,31.9946],[34.7308,31.9945],[34.7313,31.9958],[34.7317,31.9957],[34.7321,31.9964],[34.7326,31.9963],[34.7327,31.9965],[34.7331,31.9964],[34.7333,31.9963],[34.7338,31.9964],[34.7348,31.996],[34.7359,31.9957],[34.7372,31.9953],[34.7385,31.9949],[34.7393,31.9947],[34.74,31.9945],[34.741,31.9941],[34.742,31.9938],[34.742,31.9938],[34.742,31.9938],[34.742,31.9938],[34.742,31.9938],[34.7421,31.9938],[34.7421,31.9937],[34.7421,31.9937],[34.7421,31.9937],[34.742,31.9934],[34.7421,31.9934],[34.7423,31.9937],[34.7423,31.9937],[34.7423,31.9937],[34.7423,31.9937],[34.7423,31.9937],[34.7423,31.9937],[34.7423,31.9937],[34.7423,31.9937],[34.7423,31.9937],[34.7423,31.9937],[34.7423,31.9937],[34.7423,31.9937],[34.7425,31.9936],[34.7429,31.9935],[34.7433,31.9934]]]]}},{"type":"Feature","properties":{"name":"שטח לצורכי ביטחון שוטף","remarks":""},"geometry":{"type":"MultiPolygon","coordinates":[[[[35.1612,31.9307],[35.1617,31.9303],[35.1621,31.93],[35.1625,31.9298],[35.1629,31.9296],[35.1634,31.9293],[35.164,31.929],[35.1646,31.9287],[35.165,31.9286],[35.1655,31.9285],[35.1657,31.9284],[35.1661,31.9285],[35.1666,31.9286],[35.1672,31.9288],[35.1677,31.929],[35.1681,31.9294],[35.1684,31.9297],[35.1686,31.9301],[35.169,31.9304],[35.1694,31.9307],[35.1697,31.9309],[35.17,31.9311],[35.1702,31.931],[35.1704,31.931],[35.1706,31.931],[35.1711,31.9309],[35.1713,31.9308],[35.1714,31.9307],[35.1714,31.9304],[35.1715,31.9302],[35.1714,31.9297],[35.1714,31.9291],[35.1713,31.9286],[35.1714,31.9283],[35.1716,31.9279],[35.172,31.9273],[35.1722,31.9272],[35.1725,31.9272],[35.1726,31.9273],[35.1727,31.9277],[35.1728,31.9278],[35.1729,31.9279],[35.173,31.9278],[35.1731,31.9277],[35.1731,31.9276],[35.1731,31.9275],[35.1737,31.9274],[35.1743,31.9268],[35.1748,31.9263],[35.175,31.9259],[35.175,31.9257],[35.1753,31.9254],[35.1755,31.9252],[35.1756,31.9251],[35.1757,31.9248],[35.1756,31.9246],[35.1755,31.9243],[35.1756,31.9238],[35.1757,31.9235],[35.1751,31.9234],[35.1748,31.9232],[35.1748,31.9228],[35.1747,31.9224],[35.1748,31.9219],[35.1744,31.9222],[35.1734,31.9226],[35.1724,31.923],[35.1717,31.9232],[35.171,31.9233],[35.1707,31.9234],[35.1703,31.9236],[35.1691,31.9236],[35.1685,31.9236],[35.1678,31.9236],[35.167,31.9236],[35.1666,31.9238],[35.1665,31.9239],[35.1666,31.9243],[35.1669,31.9246],[35.1665,31.9247],[35.166,31.9246],[35.1656,31.9246],[35.1652,31.9243],[35.1652,31.9238],[35.165,31.9235],[35.1647,31.9237],[35.1646,31.9242],[35.1645,31.9247],[35.164,31.9248],[35.1637,31.9247],[35.1632,31.925],[35.163,31.9254],[35.1628,31.9255],[35.1618,31.9256],[35.1611,31.9255],[35.1603,31.9256],[35.1601,31.9256],[35.16,31.9261],[35.1601,31.9263],[35.1605,31.9264],[35.1602,31.9268],[35.1602,31.9273],[35.1601,31.9277],[35.1599,31.9282],[35.1602,31.9285],[35.1605,31.929],[35.1606,31.9296],[35.1608,31.9301],[35.161,31.9305],[35.1612,31.9307]]]]}},{"type":"Feature","properties":{"name":"נחל שיאון","remarks":"073-3483007, matampatzan@gmail.com"},"geometry":{"type":"MultiPolygon","coordinates":[[[[35.7122,33.3151],[35.7125,33.3165],[35.7127,33.3195],[35.7129,33.3213],[35.7133,33.3229],[35.7138,33.3251],[35.7199,33.3289],[35.726,33.3303],[35.7314,33.3297],[35.7357,33.3283],[35.7397,33.3267],[35.7451,33.3258],[35.7579,33.3298],[35.7609,33.3295],[35.7623,33.3302],[35.7653,33.3302],[35.7666,33.3324],[35.7678,33.3334],[35.7693,33.3337],[35.774,33.3345],[35.7793,33.3321],[35.7787,33.3316],[35.7777,33.3308],[35.7776,33.3286],[35.7772,33.3278],[35.7747,33.3232],[35.7734,33.3231],[35.7731,33.323],[35.7717,33.3219],[35.7716,33.3218],[35.7713,33.3217],[35.771,33.3215],[35.7708,33.3214],[35.7707,33.3213],[35.7713,33.3201],[35.7711,33.32],[35.7694,33.3192],[35.7669,33.3191],[35.7662,33.3189],[35.7656,33.3184],[35.7634,33.3162],[35.7626,33.3155],[35.7622,33.3148],[35.7637,33.3144],[35.7674,33.3126],[35.7677,33.3117],[35.7697,33.311],[35.7715,33.3098],[35.7722,33.309],[35.7723,33.3075],[35.7707,33.3054],[35.7691,33.3043],[35.7674,33.3034],[35.7668,33.3004],[35.7647,33.2997],[35.7617,33.3027],[35.758,33.3019],[35.7551,33.2965],[35.7522,33.2952],[35.7518,33.294],[35.7485,33.2903],[35.743,33.2886],[35.7387,33.2883],[35.7366,33.2876],[35.7357,33.2866],[35.7351,33.283],[35.7337,33.2797],[35.7328,33.2788],[35.731,33.2777],[35.7286,33.276],[35.7275,33.2744],[35.7269,33.2721],[35.7265,33.2704],[35.7266,33.2694],[35.7273,33.2686],[35.7288,33.268],[35.7303,33.267],[35.7279,33.2646],[35.7229,33.2618],[35.7173,33.2594],[35.7103,33.2577],[35.7041,33.2562],[35.7,33.2545],[35.6951,33.2515],[35.6934,33.2508],[35.6915,33.2483],[35.6903,33.2477],[35.6885,33.2475],[35.6785,33.2482],[35.6776,33.2492],[35.6786,33.2501],[35.6784,33.2512],[35.6769,33.2526],[35.6753,33.2533],[35.6739,33.2535],[35.6709,33.2534],[35.6651,33.2569],[35.6643,33.2579],[35.6638,33.2596],[35.6629,33.2606],[35.6613,33.261],[35.6586,33.2606],[35.6561,33.2615],[35.6544,33.2634],[35.6553,33.2651],[35.6556,33.266],[35.656,33.2665],[35.6564,33.2669],[35.657,33.2673],[35.6581,33.268],[35.6583,33.2685],[35.6589,33.2697],[35.6592,33.2706],[35.6595,33.2713],[35.6592,33.2722],[35.6586,33.2726],[35.6586,33.2746],[35.6587,33.2753],[35.6664,33.2816],[35.669,33.2822],[35.6715,33.2846],[35.6748,33.2866],[35.6805,33.2904],[35.6822,33.2928],[35.701,33.3014],[35.7063,33.3053],[35.708,33.3078],[35.7081,33.3079],[35.71,33.3091],[35.7106,33.31],[35.711,33.3115],[35.7112,33.313],[35.7122,33.3151]]]]}},{"type":"Feature","properties":{"name":"","remarks":"02-5305042, pakmaz64@gmail.com, חרבת שיבלי"},"geometry":{"type":"MultiPolygon","coordinates":[[[[35.0897,31.8421],[35.0903,31.8415],[35.0906,31.8413],[35.0914,31.8402],[35.0925,31.8395],[35.0941,31.8377],[35.0974,31.8362],[35.1024,31.8369],[35.1023,31.8355],[35.1008,31.8321],[35.1002,31.8262],[35.0933,31.8298],[35.0906,31.8311],[35.0874,31.8327],[35.083,31.835],[35.0804,31.8364],[35.0794,31.8369],[35.0774,31.8378],[35.0718,31.8408],[35.0672,31.8431],[35.0629,31.8452],[35.0581,31.8477],[35.0519,31.8507],[35.0546,31.8525],[35.0579,31.8546],[35.0591,31.8553],[35.0624,31.8564],[35.065,31.8566],[35.0674,31.8562],[35.069,31.8561],[35.0719,31.8558],[35.0745,31.8554],[35.0765,31.8547],[35.0783,31.8543],[35.0806,31.8535],[35.0825,31.8525],[35.0835,31.852],[35.0844,31.8509],[35.0849,31.8504],[35.0856,31.8498],[35.0864,31.8489],[35.0877,31.8468],[35.0887,31.8447],[35.0892,31.8428],[35.0897,31.8421]]]]}},{"type":"Feature","properties":{"name":"שטח סגירה י'-מובלעת לטרון","remarks":""},"geometry":{"type":"MultiPolygon","coordinates":[[[[35.0439,31.8646],[35.0439,31.8645],[35.0439,31.8643],[35.044,31.8643],[35.0441,31.8642],[35.0443,31.8641],[35.0445,31.8642],[35.0448,31.8643],[35.045,31.8643],[35.0453,31.8644],[35.0456,31.8644],[35.0457,31.8644],[35.0458,31.8642],[35.0458,31.8641],[35.0457,31.8639],[35.0454,31.8635],[35.0452,31.8631],[35.0449,31.8625],[35.0445,31.8615],[35.0443,31.861],[35.0441,31.8605],[35.0436,31.8598],[35.0432,31.8592],[35.0428,31.8588],[35.0423,31.8584],[35.0419,31.8581],[35.0418,31.8579],[35.0418,31.8578],[35.0419,31.8577],[35.042,31.8577],[35.0421,31.8576],[35.0425,31.8576],[35.0431,31.8577],[35.0433,31.8577],[35.0435,31.8576],[35.0437,31.8575],[35.044,31.8571],[35.0442,31.8569],[35.0444,31.8567],[35.0448,31.8566],[35.0453,31.8565],[35.046,31.8564],[35.0463,31.8563],[35.0467,31.8564],[35.0471,31.8564],[35.0473,31.8565],[35.0476,31.8564],[35.0479,31.8563],[35.0481,31.8562],[35.0484,31.856],[35.0487,31.8556],[35.0489,31.8554],[35.0493,31.8553],[35.0501,31.8552],[35.0503,31.8551],[35.0506,31.8549],[35.0507,31.8548],[35.0509,31.8544],[35.0514,31.8539],[35.0518,31.8535],[35.0521,31.8533],[35.0525,31.853],[35.0528,31.8529],[35.0521,31.8524],[35.0508,31.8516],[35.0493,31.8507],[35.0485,31.8502],[35.0475,31.8494],[35.0467,31.8488],[35.0458,31.8481],[35.0446,31.8469],[35.0437,31.846],[35.0426,31.8451],[35.0416,31.8442],[35.0401,31.8427],[35.0389,31.8415],[35.0374,31.8401],[35.0361,31.8388],[35.0344,31.8373],[35.0327,31.8356],[35.0315,31.8345],[35.0303,31.8336],[35.0295,31.8331],[35.0285,31.8323],[35.0272,31.8316],[35.0262,31.8311],[35.0249,31.8306],[35.0238,31.8302],[35.0223,31.8298],[35.0214,31.8296],[35.0205,31.8294],[35.0192,31.8292],[35.018,31.8289],[35.0167,31.8286],[35.0155,31.8285],[35.0146,31.8285],[35.0139,31.8286],[35.0109,31.829],[35.0094,31.8292],[35.0077,31.8293],[35.0051,31.8295],[35.0034,31.8297],[35.0022,31.8299],[35.0009,31.8299],[34.9995,31.8301],[34.9978,31.8302],[34.9964,31.8303],[34.9949,31.8305],[34.9937,31.8306],[34.9924,31.8305],[34.9906,31.8305],[34.9894,31.8306],[34.9879,31.8307],[34.986,31.8309],[34.9853,31.831],[34.9844,31.8311],[34.9828,31.8313],[34.9811,31.8316],[34.9801,31.8318],[34.9791,31.8319],[34.9786,31.832],[34.9784,31.8321],[34.9781,31.8324],[34.9779,31.8326],[34.9778,31.8328],[34.9777,31.8331],[34.9777,31.8342],[34.9777,31.8352],[34.9778,31.8361],[34.9778,31.8367],[34.978,31.837],[34.9781,31.8372],[34.9784,31.8374],[34.9791,31.8379],[34.98,31.8384],[34.9809,31.8391],[34.9819,31.8397],[34.9827,31.8404],[34.9833,31.8409],[34.984,31.8413],[34.9849,31.8419],[34.9859,31.8424],[34.987,31.843],[34.988,31.8435],[34.9889,31.8442],[34.9895,31.8448],[34.9898,31.8451],[34.9906,31.846],[34.9912,31.847],[34.9916,31.8478],[34.9918,31.8485],[34.9924,31.8497],[34.9929,31.8505],[34.9933,31.8511],[34.994,31.8518],[34.9945,31.8523],[34.9949,31.8526],[34.9953,31.8529],[34.9957,31.8531],[34.9971,31.8536],[34.9985,31.8539],[34.9995,31.8542],[35.0008,31.8546],[35.0017,31.8548],[35.0023,31.855],[35.0034,31.8553],[35.004,31.8555],[35.0047,31.8556],[35.0058,31.8556],[35.0072,31.8557],[35.0093,31.8559],[35.0114,31.8561],[35.0145,31.8563],[35.0157,31.8564],[35.0174,31.8565],[35.0198,31.8564],[35.0219,31.8563],[35.0241,31.8562],[35.0256,31.8561],[35.0274,31.8559],[35.0282,31.8559],[35.0288,31.8559],[35.0296,31.856],[35.0304,31.856],[35.0309,31.8561],[35.0313,31.8562],[35.0317,31.8564],[35.0322,31.8566],[35.0325,31.8568],[35.0329,31.8571],[35.0332,31.8575],[35.0335,31.8579],[35.0338,31.8586],[35.0342,31.8594],[35.0346,31.8606],[35.0351,31.8623],[35.0354,31.8639],[35.0356,31.8649],[35.0364,31.8646],[35.0374,31.8643],[35.038,31.8642],[35.0386,31.864],[35.0395,31.8638],[35.0402,31.8636],[35.0407,31.8635],[35.0412,31.8635],[35.0415,31.8635],[35.0418,31.8636],[35.0422,31.8638],[35.0426,31.864],[35.0428,31.8642],[35.043,31.8645],[35.0432,31.8648],[35.0433,31.865],[35.0435,31.8651],[35.0437,31.8652],[35.0438,31.8653],[35.0439,31.8652],[35.0439,31.8649],[35.0439,31.8646]]]]}},{"type":"Feature","properties":{"name":"שב\"מ שבי שומרון","remarks":""},"geometry":{"type":"MultiPolygon","coordinates":[[[[35.1883,32.2652],[35.1883,32.2653],[35.1877,32.2654],[35.1868,32.2656],[35.1866,32.2659],[35.1866,32.266],[35.1867,32.2663],[35.1868,32.2665],[35.1871,32.2665],[35.1872,32.2666],[35.1872,32.2667],[35.1872,32.2668],[35.1872,32.2669],[35.1865,32.2669],[35.1861,32.2672],[35.186,32.2673],[35.1859,32.2673],[35.1859,32.2673],[35.1858,32.2672],[35.1857,32.2671],[35.1854,32.2669],[35.1853,32.2668],[35.1851,32.2665],[35.1849,32.2665],[35.1848,32.2665],[35.1847,32.2666],[35.1843,32.2668],[35.1838,32.2667],[35.1837,32.2664],[35.1833,32.2661],[35.1828,32.2658],[35.1825,32.2654],[35.1822,32.2649],[35.1821,32.2646],[35.1822,32.2642],[35.1823,32.2638],[35.1825,32.2634],[35.1817,32.2635],[35.1818,32.2628],[35.1818,32.2626],[35.1819,32.262],[35.182,32.2618],[35.182,32.2617],[35.182,32.2615],[35.182,32.2613],[35.1821,32.261],[35.1825,32.2608],[35.1825,32.2608],[35.1828,32.2606],[35.1833,32.2605],[35.1841,32.2604],[35.1842,32.2603],[35.1848,32.2599],[35.1849,32.2599],[35.1851,32.2599],[35.1853,32.2599],[35.1855,32.26],[35.1857,32.2602],[35.1856,32.2603],[35.1859,32.2606],[35.1866,32.2601],[35.1873,32.2599],[35.1874,32.2598],[35.1874,32.2598],[35.1874,32.2598],[35.1874,32.2598],[35.1874,32.2597],[35.1874,32.2597],[35.1874,32.2597],[35.1874,32.2597],[35.1874,32.2597],[35.1874,32.2597],[35.1874,32.2597],[35.1874,32.2597],[35.1874,32.2596],[35.1874,32.2596],[35.1874,32.2596],[35.1874,32.2596],[35.1874,32.2596],[35.1874,32.2596],[35.1874,32.2596],[35.1874,32.2596],[35.1874,32.2596],[35.1874,32.2596],[35.1874,32.2595],[35.1874,32.2595],[35.1874,32.2595],[35.1874,32.2595],[35.1874,32.2595],[35.1874,32.2595],[35.1874,32.2595],[35.1874,32.2595],[35.1874,32.2595],[35.1874,32.2595],[35.1874,32.2595],[35.1874,32.2595],[35.1874,32.2594],[35.1874,32.2594],[35.1874,32.2594],[35.1874,32.2594],[35.1874,32.2594],[35.1874,32.2594],[35.1874,32.2594],[35.1874,32.2594],[35.1874,32.2594],[35.1874,32.2594],[35.1874,32.2594],[35.1874,32.2594],[35.1874,32.2594],[35.1874,32.2593],[35.1874,32.2593],[35.1873,32.2593],[35.1873,32.2593],[35.1873,32.2593],[35.1873,32.2593],[35.1873,32.2592],[35.1871,32.2591],[35.1871,32.2589],[35.187,32.2588],[35.1868,32.2586],[35.1868,32.2585],[35.1868,32.2585],[35.1867,32.2585],[35.1867,32.2585],[35.1867,32.2585],[35.1867,32.2584],[35.1866,32.2584],[35.1866,32.2583],[35.1866,32.2583],[35.1866,32.2583],[35.1866,32.2583],[35.1866,32.2583],[35.1866,32.2583],[35.1866,32.2583],[35.1866,32.2583],[35.1866,32.2583],[35.1866,32.2583],[35.1866,32.2583],[35.1866,32.2583],[35.1866,32.2583],[35.1866,32.2583],[35.1865,32.2583],[35.1865,32.2583],[35.1865,32.2583],[35.1865,32.2583],[35.1865,32.2583],[35.1865,32.2583],[35.1865,32.2583],[35.1865,32.2583],[35.1865,32.2583],[35.1865,32.2583],[35.1865,32.2583],[35.1865,32.2583],[35.1865,32.2583],[35.1865,32.2583],[35.1865,32.2583],[35.1865,32.2583],[35.1865,32.2583],[35.1864,32.2583],[35.1864,32.2583],[35.1864,32.2583],[35.1864,32.2583],[35.1864,32.2583],[35.1864,32.2583],[35.1864,32.2583],[35.1864,32.2583],[35.1864,32.2583],[35.1864,32.2583],[35.1864,32.2583],[35.1863,32.2583],[35.1863,32.2583],[35.1862,32.2583],[35.1862,32.2584],[35.1862,32.2584],[35.1861,32.2584],[35.1861,32.2584],[35.1861,32.2584],[35.1861,32.2584],[35.1861,32.2584],[35.186,32.2584],[35.186,32.2584],[35.186,32.2584],[35.1859,32.2585],[35.1857,32.2585],[35.1856,32.2586],[35.1856,32.2586],[35.1856,32.2586],[35.1856,32.2586],[35.1856,32.2586],[35.1856,32.2586],[35.1855,32.2586],[35.1854,32.2586],[35.1854,32.2586],[35.1854,32.2586],[35.1854,32.2586],[35.1854,32.2586],[35.1854,32.2586],[35.1854,32.2586],[35.1854,32.2586],[35.1853,32.2586],[35.1853,32.2586],[35.1853,32.2586],[35.1853,32.2586],[35.1853,32.2586],[35.1853,32.2586],[35.1853,32.2586],[35.1853,32.2586],[35.1853,32.2586],[35.1852,32.2586],[35.1852,32.2586],[35.1852,32.2586],[35.1852,32.2586],[35.1848,32.2586],[35.1847,32.2586],[35.1847,32.2586],[35.1847,32.2586],[35.1846,32.2586],[35.1846,32.2586],[35.1845,32.2587],[35.1845,32.2587],[35.1844,32.2587],[35.1844,32.2587],[35.1843,32.2586],[35.1843,32.2586],[35.1842,32.2586],[35.1842,32.2586],[35.184,32.2586],[35.184,32.2586],[35.184,32.2586],[35.184,32.2586],[35.184,32.2586],[35.184,32.2586],[35.184,32.2586],[35.1839,32.2586],[35.1839,32.2586],[35.1839,32.2586],[35.1839,32.2586],[35.1839,32.2586],[35.1839,32.2586],[35.1839,32.2586],[35.1839,32.2586],[35.1839,32.2586],[35.1839,32.2586],[35.1838,32.2586],[35.1838,32.2586],[35.1838,32.2587],[35.1838,32.2587],[35.1838,32.2587],[35.1838,32.2587],[35.1838,32.2587],[35.1838,32.2587],[35.1838,32.2587],[35.1838,32.2587],[35.1837,32.2587],[35.1837,32.2587],[35.1837,32.2587],[35.1837,32.2587],[35.1837,32.2587],[35.1837,32.2587],[35.1837,32.2587],[35.1837,32.2587],[35.1837,32.2587],[35.1837,32.2587],[35.1837,32.2587],[35.1836,32.2587],[35.1836,32.2587],[35.1836,32.2587],[35.1836,32.2587],[35.1835,32.2587],[35.1835,32.2588],[35.1835,32.2588],[35.1834,32.2588],[35.1834,32.2588],[35.1834,32.2588],[35.1834,32.2588],[35.1833,32.2588],[35.1833,32.2588],[35.1833,32.2588],[35.1833,32.2588],[35.1833,32.2588],[35.1833,32.2588],[35.1833,32.2588],[35.1833,32.2588],[35.1832,32.2588],[35.1832,32.2588],[35.1832,32.2588],[35.1832,32.2589],[35.1832,32.2589],[35.1832,32.2589],[35.1832,32.2589],[35.1832,32.2589],[35.1832,32.2589],[35.1832,32.2589],[35.1831,32.2589],[35.1831,32.2589],[35.1831,32.2589],[35.1831,32.2589],[35.1831,32.2589],[35.1831,32.2589],[35.1831,32.2589],[35.1831,32.2589],[35.1831,32.2589],[35.1831,32.2589],[35.183,32.2589],[35.183,32.2589],[35.183,32.2589],[35.183,32.2589],[35.1829,32.2589],[35.1829,32.2589],[35.1829,32.2589],[35.1829,32.2589],[35.1829,32.2589],[35.1828,32.2589],[35.1828,32.2589],[35.1828,32.2589],[35.1828,32.2589],[35.1828,32.2589],[35.1828,32.2589],[35.1828,32.2589],[35.1828,32.259],[35.1827,32.259],[35.1827,32.259],[35.1827,32.259],[35.1827,32.259],[35.1827,32.259],[35.1826,32.259],[35.1826,32.259],[35.1826,32.259],[35.1826,32.259],[35.1826,32.259],[35.1825,32.259],[35.1825,32.259],[35.1825,32.259],[35.1825,32.259],[35.1825,32.259],[35.1825,32.259],[35.1825,32.259],[35.1824,32.259],[35.1824,32.259],[35.1824,32.259],[35.1824,32.259],[35.1824,32.259],[35.1824,32.259],[35.1824,32.259],[35.1824,32.259],[35.1824,32.259],[35.1823,32.259],[35.1823,32.259],[35.1823,32.259],[35.1822,32.259],[35.1822,32.259],[35.1822,32.259],[35.1822,32.259],[35.1821,32.259],[35.1821,32.259],[35.182,32.259],[35.1819,32.259],[35.1819,32.259],[35.1819,32.259],[35.1818,32.259],[35.1818,32.259],[35.1818,32.259],[35.1817,32.259],[35.1817,32.259],[35.1817,32.259],[35.1817,32.259],[35.1815,32.259],[35.1815,32.259],[35.1814,32.259],[35.1814,32.259],[35.1814,32.259],[35.1813,32.259],[35.1813,32.259],[35.1813,32.259],[35.1813,32.259],[35.1812,32.259],[35.1812,32.259],[35.1812,32.259],[35.1811,32.259],[35.1811,32.259],[35.1811,32.259],[35.1811,32.259],[35.1811,32.259],[35.1811,32.259],[35.181,32.259],[35.181,32.259],[35.181,32.259],[35.181,32.259],[35.181,32.259],[35.181,32.259],[35.181,32.259],[35.181,32.259],[35.1809,32.259],[35.1809,32.259],[35.1809,32.259],[35.1809,32.259],[35.1809,32.259],[35.1809,32.259],[35.1809,32.259],[35.1809,32.259],[35.1809,32.259],[35.1809,32.259],[35.1809,32.259],[35.1809,32.259],[35.1808,32.259],[35.1808,32.259],[35.1808,32.259],[35.1808,32.259],[35.1808,32.259],[35.1808,32.259],[35.1808,32.259],[35.1808,32.259],[35.1808,32.259],[35.1808,32.259],[35.1807,32.259],[35.1807,32.259],[35.1807,32.259],[35.1807,32.259],[35.1807,32.259],[35.1807,32.259],[35.1807,32.2591],[35.1807,32.2591],[35.1807,32.2591],[35.1807,32.2591],[35.1807,32.2591],[35.1807,32.2591],[35.1807,32.2591],[35.1806,32.2591],[35.1806,32.2591],[35.1806,32.2591],[35.1806,32.2591],[35.1806,32.2591],[35.1806,32.2591],[35.1806,32.2591],[35.1806,32.2592],[35.1806,32.2592],[35.1806,32.2592],[35.1806,32.2592],[35.1806,32.2592],[35.1806,32.2592],[35.1806,32.2592],[35.1805,32.2592],[35.1805,32.2592],[35.1805,32.2592],[35.1805,32.2592],[35.1805,32.2592],[35.1805,32.2592],[35.1805,32.2592],[35.1805,32.2593],[35.1805,32.2593],[35.1805,32.2593],[35.1805,32.2593],[35.1805,32.2593],[35.1805,32.2593],[35.1804,32.2595],[35.1804,32.2595],[35.1804,32.2595],[35.1804,32.2595],[35.1804,32.2596],[35.1803,32.2597],[35.1803,32.2597],[35.1803,32.2598],[35.1802,32.2599],[35.1802,32.26],[35.1802,32.26],[35.1802,32.26],[35.1802,32.26],[35.1802,32.2601],[35.1802,32.2602],[35.1802,32.2602],[35.1802,32.2602],[35.1802,32.2602],[35.1802,32.2602],[35.1802,32.2602],[35.1801,32.2602],[35.1801,32.2602],[35.1801,32.2602],[35.1801,32.2602],[35.1801,32.2602],[35.1801,32.2602],[35.1801,32.2603],[35.1801,32.2603],[35.1801,32.2603],[35.1801,32.2603],[35.1801,32.2603],[35.1801,32.2603],[35.1801,32.2603],[35.1801,32.2603],[35.18,32.2605],[35.18,32.2606],[35.18,32.2606],[35.18,32.2607],[35.1799,32.2607],[35.1799,32.2607],[35.1799,32.2608],[35.1799,32.2608],[35.1798,32.261],[35.1798,32.261],[35.1798,32.2611],[35.1798,32.2611],[35.1798,32.2612],[35.1798,32.2612],[35.1798,32.2612],[35.1798,32.2612],[35.1798,32.2612],[35.1798,32.2612],[35.1798,32.2612],[35.1798,32.2612],[35.1798,32.2613],[35.1798,32.2613],[35.1798,32.2613],[35.1798,32.2613],[35.1798,32.2613],[35.1798,32.2613],[35.1797,32.2613],[35.1797,32.2613],[35.1797,32.2613],[35.1797,32.2613],[35.1797,32.2613],[35.1797,32.2613],[35.1797,32.2614],[35.1798,32.2615],[35.1798,32.2616],[35.1798,32.2616],[35.1798,32.2616],[35.1798,32.2616],[35.1798,32.2616],[35.1798,32.2616],[35.1798,32.2617],[35.1798,32.2617],[35.1798,32.2617],[35.1798,32.2617],[35.1798,32.2617],[35.1798,32.2617],[35.1798,32.2617],[35.1798,32.2617],[35.1798,32.2617],[35.1798,32.2617],[35.1798,32.2617],[35.1798,32.2618],[35.1798,32.2618],[35.1798,32.2618],[35.1798,32.2618],[35.1798,32.2618],[35.1798,32.2618],[35.1798,32.2618],[35.1798,32.2618],[35.1798,32.2619],[35.1798,32.2619],[35.1799,32.2619],[35.1799,32.262],[35.1799,32.262],[35.1799,32.262],[35.1799,32.262],[35.1799,32.262],[35.18,32.2621],[35.18,32.2621],[35.18,32.2621],[35.18,32.2622],[35.18,32.2622],[35.18,32.2622],[35.1801,32.2623],[35.1801,32.2623],[35.1801,32.2623],[35.1801,32.2623],[35.1801,32.2623],[35.1801,32.2623],[35.1801,32.2623],[35.1801,32.2624],[35.1801,32.2624],[35.1801,32.2624],[35.1801,32.2624],[35.1801,32.2624],[35.1801,32.2624],[35.1801,32.2624],[35.1801,32.2624],[35.1801,32.2624],[35.1801,32.2624],[35.1801,32.2625],[35.1801,32.2625],[35.1801,32.2625],[35.1801,32.2625],[35.1801,32.2625],[35.1801,32.2625],[35.1801,32.2625],[35.1801,32.2625],[35.1801,32.2625],[35.1801,32.2625],[35.1801,32.2626],[35.1801,32.2626],[35.1801,32.2626],[35.1801,32.2626],[35.1801,32.2626],[35.1801,32.2626],[35.1801,32.2626],[35.1801,32.2626],[35.1801,32.2626],[35.1801,32.2626],[35.1801,32.2627],[35.1801,32.2627],[35.1801,32.2627],[35.1801,32.2627],[35.1801,32.2627],[35.1801,32.2627],[35.18,32.2627],[35.18,32.2627],[35.18,32.2627],[35.18,32.2627],[35.18,32.2627],[35.18,32.2628],[35.18,32.2628],[35.18,32.2628],[35.18,32.2628],[35.18,32.2628],[35.18,32.2628],[35.18,32.2628],[35.18,32.2628],[35.18,32.2628],[35.18,32.2628],[35.18,32.2629],[35.18,32.2629],[35.18,32.2629],[35.18,32.2629],[35.18,32.2629],[35.1799,32.2629],[35.1799,32.2629],[35.1799,32.2629],[35.1799,32.2629],[35.1799,32.2629],[35.1799,32.263],[35.1799,32.263],[35.1798,32.263],[35.1798,32.263],[35.1798,32.263],[35.1798,32.263],[35.1796,32.2632],[35.1796,32.2632],[35.1796,32.2632],[35.1795,32.2632],[35.1795,32.2633],[35.1795,32.2633],[35.1795,32.2633],[35.1795,32.2633],[35.1795,32.2633],[35.1795,32.2633],[35.1795,32.2633],[35.1795,32.2633],[35.1795,32.2633],[35.1795,32.2633],[35.1795,32.2633],[35.1795,32.2633],[35.1795,32.2633],[35.1794,32.2633],[35.1794,32.2633],[35.1794,32.2634],[35.1794,32.2634],[35.1794,32.2634],[35.1794,32.2634],[35.1794,32.2635],[35.1794,32.2635],[35.1793,32.2635],[35.1793,32.2636],[35.1793,32.2636],[35.1793,32.2636],[35.1793,32.2636],[35.1793,32.2636],[35.1793,32.2636],[35.1793,32.2636],[35.1793,32.2637],[35.1792,32.2637],[35.1792,32.2637],[35.1792,32.2637],[35.1792,32.2637],[35.1792,32.2637],[35.1792,32.2637],[35.1792,32.2638],[35.1792,32.2638],[35.1792,32.2638],[35.1792,32.2638],[35.1792,32.2638],[35.1792,32.2638],[35.1792,32.2638],[35.1791,32.2638],[35.1791,32.2638],[35.1791,32.2638],[35.1791,32.2638],[35.1791,32.2638],[35.1791,32.2639],[35.179,32.2639],[35.179,32.2639],[35.179,32.2639],[35.179,32.2639],[35.179,32.2639],[35.179,32.2639],[35.179,32.2639],[35.179,32.2639],[35.179,32.2639],[35.1789,32.2639],[35.1789,32.2639],[35.1789,32.2639],[35.1789,32.264],[35.1789,32.264],[35.1789,32.264],[35.1789,32.264],[35.1789,32.264],[35.1789,32.264],[35.1789,32.264],[35.1789,32.264],[35.1789,32.264],[35.1789,32.264],[35.1789,32.264],[35.1789,32.264],[35.1789,32.264],[35.1789,32.264],[35.1789,32.264],[35.1789,32.264],[35.1789,32.264],[35.1789,32.264],[35.1789,32.264],[35.1789,32.2641],[35.1789,32.2641],[35.1789,32.2641],[35.1789,32.2641],[35.1789,32.2641],[35.1789,32.2641],[35.1789,32.2641],[35.1789,32.2641],[35.1789,32.2641],[35.1789,32.2641],[35.1789,32.2641],[35.1789,32.2641],[35.1789,32.2641],[35.1789,32.2642],[35.1789,32.2642],[35.1789,32.2642],[35.1789,32.2642],[35.179,32.2642],[35.1791,32.2642],[35.1791,32.2642],[35.1791,32.2642],[35.1791,32.2642],[35.1791,32.2642],[35.1791,32.2642],[35.1791,32.2642],[35.1791,32.2642],[35.1791,32.2642],[35.1791,32.2642],[35.1792,32.2642],[35.1792,32.2642],[35.1792,32.2642],[35.1792,32.2642],[35.1792,32.2642],[35.1792,32.2642],[35.1792,32.2642],[35.1792,32.2642],[35.1792,32.2642],[35.1793,32.2642],[35.1793,32.2642],[35.1793,32.2642],[35.1793,32.2642],[35.1793,32.2642],[35.1793,32.2642],[35.1793,32.2642],[35.1793,32.2642],[35.1794,32.2642],[35.1794,32.2642],[35.1794,32.2642],[35.1794,32.2642],[35.1794,32.2642],[35.1794,32.2642],[35.1794,32.2642],[35.1794,32.2642],[35.1794,32.2642],[35.1794,32.2642],[35.1795,32.2642],[35.1795,32.2642],[35.1795,32.2642],[35.1795,32.2642],[35.1796,32.2642],[35.1796,32.2642],[35.1797,32.2642],[35.1797,32.2642],[35.1797,32.2642],[35.1797,32.2642],[35.1797,32.2642],[35.1798,32.2642],[35.1798,32.2642],[35.1798,32.2642],[35.1798,32.2642],[35.1798,32.2642],[35.1798,32.2642],[35.1798,32.2642],[35.1798,32.2642],[35.1798,32.2642],[35.1799,32.2642],[35.1799,32.2642],[35.1799,32.2642],[35.18,32.2642],[35.18,32.2642],[35.18,32.2643],[35.18,32.2643],[35.18,32.2643],[35.18,32.2643],[35.18,32.2644],[35.18,32.2644],[35.18,32.2644],[35.1802,32.2646],[35.1802,32.2647],[35.1802,32.2647],[35.1802,32.2647],[35.1802,32.2647],[35.1802,32.2647],[35.1802,32.2647],[35.1802,32.2647],[35.1802,32.2647],[35.1802,32.2647],[35.1802,32.2647],[35.1802,32.2647],[35.1803,32.2647],[35.1803,32.2648],[35.1803,32.2648],[35.1803,32.2648],[35.1803,32.2648],[35.1803,32.2649],[35.1803,32.2649],[35.1804,32.2649],[35.1804,32.2649],[35.1804,32.265],[35.1804,32.265],[35.1805,32.2652],[35.1806,32.2653],[35.1807,32.2655],[35.1807,32.2655],[35.1807,32.2655],[35.1807,32.2656],[35.1807,32.2656],[35.1807,32.2656],[35.1807,32.2656],[35.1808,32.2656],[35.1808,32.2656],[35.1808,32.2656],[35.1808,32.2656],[35.1808,32.2656],[35.1808,32.2656],[35.1808,32.2657],[35.1808,32.2657],[35.1808,32.2657],[35.1808,32.2657],[35.1808,32.2657],[35.1808,32.2657],[35.1808,32.2657],[35.1808,32.2657],[35.1808,32.2657],[35.1808,32.2657],[35.1808,32.2658],[35.1808,32.2658],[35.1808,32.2658],[35.1808,32.2658],[35.1808,32.2658],[35.1808,32.2658],[35.1808,32.2658],[35.1808,32.2658],[35.1808,32.2658],[35.1808,32.2659],[35.1808,32.2659],[35.1808,32.2659],[35.1808,32.2659],[35.1808,32.2659],[35.1808,32.2659],[35.1808,32.2659],[35.1808,32.2659],[35.1808,32.2659],[35.1808,32.2659],[35.1808,32.266],[35.1808,32.266],[35.1808,32.266],[35.1808,32.266],[35.1808,32.266],[35.1808,32.266],[35.1808,32.266],[35.1808,32.266],[35.1808,32.266],[35.1808,32.2661],[35.1808,32.2661],[35.1807,32.2661],[35.1807,32.2661],[35.1807,32.2661],[35.1807,32.2661],[35.1807,32.2661],[35.1806,32.2662],[35.1805,32.2662],[35.1805,32.2663],[35.1805,32.2663],[35.1804,32.2664],[35.1804,32.2664],[35.1804,32.2665],[35.1804,32.2665],[35.1803,32.2665],[35.1803,32.2665],[35.1803,32.2665],[35.1803,32.2666],[35.1803,32.2666],[35.1803,32.2666],[35.1803,32.2666],[35.1803,32.2666],[35.1803,32.2666],[35.1803,32.2666],[35.1802,32.2666],[35.1802,32.2666],[35.1802,32.2666],[35.1802,32.2666],[35.1802,32.2666],[35.1802,32.2666],[35.1802,32.2666],[35.1802,32.2666],[35.1802,32.2667],[35.1802,32.2667],[35.1802,32.2667],[35.1802,32.2667],[35.1802,32.2667],[35.1802,32.2667],[35.1802,32.2667],[35.1802,32.2667],[35.1802,32.2667],[35.1802,32.2667],[35.1802,32.2667],[35.1802,32.2667],[35.1802,32.2667],[35.1802,32.2667],[35.1802,32.2667],[35.1802,32.2667],[35.1802,32.2667],[35.1803,32.2668],[35.1803,32.2668],[35.1803,32.2668],[35.1803,32.2668],[35.1803,32.2668],[35.1803,32.2668],[35.1804,32.2669],[35.1804,32.2669],[35.1804,32.2669],[35.1804,32.2669],[35.1804,32.2669],[35.1804,32.267],[35.1805,32.267],[35.1805,32.267],[35.1805,32.267],[35.1805,32.267],[35.1805,32.2671],[35.1806,32.2671],[35.1806,32.2671],[35.1806,32.2671],[35.1806,32.2672],[35.1806,32.2672],[35.1806,32.2672],[35.1806,32.2672],[35.1807,32.2672],[35.1807,32.2672],[35.1807,32.2672],[35.1807,32.2672],[35.1807,32.2672],[35.1807,32.2672],[35.1807,32.2672],[35.1807,32.2672],[35.1807,32.2672],[35.1807,32.2672],[35.1807,32.2672],[35.1807,32.2672],[35.1807,32.2672],[35.1807,32.2672],[35.1807,32.2672],[35.1807,32.2672],[35.1807,32.2672],[35.1808,32.2672],[35.1808,32.2672],[35.1808,32.2672],[35.1808,32.2672],[35.1808,32.2672],[35.1808,32.2672],[35.1808,32.2672],[35.1809,32.2672],[35.1809,32.2672],[35.1809,32.2672],[35.181,32.2672],[35.181,32.2672],[35.181,32.2672],[35.181,32.2672],[35.181,32.2672],[35.181,32.2671],[35.181,32.2671],[35.181,32.2671],[35.1811,32.2671],[35.1811,32.2671],[35.1811,32.2671],[35.1811,32.2671],[35.1811,32.2671],[35.1811,32.2672],[35.1812,32.2672],[35.1812,32.2672],[35.1813,32.2672],[35.1814,32.2672],[35.1814,32.2672],[35.1814,32.2672],[35.1814,32.2672],[35.1814,32.2672],[35.1814,32.2672],[35.1814,32.2672],[35.1814,32.2672],[35.1815,32.2672],[35.1815,32.2672],[35.1815,32.2672],[35.1815,32.2672],[35.1815,32.2672],[35.1815,32.2672],[35.1815,32.2672],[35.1816,32.2672],[35.1816,32.2672],[35.1816,32.2672],[35.1816,32.2672],[35.1816,32.2673],[35.1816,32.2673],[35.1816,32.2673],[35.1816,32.2673],[35.1816,32.2673],[35.1816,32.2673],[35.1817,32.2673],[35.1817,32.2673],[35.1817,32.2673],[35.1817,32.2673],[35.1817,32.2673],[35.1817,32.2674],[35.1817,32.2674],[35.1817,32.2674],[35.1817,32.2674],[35.1817,32.2674],[35.1817,32.2674],[35.1817,32.2675],[35.1817,32.2675],[35.1817,32.2675],[35.1817,32.2675],[35.1818,32.2675],[35.1818,32.2676],[35.1818,32.2676],[35.1818,32.2676],[35.1818,32.2676],[35.1818,32.2676],[35.1818,32.2676],[35.1818,32.2676],[35.1818,32.2676],[35.1818,32.2676],[35.1818,32.2676],[35.1818,32.2676],[35.1818,32.2676],[35.1818,32.2676],[35.1818,32.2677],[35.1818,32.2677],[35.1818,32.2677],[35.1818,32.2677],[35.1818,32.2677],[35.1818,32.2677],[35.1818,32.2677],[35.1818,32.2677],[35.1818,32.2677],[35.1819,32.2677],[35.1819,32.2677],[35.1819,32.2677],[35.1819,32.2677],[35.1819,32.2677],[35.1819,32.2677],[35.1819,32.2678],[35.1819,32.2678],[35.1819,32.2678],[35.1819,32.2678],[35.1819,32.2678],[35.1819,32.2678],[35.1819,32.2678],[35.1819,32.2678],[35.1819,32.2678],[35.1819,32.2678],[35.1819,32.2678],[35.1819,32.2678],[35.1819,32.2679],[35.182,32.2679],[35.182,32.2679],[35.182,32.268],[35.182,32.268],[35.182,32.268],[35.182,32.268],[35.182,32.268],[35.182,32.268],[35.1821,32.268],[35.1821,32.268],[35.1821,32.268],[35.1821,32.268],[35.1821,32.268],[35.1821,32.268],[35.1821,32.268],[35.1821,32.268],[35.1821,32.2681],[35.1821,32.2681],[35.1821,32.2681],[35.1821,32.2681],[35.1821,32.2681],[35.1822,32.2681],[35.1822,32.2681],[35.1822,32.2681],[35.1822,32.2681],[35.1822,32.2681],[35.1822,32.2681],[35.1822,32.2681],[35.1822,32.2681],[35.1822,32.2681],[35.1823,32.2681],[35.1823,32.2681],[35.1825,32.2681],[35.1826,32.2681],[35.1826,32.2681],[35.1827,32.2681],[35.1827,32.2682],[35.1827,32.2682],[35.1827,32.2682],[35.1828,32.2682],[35.1828,32.2682],[35.1828,32.2682],[35.1828,32.2682],[35.1828,32.2682],[35.1828,32.2682],[35.1828,32.2682],[35.1828,32.2682],[35.1828,32.2682],[35.1828,32.2682],[35.1828,32.2682],[35.1829,32.2682],[35.1829,32.2682],[35.1829,32.2682],[35.1829,32.2682],[35.1829,32.2682],[35.1829,32.2682],[35.1829,32.2682],[35.1829,32.2682],[35.1829,32.2682],[35.183,32.2682],[35.183,32.2682],[35.183,32.2682],[35.183,32.2682],[35.183,32.2682],[35.183,32.2682],[35.183,32.2682],[35.1831,32.2682],[35.1831,32.2682],[35.1832,32.2683],[35.1832,32.2683],[35.1833,32.2683],[35.1833,32.2683],[35.1834,32.2683],[35.1834,32.2683],[35.1835,32.2683],[35.1835,32.2684],[35.1836,32.2684],[35.1837,32.2684],[35.1837,32.2684],[35.1837,32.2684],[35.1837,32.2684],[35.1838,32.2684],[35.1838,32.2684],[35.184,32.2685],[35.1842,32.2685],[35.1842,32.2685],[35.1842,32.2685],[35.1843,32.2686],[35.1843,32.2686],[35.1843,32.2686],[35.1843,32.2686],[35.1843,32.2686],[35.1843,32.2686],[35.1843,32.2686],[35.1844,32.2686],[35.1844,32.2686],[35.1844,32.2686],[35.1844,32.2686],[35.1844,32.2686],[35.1844,32.2686],[35.1844,32.2686],[35.1844,32.2686],[35.1844,32.2686],[35.1844,32.2686],[35.1844,32.2686],[35.1845,32.2686],[35.1845,32.2686],[35.1845,32.2686],[35.1845,32.2686],[35.1845,32.2686],[35.1845,32.2686],[35.1845,32.2686],[35.1845,32.2686],[35.1845,32.2687],[35.1845,32.2687],[35.1846,32.2687],[35.1846,32.2687],[35.1846,32.2687],[35.1846,32.2687],[35.1846,32.2687],[35.1846,32.2687],[35.1846,32.2687],[35.1846,32.2687],[35.1846,32.2687],[35.1847,32.2687],[35.1847,32.2687],[35.1847,32.2687],[35.1847,32.2687],[35.1847,32.2687],[35.1847,32.2687],[35.1847,32.2687],[35.1848,32.2687],[35.1848,32.2687],[35.1848,32.2687],[35.1848,32.2687],[35.1848,32.2687],[35.1848,32.2687],[35.1848,32.2687],[35.1848,32.2687],[35.1848,32.2687],[35.1848,32.2687],[35.1849,32.2687],[35.185,32.2687],[35.1852,32.2687],[35.1852,32.2687],[35.1854,32.2687],[35.1854,32.2687],[35.1855,32.2687],[35.1855,32.2687],[35.1855,32.2687],[35.1856,32.2687],[35.1856,32.2687],[35.1856,32.2687],[35.1857,32.2687],[35.1857,32.2687],[35.1858,32.2687],[35.1859,32.2687],[35.1859,32.2687],[35.186,32.2687],[35.186,32.2686],[35.1862,32.2686],[35.1864,32.2686],[35.1867,32.2686],[35.1867,32.2686],[35.1868,32.2686],[35.1868,32.2686],[35.1868,32.2686],[35.1868,32.2686],[35.1868,32.2686],[35.1868,32.2686],[35.1868,32.2686],[35.1868,32.2686],[35.1869,32.2686],[35.1869,32.2686],[35.1869,32.2686],[35.1869,32.2686],[35.1869,32.2686],[35.1869,32.2686],[35.1869,32.2686],[35.1869,32.2686],[35.187,32.2686],[35.187,32.2686],[35.187,32.2686],[35.187,32.2686],[35.187,32.2686],[35.187,32.2686],[35.187,32.2686],[35.187,32.2686],[35.187,32.2686],[35.187,32.2686],[35.1871,32.2686],[35.1871,32.2686],[35.1871,32.2686],[35.1871,32.2686],[35.1871,32.2686],[35.1871,32.2686],[35.1871,32.2686],[35.1871,32.2686],[35.1871,32.2686],[35.1871,32.2686],[35.1871,32.2686],[35.1872,32.2686],[35.1872,32.2686],[35.1872,32.2686],[35.1872,32.2686],[35.1872,32.2686],[35.1872,32.2686],[35.1872,32.2685],[35.1872,32.2685],[35.1872,32.2685],[35.1872,32.2685],[35.1872,32.2685],[35.1872,32.2685],[35.1872,32.2685],[35.1873,32.2685],[35.1873,32.2685],[35.1873,32.2685],[35.1873,32.2685],[35.1873,32.2685],[35.1873,32.2685],[35.1873,32.2685],[35.1873,32.2685],[35.1873,32.2685],[35.1873,32.2685],[35.1874,32.2685],[35.1874,32.2685],[35.1874,32.2685],[35.1874,32.2685],[35.1874,32.2685],[35.1874,32.2685],[35.1874,32.2685],[35.1874,32.2684],[35.1874,32.2684],[35.1874,32.2684],[35.1874,32.2684],[35.1875,32.2684],[35.1875,32.2684],[35.1875,32.2684],[35.1875,32.2684],[35.1875,32.2684],[35.1875,32.2684],[35.1875,32.2684],[35.1875,32.2684],[35.1875,32.2684],[35.1875,32.2684],[35.1875,32.2684],[35.1876,32.2683],[35.1876,32.2683],[35.1876,32.2683],[35.1876,32.2683],[35.1876,32.2683],[35.1876,32.2683],[35.1876,32.2683],[35.1877,32.2683],[35.1877,32.2682],[35.1877,32.2682],[35.1877,32.2682],[35.1877,32.2682],[35.1877,32.2682],[35.1877,32.2682],[35.1877,32.2682],[35.1877,32.2682],[35.1877,32.2682],[35.1877,32.2682],[35.1877,32.2682],[35.1877,32.2682],[35.1877,32.2681],[35.1878,32.2681],[35.1878,32.2681],[35.1878,32.2681],[35.1878,32.2681],[35.1878,32.2681],[35.1878,32.2681],[35.1878,32.2681],[35.1878,32.2681],[35.1878,32.2681],[35.1878,32.2681],[35.1878,32.2681],[35.1878,32.268],[35.1878,32.268],[35.1878,32.268],[35.1878,32.268],[35.1879,32.268],[35.1879,32.2679],[35.1879,32.2679],[35.1879,32.2679],[35.1879,32.2679],[35.1879,32.2679],[35.1879,32.2679],[35.1879,32.2679],[35.1879,32.2676],[35.188,32.2674],[35.1881,32.2673],[35.1881,32.2671],[35.1881,32.2669],[35.188,32.2668],[35.188,32.2665],[35.1881,32.2664],[35.1882,32.2662],[35.1883,32.2661],[35.1883,32.2659],[35.1883,32.2657],[35.1884,32.2656],[35.1884,32.2654],[35.1883,32.2653],[35.1883,32.2652]]],[[[35.1875,32.2609],[35.1874,32.2609],[35.1874,32.2614],[35.1874,32.262],[35.1875,32.2629],[35.1875,32.2628],[35.1875,32.2628],[35.1875,32.2628],[35.1875,32.2628],[35.1875,32.2628],[35.1875,32.2628],[35.1875,32.2628],[35.1875,32.2627],[35.1875,32.2627],[35.1875,32.2627],[35.1875,32.2626],[35.1875,32.2624],[35.1875,32.2624],[35.1875,32.2624],[35.1875,32.2624],[35.1875,32.2623],[35.1875,32.2623],[35.1875,32.2622],[35.1875,32.2622],[35.1875,32.2621],[35.1875,32.2621],[35.1875,32.2621],[35.1875,32.2621],[35.1875,32.2621],[35.1875,32.262],[35.1875,32.262],[35.1875,32.262],[35.1875,32.262],[35.1875,32.262],[35.1875,32.262],[35.1875,32.262],[35.1875,32.2619],[35.1875,32.2619],[35.1875,32.2617],[35.1875,32.2617],[35.1875,32.2615],[35.1875,32.2614],[35.1875,32.2614],[35.1875,32.2614],[35.1875,32.2612],[35.1875,32.261],[35.1875,32.2609]]]]}},{"type":"Feature","properties":{"name":"מטווח עבור מג\"ב בית חורון","remarks":""},"geometry":{"type":"MultiPolygon","coordinates":[[[[35.1373,31.8708],[35.1369,31.8714],[35.1372,31.8724],[35.1394,31.8726],[35.1408,31.8728],[35.1417,31.873],[35.1414,31.8713],[35.1373,31.8708]]]]}},{"type":"Feature","properties":{"name":"אטימת שני מבנים נטושים בסמו","remarks":""},"geometry":{"type":"MultiPolygon","coordinates":[[[[35.2207,31.9367],[35.2208,31.9368],[35.2209,31.9367],[35.2207,31.9366],[35.2207,31.9367]]]]}},{"type":"Feature","properties":{"name":"שב\"מ כדים","remarks":""},"geometry":{"type":"MultiPolygon","coordinates":[[[[35.3131,32.4498],[35.3131,32.45],[35.3131,32.4501],[35.3132,32.4501],[35.3132,32.4502],[35.3133,32.4503],[35.3134,32.4504],[35.3135,32.4504],[35.3136,32.4505],[35.3138,32.4505],[35.3138,32.4506],[35.3138,32.4506],[35.3138,32.4506],[35.3138,32.4506],[35.3139,32.4506],[35.3139,32.4506],[35.3139,32.4506],[35.3139,32.4506],[35.3139,32.4506],[35.314,32.4506],[35.314,32.4506],[35.314,32.4506],[35.314,32.4506],[35.314,32.4506],[35.314,32.4506],[35.314,32.4507],[35.314,32.4507],[35.314,32.4507],[35.314,32.4507],[35.314,32.4507],[35.3141,32.4508],[35.3141,32.4508],[35.3141,32.4508],[35.3141,32.4508],[35.3145,32.4518],[35.3145,32.4519],[35.3146,32.4519],[35.3147,32.452],[35.3148,32.452],[35.3148,32.452],[35.3149,32.452],[35.315,32.452],[35.3151,32.452],[35.3151,32.452],[35.3152,32.452],[35.3153,32.4519],[35.3153,32.4518],[35.3155,32.4516],[35.3155,32.4516],[35.3156,32.4514],[35.3156,32.4514],[35.3156,32.4514],[35.3156,32.4514],[35.3156,32.4514],[35.3158,32.4513],[35.3158,32.4513],[35.3158,32.4513],[35.3158,32.4513],[35.3159,32.4511],[35.3159,32.4511],[35.3159,32.4511],[35.3161,32.451],[35.3161,32.451],[35.3161,32.451],[35.3161,32.451],[35.3161,32.451],[35.3162,32.4509],[35.3163,32.4509],[35.3163,32.4509],[35.3163,32.4509],[35.3163,32.4509],[35.3163,32.4509],[35.3164,32.4509],[35.3164,32.4509],[35.3164,32.4509],[35.3164,32.4509],[35.3164,32.4509],[35.3164,32.4509],[35.3164,32.4509],[35.3164,32.4509],[35.3164,32.4509],[35.3166,32.4509],[35.3166,32.4509],[35.3166,32.4509],[35.3166,32.4509],[35.3174,32.4512],[35.3175,32.4512],[35.3176,32.4512],[35.3177,32.4512],[35.3179,32.4512],[35.3181,32.4511],[35.3182,32.451],[35.3182,32.451],[35.3184,32.4509],[35.3184,32.4509],[35.3184,32.4509],[35.3184,32.4509],[35.3184,32.4509],[35.3184,32.4509],[35.3187,32.4508],[35.3187,32.4508],[35.3187,32.4508],[35.3187,32.4508],[35.3188,32.4508],[35.3189,32.4508],[35.3189,32.4508],[35.3189,32.4508],[35.3189,32.4508],[35.3189,32.4508],[35.3189,32.4508],[35.319,32.4508],[35.319,32.4508],[35.319,32.4508],[35.3191,32.4508],[35.3191,32.4508],[35.3191,32.4508],[35.3191,32.4508],[35.3191,32.4508],[35.3191,32.4508],[35.3192,32.4509],[35.3192,32.4509],[35.3192,32.4509],[35.3192,32.4509],[35.3192,32.4509],[35.3193,32.4509],[35.3192,32.4507],[35.3191,32.4506],[35.319,32.4505],[35.3187,32.4506],[35.3185,32.4507],[35.3183,32.4508],[35.3181,32.4509],[35.3179,32.4509],[35.3178,32.4509],[35.3176,32.4507],[35.3173,32.4504],[35.3171,32.4503],[35.3168,32.4503],[35.3165,32.4503],[35.316,32.4503],[35.3157,32.4503],[35.3156,32.4501],[35.3154,32.4493],[35.3154,32.4491],[35.3159,32.4485],[35.316,32.4484],[35.316,32.4481],[35.316,32.4479],[35.3159,32.4478],[35.316,32.4477],[35.317,32.4479],[35.3178,32.4482],[35.3185,32.4481],[35.3194,32.4481],[35.3199,32.4479],[35.3205,32.4477],[35.3211,32.4476],[35.3214,32.4477],[35.3216,32.4479],[35.3216,32.4483],[35.3216,32.4484],[35.3213,32.4486],[35.3212,32.4487],[35.321,32.4497],[35.321,32.4501],[35.3212,32.4503],[35.3213,32.4505],[35.3211,32.4509],[35.3211,32.4509],[35.3211,32.4509],[35.3211,32.4509],[35.3211,32.4509],[35.3211,32.4509],[35.3211,32.4509],[35.3211,32.4509],[35.3211,32.4509],[35.3212,32.4509],[35.3213,32.4508],[35.3214,32.4506],[35.3217,32.4503],[35.3217,32.4503],[35.3217,32.4503],[35.322,32.45],[35.322,32.45],[35.3222,32.4498],[35.3224,32.4495],[35.3227,32.449],[35.3227,32.449],[35.3227,32.449],[35.3228,32.4489],[35.3228,32.4489],[35.3228,32.4489],[35.3229,32.4487],[35.3229,32.4487],[35.3229,32.4487],[35.3229,32.4487],[35.323,32.4486],[35.3231,32.4485],[35.3232,32.4484],[35.3232,32.4483],[35.3233,32.4482],[35.3233,32.448],[35.3234,32.4476],[35.3235,32.4474],[35.3235,32.4472],[35.3235,32.4472],[35.3235,32.4471],[35.3235,32.447],[35.3234,32.4469],[35.3232,32.4466],[35.3229,32.4462],[35.3229,32.4462],[35.3228,32.4461],[35.3228,32.4461],[35.3227,32.4461],[35.3227,32.4461],[35.3227,32.4461],[35.3226,32.4461],[35.3226,32.4462],[35.3222,32.4464],[35.3222,32.4464],[35.3222,32.4464],[35.3222,32.4464],[35.3221,32.4464],[35.3221,32.4464],[35.3221,32.4464],[35.322,32.4465],[35.322,32.4465],[35.322,32.4465],[35.322,32.4465],[35.322,32.4465],[35.3219,32.4465],[35.3219,32.4465],[35.3219,32.4465],[35.3219,32.4465],[35.3218,32.4465],[35.3217,32.4465],[35.3217,32.4465],[35.3216,32.4465],[35.3211,32.4465],[35.321,32.4465],[35.3209,32.4466],[35.3207,32.4467],[35.3204,32.4468],[35.3204,32.4468],[35.3204,32.4468],[35.32,32.447],[35.32,32.447],[35.32,32.447],[35.3198,32.4471],[35.3198,32.4471],[35.3198,32.4471],[35.3198,32.4471],[35.3197,32.4471],[35.3197,32.4471],[35.3195,32.4472],[35.3195,32.4472],[35.3195,32.4472],[35.3195,32.4472],[35.3195,32.4472],[35.3194,32.4472],[35.3194,32.4472],[35.3194,32.4472],[35.3194,32.4472],[35.3192,32.4472],[35.3192,32.4472],[35.319,32.4472],[35.3189,32.4472],[35.3189,32.4472],[35.3184,32.4471],[35.3176,32.4471],[35.3175,32.4471],[35.3174,32.4471],[35.3172,32.4472],[35.3165,32.4474],[35.3157,32.4477],[35.3157,32.4477],[35.3155,32.4478],[35.3155,32.4478],[35.3155,32.4478],[35.3155,32.4478],[35.3153,32.4478],[35.3153,32.4478],[35.3147,32.448],[35.3145,32.448],[35.3143,32.4481],[35.3142,32.4482],[35.3141,32.4483],[35.3134,32.4491],[35.3133,32.4492],[35.3132,32.4493],[35.3132,32.4494],[35.3131,32.4498]]],[[[35.3203,32.454],[35.3202,32.454],[35.32,32.454],[35.3199,32.4539],[35.3198,32.4536],[35.3197,32.4531],[35.3197,32.4531],[35.3197,32.4534],[35.3197,32.4535],[35.3197,32.4537],[35.3198,32.454],[35.3198,32.454],[35.3198,32.4541],[35.3199,32.4541],[35.3199,32.4541],[35.3199,32.4541],[35.32,32.4541],[35.3201,32.4541],[35.3202,32.4541],[35.3203,32.454],[35.3203,32.454]]],[[[35.3206,32.4537],[35.3207,32.4535],[35.3207,32.4534],[35.3207,32.4534],[35.3207,32.4532],[35.3207,32.4531],[35.3207,32.4532],[35.3206,32.4536],[35.3206,32.4537]]],[[[35.3198,32.4525],[35.3198,32.4525],[35.3199,32.4522],[35.3199,32.4521],[35.3199,32.4521],[35.3199,32.4521],[35.3199,32.4521],[35.3199,32.4521],[35.3199,32.4521],[35.3199,32.4521],[35.3199,32.4521],[35.3199,32.4521],[35.3199,32.4521],[35.3199,32.4521],[35.3199,32.4521],[35.3199,32.4522],[35.3199,32.4522],[35.3199,32.4522],[35.3199,32.4522],[35.3199,32.4522],[35.3199,32.4522],[35.3199,32.4522],[35.3199,32.4522],[35.3199,32.4522],[35.3198,32.4523],[35.3198,32.4524],[35.3198,32.4525],[35.3198,32.4525],[35.3198,32.4525]]]]}},{"type":"Feature","properties":{"name":"אלון מורה","remarks":""},"geometry":{"type":"MultiPolygon","coordinates":[[[[35.3296,32.2419],[35.3299,32.2419],[35.3301,32.2419],[35.3303,32.2419],[35.3304,32.2418],[35.33,32.2415],[35.3297,32.2413],[35.3294,32.2411],[35.3293,32.2409],[35.3293,32.2408],[35.3292,32.2405],[35.3292,32.2402],[35.329,32.2398],[35.3289,32.2396],[35.3289,32.2395],[35.3288,32.2395],[35.3286,32.2393],[35.3284,32.2391],[35.3284,32.239],[35.3283,32.2388],[35.3283,32.2384],[35.3282,32.2381],[35.3283,32.2378],[35.3283,32.2375],[35.3284,32.2372],[35.3286,32.2368],[35.3287,32.2366],[35.3287,32.2364],[35.3287,32.2362],[35.3287,32.2359],[35.3286,32.2356],[35.3283,32.2352],[35.3282,32.2347],[35.3282,32.2343],[35.328,32.2341],[35.3279,32.2338],[35.3279,32.2335],[35.3278,32.2333],[35.3278,32.2333],[35.3277,32.2332],[35.3276,32.2331],[35.327,32.2328],[35.3269,32.2326],[35.3268,32.2324],[35.3267,32.2322],[35.3268,32.2318],[35.3268,32.2316],[35.3269,32.2311],[35.3269,32.231],[35.3268,32.2308],[35.3269,32.2305],[35.3272,32.2299],[35.3274,32.2297],[35.3274,32.2297],[35.3275,32.2296],[35.3275,32.2296],[35.3275,32.2295],[35.3275,32.2294],[35.3274,32.2294],[35.3232,32.2317],[35.3224,32.2322],[35.3219,32.2326],[35.3207,32.234],[35.3198,32.2352],[35.3192,32.2354],[35.318,32.236],[35.3182,32.237],[35.3184,32.2374],[35.3185,32.2377],[35.3187,32.2382],[35.3188,32.2384],[35.3189,32.2384],[35.319,32.2385],[35.3191,32.2385],[35.3194,32.2386],[35.3196,32.2386],[35.3197,32.2386],[35.3197,32.2387],[35.3197,32.2388],[35.3197,32.2389],[35.3196,32.239],[35.3194,32.2393],[35.3194,32.2393],[35.3194,32.2394],[35.3196,32.2396],[35.3198,32.2398],[35.32,32.2401],[35.3201,32.2401],[35.3201,32.2402],[35.3201,32.2404],[35.3202,32.2407],[35.3202,32.2409],[35.3202,32.241],[35.3203,32.2413],[35.3204,32.2413],[35.3204,32.2414],[35.3205,32.2414],[35.3206,32.2415],[35.3207,32.2415],[35.3207,32.2416],[35.3207,32.2418],[35.3209,32.242],[35.321,32.2423],[35.3263,32.2412],[35.3266,32.2412],[35.3268,32.2412],[35.3271,32.2412],[35.3274,32.2412],[35.3278,32.2413],[35.3281,32.2414],[35.3285,32.2415],[35.3289,32.2417],[35.3292,32.2418],[35.3294,32.2419],[35.3296,32.2419]]]]}},{"type":"Feature","properties":{"name":"מרכיבי בטחון חומש","remarks":""},"geometry":{"type":"MultiPolygon","coordinates":[[[[35.1953,32.3086],[35.1952,32.3085],[35.1952,32.3085],[35.1951,32.3085],[35.195,32.3084],[35.195,32.3084],[35.195,32.3084],[35.195,32.3083],[35.1949,32.3082],[35.1949,32.3082],[35.1949,32.3082],[35.1949,32.3082],[35.1949,32.3081],[35.1949,32.3079],[35.1948,32.3076],[35.1948,32.3073],[35.1946,32.3071],[35.1946,32.3071],[35.1946,32.3071],[35.1944,32.3068],[35.1942,32.3066],[35.194,32.3065],[35.1938,32.3064],[35.1937,32.3064],[35.1937,32.3064],[35.1937,32.3064],[35.1936,32.3063],[35.1936,32.3063],[35.1936,32.3063],[35.1936,32.3063],[35.1934,32.306],[35.1932,32.3057],[35.193,32.3056],[35.193,32.3056],[35.193,32.3056],[35.1926,32.3054],[35.1925,32.3054],[35.192,32.3054],[35.1913,32.3054],[35.1906,32.3055],[35.1906,32.3055],[35.1906,32.3055],[35.1902,32.3056],[35.1899,32.3056],[35.1898,32.3056],[35.1898,32.3056],[35.1898,32.3056],[35.1894,32.3056],[35.1894,32.3056],[35.1894,32.3056],[35.1888,32.3055],[35.1888,32.3055],[35.1888,32.3055],[35.1883,32.3054],[35.1879,32.3054],[35.1875,32.3053],[35.1875,32.3053],[35.1875,32.3053],[35.1874,32.3053],[35.187,32.3054],[35.1865,32.3057],[35.1864,32.3058],[35.1863,32.3061],[35.1863,32.3062],[35.1864,32.3063],[35.1864,32.3064],[35.1864,32.3064],[35.1864,32.3064],[35.1864,32.3064],[35.1864,32.3066],[35.1864,32.3067],[35.1864,32.3067],[35.1863,32.3068],[35.1863,32.3068],[35.1863,32.3068],[35.1861,32.3069],[35.186,32.3071],[35.1859,32.3074],[35.1859,32.3074],[35.1859,32.3074],[35.1858,32.3077],[35.1857,32.308],[35.1858,32.3083],[35.1858,32.3085],[35.1858,32.3085],[35.1858,32.3085],[35.1859,32.3087],[35.1859,32.3087],[35.1859,32.3087],[35.1859,32.3089],[35.1859,32.3089],[35.1859,32.3089],[35.1859,32.3092],[35.1859,32.3092],[35.1858,32.3094],[35.1859,32.3095],[35.1859,32.3097],[35.1861,32.3099],[35.1864,32.3103],[35.1868,32.3106],[35.1873,32.311],[35.1875,32.3111],[35.1878,32.3111],[35.188,32.3111],[35.1883,32.311],[35.1885,32.3109],[35.1885,32.3109],[35.1885,32.3109],[35.1888,32.3107],[35.1888,32.3107],[35.1889,32.3107],[35.1891,32.3106],[35.1891,32.3106],[35.1891,32.3106],[35.1893,32.3106],[35.1893,32.3106],[35.1894,32.3106],[35.1894,32.3106],[35.1894,32.3107],[35.1894,32.3107],[35.1894,32.3107],[35.1894,32.3107],[35.1893,32.3109],[35.1892,32.3111],[35.1892,32.3112],[35.1892,32.3113],[35.1892,32.3113],[35.1893,32.3114],[35.1895,32.3115],[35.1895,32.3115],[35.1895,32.3115],[35.1895,32.3115],[35.1896,32.3116],[35.1897,32.3116],[35.1897,32.3116],[35.1897,32.3116],[35.1898,32.3117],[35.1898,32.3117],[35.1898,32.3117],[35.1898,32.3118],[35.1898,32.3119],[35.1898,32.312],[35.1898,32.312],[35.1899,32.3121],[35.1899,32.3122],[35.1904,32.3123],[35.1904,32.3123],[35.1904,32.3123],[35.1911,32.3127],[35.1914,32.3127],[35.1916,32.3126],[35.1917,32.3124],[35.1918,32.3121],[35.1918,32.3121],[35.1918,32.312],[35.1919,32.3119],[35.1919,32.3119],[35.192,32.3119],[35.192,32.3119],[35.1922,32.3119],[35.1922,32.3119],[35.1923,32.3119],[35.1925,32.3119],[35.1925,32.3119],[35.1925,32.3119],[35.1925,32.3119],[35.1925,32.312],[35.1925,32.312],[35.1925,32.312],[35.1926,32.312],[35.1926,32.3121],[35.1926,32.3123],[35.1927,32.3126],[35.1927,32.3128],[35.1929,32.3129],[35.1933,32.3131],[35.1935,32.3132],[35.1937,32.3132],[35.1941,32.313],[35.1943,32.3129],[35.1943,32.3129],[35.1943,32.3129],[35.1945,32.3129],[35.1945,32.3129],[35.1945,32.3129],[35.1945,32.3129],[35.1945,32.3129],[35.1947,32.3129],[35.1947,32.3129],[35.1947,32.3129],[35.1949,32.313],[35.1951,32.3131],[35.1953,32.3131],[35.1958,32.313],[35.1961,32.3128],[35.1961,32.3128],[35.1961,32.3128],[35.1961,32.3128],[35.1964,32.3128],[35.1964,32.3128],[35.1964,32.3128],[35.1967,32.3129],[35.1967,32.3129],[35.1967,32.3129],[35.1968,32.3129],[35.1968,32.3129],[35.1968,32.3129],[35.1968,32.3129],[35.1969,32.3129],[35.1969,32.313],[35.1969,32.3131],[35.1969,32.3131],[35.1969,32.3131],[35.1968,32.3132],[35.1968,32.3132],[35.1968,32.3132],[35.1968,32.3132],[35.1968,32.3134],[35.1968,32.3135],[35.197,32.3137],[35.1975,32.3139],[35.1979,32.314],[35.1983,32.3139],[35.1988,32.3137],[35.1988,32.3137],[35.1988,32.3137],[35.1988,32.3137],[35.1988,32.3137],[35.1991,32.3138],[35.1992,32.3138],[35.1993,32.3137],[35.1993,32.3137],[35.1993,32.3137],[35.1995,32.3136],[35.1995,32.3136],[35.1995,32.3136],[35.1997,32.3135],[35.1997,32.3135],[35.1997,32.3135],[35.2001,32.3133],[35.2001,32.3133],[35.2001,32.3133],[35.2004,32.3132],[35.2006,32.3131],[35.2007,32.313],[35.2007,32.3129],[35.2007,32.3127],[35.2007,32.3127],[35.2007,32.3127],[35.2006,32.3126],[35.2006,32.3126],[35.2007,32.3126],[35.2007,32.3126],[35.2007,32.3126],[35.2007,32.3125],[35.2007,32.3125],[35.2007,32.3125],[35.2009,32.3123],[35.201,32.3123],[35.201,32.3123],[35.2012,32.3122],[35.2013,32.3122],[35.2013,32.3122],[35.2016,32.3122],[35.2017,32.3122],[35.2017,32.3122],[35.2016,32.3121],[35.2012,32.3117],[35.2003,32.3113],[35.1993,32.3109],[35.1993,32.3109],[35.1992,32.3109],[35.1984,32.3105],[35.1984,32.3105],[35.1984,32.3105],[35.1975,32.31],[35.1965,32.3095],[35.1965,32.3095],[35.1962,32.3093],[35.1962,32.3093],[35.1962,32.3093],[35.1959,32.309],[35.1959,32.309],[35.1959,32.309],[35.1957,32.3088],[35.1955,32.3086],[35.1953,32.3086]],[[35.1902,32.312],[35.19,32.3119],[35.1898,32.3115],[35.1893,32.3112],[35.1893,32.311],[35.1895,32.3108],[35.1896,32.3108],[35.1897,32.3107],[35.1898,32.3105],[35.19,32.3103],[35.19,32.3102],[35.19,32.3101],[35.1892,32.3102],[35.1889,32.3102],[35.1886,32.3101],[35.1886,32.3101],[35.1893,32.3099],[35.1882,32.309],[35.1875,32.3084],[35.1876,32.3081],[35.1881,32.3078],[35.1884,32.3077],[35.1895,32.3078],[35.1895,32.3077],[35.1895,32.3076],[35.1895,32.3076],[35.1893,32.3075],[35.1887,32.307],[35.1883,32.3067],[35.188,32.3063],[35.1879,32.3061],[35.188,32.306],[35.1881,32.3059],[35.1882,32.3058],[35.1887,32.3057],[35.1892,32.3059],[35.1895,32.306],[35.1901,32.3062],[35.1902,32.3064],[35.1908,32.3063],[35.191,32.3063],[35.1918,32.3063],[35.1922,32.3065],[35.1925,32.3067],[35.193,32.3068],[35.1935,32.3072],[35.1936,32.3073],[35.1937,32.3075],[35.1938,32.3082],[35.1938,32.3085],[35.1939,32.3087],[35.1939,32.3087],[35.1939,32.3087],[35.1939,32.3087],[35.1939,32.3087],[35.1939,32.3087],[35.194,32.3089],[35.1942,32.3091],[35.1944,32.3093],[35.1949,32.3096],[35.195,32.3097],[35.1953,32.3101],[35.1953,32.3104],[35.1957,32.3104],[35.1961,32.3105],[35.1968,32.3106],[35.1972,32.3107],[35.1975,32.3109],[35.1975,32.3112],[35.1972,32.3114],[35.1977,32.3116],[35.1974,32.3119],[35.1969,32.3121],[35.1968,32.3119],[35.1965,32.3121],[35.1965,32.312],[35.196,32.3123],[35.1958,32.3121],[35.1952,32.3123],[35.1949,32.3118],[35.1949,32.3118],[35.1948,32.3119],[35.1948,32.312],[35.1948,32.312],[35.1942,32.3126],[35.1942,32.3127],[35.1939,32.3127],[35.1936,32.3127],[35.1933,32.3124],[35.1933,32.3123],[35.1937,32.3119],[35.194,32.3113],[35.1931,32.3105],[35.193,32.3105],[35.1928,32.3104],[35.1925,32.3103],[35.1922,32.3102],[35.1921,32.3102],[35.192,32.3103],[35.1918,32.3107],[35.1915,32.3112],[35.1916,32.3116],[35.1913,32.312],[35.1912,32.3121],[35.191,32.3122],[35.1906,32.3121],[35.1902,32.312]]]]}},{"type":"Feature","properties":{"name":"שטח סגור ליד מחנה בית אל","remarks":""},"geometry":{"type":"MultiPolygon","coordinates":[[[[35.2281,31.9435],[35.2388,31.9475],[35.2391,31.9471],[35.2394,31.9466],[35.2397,31.9459],[35.24,31.9453],[35.2402,31.9447],[35.2405,31.9439],[35.2408,31.9431],[35.2411,31.9423],[35.2413,31.9414],[35.2415,31.9407],[35.2416,31.9402],[35.2416,31.9399],[35.2416,31.9391],[35.2417,31.9383],[35.2416,31.9374],[35.2415,31.9365],[35.2365,31.9363],[35.2369,31.9371],[35.2375,31.938],[35.238,31.9387],[35.2383,31.9395],[35.2385,31.9402],[35.2386,31.9404],[35.2386,31.941],[35.2386,31.9415],[35.2384,31.9421],[35.2382,31.9425],[35.238,31.9426],[35.2361,31.9425],[35.2353,31.9425],[35.2335,31.9425],[35.2328,31.9429],[35.2325,31.943],[35.2324,31.943],[35.2321,31.9428],[35.2318,31.9425],[35.2314,31.9424],[35.2281,31.9435]]]]}},{"type":"Feature","properties":{"name":"ציר תנובה ומשולש תנובה","remarks":"סגירת שטח לישראלים"},"geometry":{"type":"MultiPolygon","coordinates":[[[[35.1079,31.5235],[35.1082,31.5235],[35.1083,31.5236],[35.1083,31.5235],[35.1083,31.5235],[35.1084,31.5235],[35.1085,31.5235],[35.1087,31.5235],[35.1087,31.5236],[35.1088,31.5236],[35.1088,31.5236],[35.1088,31.5237],[35.1089,31.5237],[35.1089,31.5236],[35.1089,31.5237],[35.1089,31.5236],[35.109,31.5236],[35.109,31.5237],[35.1091,31.5237],[35.1091,31.5238],[35.1092,31.5237],[35.1092,31.5237],[35.1093,31.5237],[35.1093,31.5238],[35.1095,31.5238],[35.1095,31.5238],[35.1095,31.5239],[35.1096,31.5238],[35.1096,31.5239],[35.1096,31.5239],[35.1097,31.5239],[35.1097,31.5239],[35.1097,31.5238],[35.1099,31.5238],[35.1098,31.5235],[35.1098,31.5235],[35.1094,31.5235],[35.1093,31.5233],[35.1094,31.523],[35.1092,31.523],[35.1093,31.5228],[35.1094,31.5228],[35.1095,31.5227],[35.1095,31.5227],[35.1095,31.5226],[35.1094,31.5226],[35.1088,31.5228],[35.1083,31.523],[35.1078,31.5231],[35.1078,31.5232],[35.108,31.5233],[35.108,31.5234],[35.1079,31.5235]]]]}},{"type":"Feature","properties":{"name":"שב\"מ מבוא דותן","remarks":""},"geometry":{"type":"MultiPolygon","coordinates":[[[[35.1775,32.4214],[35.1772,32.4215],[35.1769,32.4215],[35.1761,32.4217],[35.1755,32.4218],[35.1748,32.4218],[35.1746,32.4218],[35.1744,32.422],[35.1734,32.422],[35.1724,32.422],[35.1722,32.4219],[35.1721,32.4219],[35.1714,32.4218],[35.1709,32.4215],[35.1706,32.4213],[35.1704,32.4203],[35.1703,32.42],[35.1704,32.4196],[35.1707,32.4191],[35.171,32.419],[35.1718,32.4189],[35.1719,32.4189],[35.1724,32.4189],[35.1723,32.4185],[35.1722,32.4185],[35.1722,32.4184],[35.1722,32.4182],[35.1724,32.4182],[35.1726,32.4182],[35.1731,32.4182],[35.1733,32.4181],[35.1736,32.4181],[35.174,32.4181],[35.1741,32.4182],[35.1742,32.4182],[35.1743,32.4184],[35.1744,32.4184],[35.1745,32.4184],[35.1746,32.4185],[35.1746,32.4186],[35.1747,32.4187],[35.1746,32.4189],[35.1747,32.4189],[35.1749,32.4188],[35.175,32.4187],[35.1755,32.4187],[35.1755,32.4188],[35.1757,32.4187],[35.1763,32.4187],[35.177,32.4185],[35.1775,32.4186],[35.1779,32.4186],[35.1781,32.4186],[35.1781,32.4186],[35.1784,32.4188],[35.1785,32.419],[35.1785,32.419],[35.1785,32.419],[35.1786,32.419],[35.1786,32.419],[35.1786,32.4189],[35.1786,32.4189],[35.1786,32.4189],[35.1786,32.4189],[35.1786,32.4188],[35.1786,32.4188],[35.1786,32.4188],[35.1786,32.4188],[35.1786,32.4188],[35.1786,32.4188],[35.1786,32.4188],[35.1786,32.4188],[35.1786,32.4188],[35.1787,32.4188],[35.1787,32.4188],[35.1787,32.4187],[35.1787,32.4187],[35.1787,32.4187],[35.1787,32.4187],[35.1787,32.4187],[35.1787,32.4187],[35.1787,32.4187],[35.1787,32.4187],[35.1791,32.4186],[35.1791,32.4186],[35.1791,32.4186],[35.1795,32.4185],[35.1795,32.4185],[35.1795,32.4185],[35.1795,32.4185],[35.1797,32.4185],[35.1799,32.4185],[35.1799,32.4185],[35.18,32.4184],[35.18,32.4184],[35.18,32.4183],[35.18,32.4181],[35.1799,32.4181],[35.1799,32.418],[35.1798,32.4179],[35.1796,32.4178],[35.1795,32.4178],[35.1794,32.4177],[35.1792,32.4178],[35.1789,32.4178],[35.1789,32.4178],[35.1786,32.4178],[35.1786,32.4178],[35.1786,32.4178],[35.1786,32.4178],[35.1786,32.4178],[35.1783,32.4178],[35.1783,32.4178],[35.1783,32.4178],[35.1781,32.4178],[35.1781,32.4178],[35.1781,32.4178],[35.1781,32.4178],[35.1781,32.4178],[35.1778,32.4178],[35.1778,32.4178],[35.1778,32.4178],[35.1775,32.4177],[35.1772,32.4176],[35.1769,32.4176],[35.1769,32.4176],[35.1768,32.4176],[35.1768,32.4176],[35.1767,32.4175],[35.1766,32.4175],[35.1765,32.4176],[35.1765,32.4176],[35.1765,32.4176],[35.1763,32.4176],[35.1763,32.4176],[35.1763,32.4176],[35.1763,32.4176],[35.1763,32.4176],[35.1758,32.4176],[35.1755,32.4176],[35.1755,32.4176],[35.1755,32.4176],[35.1748,32.4175],[35.1748,32.4175],[35.1733,32.4174],[35.1727,32.4174],[35.1725,32.4174],[35.1723,32.4175],[35.1722,32.4175],[35.172,32.4175],[35.172,32.4175],[35.172,32.4175],[35.1716,32.4175],[35.1716,32.4175],[35.1716,32.4175],[35.1716,32.4175],[35.1711,32.4175],[35.1711,32.4175],[35.1711,32.4175],[35.1706,32.4175],[35.1702,32.4175],[35.1701,32.4175],[35.17,32.4175],[35.1699,32.4176],[35.1695,32.4179],[35.1695,32.4179],[35.1695,32.4179],[35.1695,32.4179],[35.1692,32.4181],[35.1687,32.4185],[35.1687,32.4185],[35.1687,32.4185],[35.1685,32.4187],[35.1683,32.4188],[35.1683,32.4189],[35.1681,32.4193],[35.1681,32.4193],[35.1681,32.4193],[35.168,32.4194],[35.168,32.4194],[35.168,32.4194],[35.168,32.4194],[35.168,32.4194],[35.1679,32.4195],[35.1679,32.4195],[35.1678,32.4196],[35.1678,32.4196],[35.1678,32.4196],[35.1678,32.4196],[35.1678,32.4196],[35.1677,32.4196],[35.1676,32.4197],[35.1675,32.4198],[35.1674,32.4199],[35.1673,32.4201],[35.1673,32.4202],[35.1674,32.4203],[35.1674,32.4204],[35.1677,32.4208],[35.1678,32.4209],[35.168,32.4211],[35.1682,32.4212],[35.1687,32.4216],[35.1687,32.4216],[35.1697,32.4223],[35.1697,32.4223],[35.1697,32.4223],[35.1697,32.4223],[35.1698,32.4224],[35.17,32.4225],[35.1701,32.4226],[35.1702,32.4226],[35.1708,32.4228],[35.1708,32.4228],[35.171,32.4229],[35.1712,32.4229],[35.1714,32.4229],[35.1714,32.4229],[35.1714,32.4229],[35.1716,32.4229],[35.1716,32.4229],[35.1717,32.423],[35.1717,32.423],[35.1717,32.423],[35.1721,32.423],[35.1724,32.423],[35.1726,32.4231],[35.1729,32.423],[35.1729,32.423],[35.1731,32.423],[35.1731,32.423],[35.1731,32.423],[35.1731,32.423],[35.1733,32.4231],[35.1734,32.4231],[35.1736,32.4231],[35.1738,32.423],[35.1738,32.423],[35.1745,32.4228],[35.1745,32.4228],[35.1745,32.4228],[35.1755,32.4226],[35.1757,32.4226],[35.1757,32.4226],[35.1759,32.4225],[35.1764,32.4223],[35.1764,32.4223],[35.1767,32.4223],[35.1767,32.4223],[35.1767,32.4223],[35.1769,32.4222],[35.1769,32.4222],[35.1772,32.4221],[35.1774,32.4221],[35.1775,32.4221],[35.1775,32.422],[35.1776,32.422],[35.1776,32.422],[35.1776,32.422],[35.1777,32.422],[35.1777,32.422],[35.1777,32.422],[35.1778,32.422],[35.1778,32.422],[35.1778,32.422],[35.178,32.422],[35.178,32.422],[35.178,32.422],[35.178,32.422],[35.1793,32.422],[35.1799,32.422],[35.1799,32.422],[35.1799,32.422],[35.1804,32.422],[35.1804,32.422],[35.1804,32.422],[35.1809,32.422],[35.1809,32.422],[35.1813,32.422],[35.1813,32.422],[35.1818,32.4221],[35.1821,32.4221],[35.1823,32.4221],[35.1824,32.4221],[35.1826,32.4221],[35.1828,32.422],[35.1828,32.422],[35.1828,32.422],[35.183,32.422],[35.183,32.422],[35.1834,32.422],[35.1835,32.4219],[35.1837,32.4219],[35.1838,32.4218],[35.1839,32.4216],[35.1841,32.4213],[35.1842,32.4212],[35.1842,32.4212],[35.1843,32.421],[35.1844,32.4209],[35.1844,32.4208],[35.1844,32.4207],[35.1844,32.4206],[35.1844,32.4204],[35.1843,32.4202],[35.1842,32.4199],[35.1842,32.4199],[35.1842,32.4199],[35.184,32.4196],[35.1839,32.4194],[35.1839,32.4194],[35.1839,32.4194],[35.1838,32.4193],[35.1836,32.4191],[35.1835,32.4189],[35.1834,32.4188],[35.1832,32.4187],[35.1831,32.4187],[35.1829,32.4186],[35.1827,32.4186],[35.1825,32.4187],[35.1825,32.4187],[35.1825,32.4187],[35.1822,32.4187],[35.1822,32.4187],[35.1822,32.4187],[35.1819,32.4187],[35.1818,32.4187],[35.1817,32.4187],[35.1816,32.4188],[35.1814,32.4189],[35.1814,32.4189],[35.1814,32.4189],[35.1814,32.4189],[35.1813,32.4189],[35.1813,32.4189],[35.1813,32.4189],[35.1813,32.4189],[35.1813,32.4189],[35.1813,32.4189],[35.181,32.4189],[35.181,32.4189],[35.181,32.4189],[35.1806,32.419],[35.1803,32.419],[35.18,32.4191],[35.18,32.4191],[35.1797,32.4191],[35.1793,32.4191],[35.179,32.4192],[35.1786,32.4193],[35.1786,32.4193],[35.1786,32.4193],[35.1784,32.4194],[35.1784,32.4194],[35.1784,32.4194],[35.1784,32.4194],[35.1783,32.4194],[35.1783,32.4194],[35.1783,32.4194],[35.1783,32.4194],[35.1783,32.4194],[35.1782,32.4194],[35.1782,32.4194],[35.1782,32.4194],[35.1782,32.4194],[35.1782,32.4194],[35.1782,32.4194],[35.1782,32.4194],[35.1782,32.4194],[35.1782,32.4194],[35.1782,32.4194],[35.1782,32.4194],[35.1782,32.4194],[35.1781,32.4194],[35.1781,32.4194],[35.1781,32.4194],[35.1781,32.4194],[35.1781,32.4193],[35.1781,32.4193],[35.1781,32.4193],[35.1781,32.4193],[35.1781,32.4193],[35.1781,32.4193],[35.1781,32.4193],[35.1781,32.4193],[35.1781,32.4193],[35.1781,32.4193],[35.1781,32.4193],[35.1781,32.4193],[35.1781,32.4193],[35.1781,32.4193],[35.1781,32.4193],[35.1781,32.4192],[35.1781,32.4192],[35.1781,32.4192],[35.1781,32.4192],[35.1781,32.4192],[35.1781,32.4192],[35.1781,32.4192],[35.1781,32.4192],[35.1781,32.4192],[35.1781,32.4192],[35.1781,32.4192],[35.1781,32.4192],[35.1781,32.4192],[35.1781,32.4192],[35.1781,32.4192],[35.1781,32.4192],[35.1782,32.4191],[35.1782,32.4191],[35.1777,32.4194],[35.1778,32.4195],[35.1779,32.4195],[35.1784,32.4199],[35.1785,32.4199],[35.1786,32.4197],[35.1788,32.4196],[35.179,32.4195],[35.1799,32.4195],[35.1803,32.4195],[35.1812,32.4196],[35.1811,32.42],[35.181,32.4205],[35.1808,32.4206],[35.1812,32.4207],[35.1816,32.4208],[35.1818,32.4208],[35.182,32.4207],[35.1822,32.4207],[35.1823,32.4208],[35.1823,32.421],[35.1821,32.4211],[35.1818,32.4211],[35.1817,32.421],[35.1807,32.4207],[35.1805,32.4214],[35.1799,32.4213],[35.179,32.421],[35.1783,32.4208],[35.1784,32.4209],[35.1783,32.4211],[35.1781,32.4211],[35.1779,32.4213],[35.1778,32.4214],[35.1775,32.4214]]]]}},{"type":"Feature","properties":{"name":"סגירת שטח בית אל","remarks":""},"geometry":{"type":"MultiPolygon","coordinates":[[[[35.2201,31.9371],[35.2209,31.9374],[35.2217,31.9362],[35.2208,31.9358],[35.2206,31.9362],[35.2204,31.9367],[35.2201,31.9371]]]]}},{"type":"Feature","properties":{"name":"חוזק אל פאר","remarks":""},"geometry":{"type":"MultiPolygon","coordinates":[[[[35.1067,31.5235],[35.1069,31.5237],[35.107,31.5238],[35.107,31.5239],[35.1068,31.5241],[35.1071,31.5243],[35.1072,31.5241],[35.1072,31.524],[35.1073,31.5239],[35.1072,31.5238],[35.1071,31.5238],[35.1069,31.5234],[35.1067,31.5235]]]]}},{"type":"Feature","properties":{"name":"מרכיבי בטחון קרית ארבע","remarks":"הארכה ותיקון גבולות"},"geometry":{"type":"MultiPolygon","coordinates":[[[[35.12,31.5461],[35.1201,31.5465],[35.1202,31.5465],[35.1203,31.5469],[35.1202,31.547],[35.1202,31.547],[35.1202,31.547],[35.1202,31.547],[35.1203,31.547],[35.1206,31.5468],[35.1206,31.5468],[35.1206,31.5468],[35.1206,31.5467],[35.1208,31.5467],[35.1211,31.5466],[35.1212,31.5466],[35.1212,31.5466],[35.1221,31.5464],[35.1222,31.5462],[35.1222,31.5462],[35.1222,31.5462],[35.1222,31.5462],[35.1222,31.5462],[35.1222,31.5462],[35.1222,31.5462],[35.1231,31.546],[35.1231,31.546],[35.1231,31.546],[35.1231,31.546],[35.1231,31.546],[35.1231,31.546],[35.1231,31.546],[35.1231,31.546],[35.1231,31.546],[35.1231,31.546],[35.1231,31.546],[35.1232,31.5462],[35.1233,31.5465],[35.1236,31.5464],[35.1236,31.5464],[35.1236,31.5464],[35.1236,31.5464],[35.1237,31.5464],[35.1237,31.5464],[35.1237,31.5464],[35.1237,31.5464],[35.1239,31.5464],[35.1239,31.5464],[35.1239,31.5464],[35.1239,31.5464],[35.1239,31.5464],[35.124,31.5464],[35.124,31.5464],[35.124,31.5464],[35.124,31.5464],[35.124,31.5464],[35.1241,31.5465],[35.1242,31.5465],[35.1243,31.5465],[35.1243,31.5464],[35.1243,31.5464],[35.1243,31.5464],[35.1243,31.5464],[35.1243,31.5464],[35.1245,31.5463],[35.1245,31.5463],[35.1245,31.5463],[35.1245,31.5463],[35.1245,31.5462],[35.1247,31.5461],[35.1248,31.546],[35.1248,31.546],[35.1248,31.546],[35.125,31.546],[35.1253,31.5459],[35.1253,31.5459],[35.1253,31.5459],[35.1259,31.5458],[35.126,31.5458],[35.1262,31.5458],[35.1262,31.5458],[35.1263,31.5457],[35.1265,31.5455],[35.1265,31.5455],[35.1265,31.5455],[35.1266,31.5454],[35.1266,31.5454],[35.1266,31.5454],[35.1267,31.5454],[35.1267,31.5454],[35.1268,31.5453],[35.1268,31.5453],[35.1268,31.5453],[35.1268,31.5453],[35.127,31.5454],[35.127,31.5454],[35.127,31.5454],[35.127,31.5454],[35.1271,31.5454],[35.1273,31.5454],[35.1274,31.5454],[35.1274,31.5454],[35.1276,31.5454],[35.1277,31.5453],[35.1277,31.5453],[35.1277,31.5453],[35.1277,31.5453],[35.1278,31.5453],[35.1278,31.5453],[35.1279,31.5453],[35.1279,31.5453],[35.1279,31.5453],[35.128,31.5453],[35.1283,31.5453],[35.1283,31.5453],[35.1284,31.5453],[35.1284,31.5453],[35.1284,31.5453],[35.1284,31.5453],[35.1284,31.5453],[35.1284,31.5453],[35.1285,31.5454],[35.1285,31.5454],[35.1305,31.5445],[35.1305,31.5445],[35.1305,31.5445],[35.1305,31.5445],[35.1305,31.5445],[35.1305,31.5445],[35.1306,31.5445],[35.1313,31.5444],[35.1314,31.5443],[35.1314,31.5443],[35.1314,31.5443],[35.1312,31.5442],[35.1312,31.5442],[35.1312,31.5442],[35.1311,31.5442],[35.1311,31.5442],[35.1311,31.5442],[35.131,31.5439],[35.131,31.5439],[35.131,31.5438],[35.131,31.5438],[35.131,31.5438],[35.1309,31.5434],[35.1309,31.5432],[35.1307,31.5432],[35.1301,31.5436],[35.13,31.5436],[35.1295,31.5434],[35.1293,31.5435],[35.1291,31.5435],[35.1287,31.5434],[35.1285,31.5434],[35.1279,31.5433],[35.1277,31.5434],[35.1274,31.5435],[35.1272,31.5436],[35.1269,31.5437],[35.1266,31.5439],[35.1265,31.5439],[35.1263,31.5438],[35.126,31.5436],[35.1258,31.5435],[35.1252,31.5438],[35.1248,31.544],[35.1246,31.5443],[35.1241,31.5445],[35.1239,31.5445],[35.1238,31.5444],[35.1237,31.5444],[35.1236,31.5444],[35.1232,31.5445],[35.1231,31.5445],[35.123,31.5445],[35.1228,31.5444],[35.1226,31.5444],[35.1221,31.5445],[35.1217,31.5447],[35.1214,31.5449],[35.1204,31.5452],[35.1203,31.5458],[35.12,31.5461]]],[[[35.1185,31.532],[35.1178,31.532],[35.1176,31.5322],[35.1173,31.5323],[35.1172,31.5324],[35.1164,31.5325],[35.1158,31.5326],[35.1156,31.5327],[35.1154,31.5329],[35.1153,31.5329],[35.1147,31.533],[35.1145,31.5331],[35.1144,31.5332],[35.1143,31.5332],[35.1144,31.5331],[35.1143,31.5329],[35.1143,31.5327],[35.1143,31.5321],[35.1144,31.532],[35.1143,31.5318],[35.1141,31.5315],[35.1136,31.5315],[35.1136,31.5315],[35.1136,31.5315],[35.1134,31.5315],[35.1134,31.5315],[35.1132,31.5321],[35.1132,31.5322],[35.1132,31.5322],[35.1133,31.5323],[35.1135,31.5324],[35.1135,31.5324],[35.1136,31.5324],[35.1136,31.5324],[35.1136,31.5324],[35.1136,31.5326],[35.1136,31.5326],[35.1136,31.5326],[35.1137,31.5329],[35.1141,31.5329],[35.1141,31.5329],[35.1141,31.5329],[35.1141,31.5329],[35.1141,31.5329],[35.1142,31.5331],[35.1142,31.5331],[35.1142,31.5331],[35.1142,31.5332],[35.1146,31.5337],[35.1147,31.5337],[35.1149,31.5338],[35.115,31.5339],[35.1152,31.534],[35.1156,31.534],[35.1159,31.534],[35.1162,31.5339],[35.1166,31.5336],[35.1167,31.5336],[35.1167,31.5336],[35.1168,31.5336],[35.1169,31.5337],[35.1169,31.5337],[35.1169,31.5336],[35.117,31.5336],[35.1172,31.5335],[35.1174,31.5335],[35.1176,31.5335],[35.1177,31.5334],[35.1178,31.5334],[35.1179,31.5333],[35.1182,31.5332],[35.1183,31.5331],[35.1183,31.5334],[35.1184,31.5333],[35.1186,31.5336],[35.1187,31.5335],[35.1187,31.5335],[35.1187,31.5335],[35.1187,31.5335],[35.1187,31.5335],[35.1189,31.5335],[35.1189,31.5335],[35.1192,31.5333],[35.1193,31.5333],[35.1194,31.5331],[35.1195,31.5328],[35.1195,31.5328],[35.1195,31.5328],[35.1195,31.5328],[35.1196,31.5327],[35.1196,31.5327],[35.1196,31.5327],[35.1198,31.5325],[35.1198,31.5322],[35.1198,31.5322],[35.1197,31.5322],[35.1198,31.5321],[35.1198,31.5321],[35.1198,31.5321],[35.1198,31.5321],[35.1201,31.5321],[35.1204,31.532],[35.1204,31.5319],[35.1204,31.5319],[35.1204,31.5319],[35.1204,31.5319],[35.1205,31.5319],[35.1205,31.5319],[35.1208,31.5318],[35.1217,31.5315],[35.1217,31.5315],[35.1217,31.5315],[35.122,31.5315],[35.1221,31.5315],[35.1221,31.5315],[35.1221,31.5315],[35.1221,31.5315],[35.1221,31.5316],[35.1221,31.5316],[35.1221,31.5316],[35.1221,31.5319],[35.1224,31.532],[35.1224,31.532],[35.1225,31.532],[35.1229,31.5321],[35.1229,31.5321],[35.1229,31.5321],[35.1229,31.5321],[35.1232,31.5322],[35.1232,31.5322],[35.1232,31.5322],[35.1234,31.5323],[35.1237,31.5324],[35.124,31.5325],[35.124,31.5325],[35.1241,31.5326],[35.1242,31.5324],[35.1242,31.5323],[35.1241,31.5323],[35.1241,31.5323],[35.124,31.5322],[35.1236,31.5318],[35.1233,31.5315],[35.1232,31.5314],[35.1231,31.5312],[35.123,31.5308],[35.1228,31.5305],[35.1226,31.5303],[35.1224,31.5301],[35.1221,31.53],[35.1219,31.53],[35.1216,31.53],[35.1214,31.5301],[35.1213,31.5301],[35.121,31.53],[35.1209,31.53],[35.1208,31.5302],[35.1206,31.5306],[35.1206,31.5307],[35.1204,31.5314],[35.1203,31.5314],[35.1204,31.5317],[35.1194,31.5315],[35.1188,31.5315],[35.1186,31.5315],[35.1185,31.5317],[35.1185,31.532],[35.1185,31.532]]],[[[35.1192,31.5398],[35.1193,31.5399],[35.1193,31.5399],[35.1194,31.5401],[35.1196,31.5402],[35.12,31.5403],[35.1205,31.5404],[35.1209,31.5405],[35.1213,31.5407],[35.1216,31.5411],[35.1218,31.5412],[35.1221,31.5413],[35.1223,31.5412],[35.1223,31.5411],[35.1222,31.541],[35.1222,31.5409],[35.1225,31.5401],[35.1227,31.5399],[35.1228,31.5399],[35.123,31.54],[35.1233,31.54],[35.1238,31.54],[35.124,31.54],[35.124,31.5399],[35.124,31.5399],[35.124,31.5399],[35.124,31.5399],[35.124,31.5399],[35.1241,31.5398],[35.1241,31.5397],[35.1241,31.5394],[35.124,31.5392],[35.1239,31.5392],[35.1239,31.5392],[35.1237,31.5391],[35.1237,31.5391],[35.1237,31.5391],[35.1235,31.5391],[35.1234,31.5391],[35.1234,31.5391],[35.1233,31.5391],[35.1233,31.5391],[35.1233,31.5391],[35.1233,31.5391],[35.1232,31.5391],[35.1232,31.5391],[35.1232,31.5391],[35.1231,31.5391],[35.1231,31.5391],[35.1231,31.5389],[35.1224,31.5389],[35.1223,31.5389],[35.1223,31.5389],[35.1223,31.5389],[35.1222,31.5389],[35.1222,31.5389],[35.1222,31.5389],[35.1222,31.5389],[35.1221,31.5389],[35.1221,31.5389],[35.1221,31.5389],[35.1221,31.5388],[35.1221,31.5388],[35.122,31.5388],[35.1218,31.539],[35.1217,31.5391],[35.1217,31.5392],[35.1217,31.5392],[35.1217,31.5392],[35.1216,31.5392],[35.1216,31.5392],[35.1216,31.5392],[35.1216,31.5392],[35.1214,31.5393],[35.1213,31.5393],[35.1213,31.5394],[35.1212,31.5394],[35.1212,31.5395],[35.1212,31.5395],[35.1212,31.5395],[35.1211,31.5396],[35.1211,31.5396],[35.1211,31.5396],[35.1209,31.5395],[35.1208,31.5395],[35.1205,31.5396],[35.1205,31.5396],[35.1205,31.5396],[35.1203,31.5396],[35.1202,31.5396],[35.12,31.5398],[35.12,31.5398],[35.12,31.5398],[35.1199,31.5398],[35.1199,31.5398],[35.1198,31.5399],[35.1198,31.5399],[35.1197,31.5399],[35.1195,31.5398],[35.1193,31.5398],[35.1192,31.5398],[35.1192,31.5398],[35.1192,31.5398]]],[[[35.1243,31.54],[35.1243,31.54],[35.1245,31.54],[35.1248,31.54],[35.125,31.5401],[35.1251,31.5403],[35.1252,31.5405],[35.1251,31.541],[35.1252,31.5414],[35.1253,31.5417],[35.1255,31.5417],[35.1256,31.5418],[35.1256,31.5419],[35.1257,31.5421],[35.1257,31.5421],[35.1257,31.5421],[35.1257,31.5421],[35.1259,31.542],[35.1259,31.542],[35.1259,31.542],[35.126,31.5419],[35.1263,31.5417],[35.1263,31.5416],[35.1262,31.5412],[35.1262,31.5412],[35.1262,31.5412],[35.1262,31.5411],[35.1262,31.5411],[35.1262,31.5411],[35.1262,31.5409],[35.1262,31.5409],[35.1262,31.5409],[35.1262,31.5409],[35.1262,31.5409],[35.1264,31.5407],[35.1264,31.5407],[35.1264,31.5407],[35.127,31.5402],[35.127,31.5402],[35.1271,31.5402],[35.1275,31.54],[35.1275,31.54],[35.1276,31.5398],[35.1276,31.5397],[35.1275,31.5396],[35.1275,31.5396],[35.1275,31.5396],[35.1276,31.5394],[35.1276,31.5392],[35.1276,31.5391],[35.1276,31.539],[35.1275,31.5389],[35.1275,31.5389],[35.1274,31.5388],[35.1271,31.5388],[35.1266,31.5389],[35.1263,31.5389],[35.1263,31.5389],[35.1262,31.5389],[35.1262,31.5389],[35.1262,31.5389],[35.1262,31.5389],[35.1261,31.5389],[35.1261,31.539],[35.1261,31.539],[35.1261,31.539],[35.126,31.539],[35.1258,31.5392],[35.1257,31.5393],[35.1257,31.5393],[35.1257,31.5393],[35.1256,31.5394],[35.1256,31.5394],[35.1256,31.5394],[35.1256,31.5394],[35.1256,31.5394],[35.1255,31.5394],[35.1254,31.5394],[35.1253,31.5395],[35.1253,31.5395],[35.1253,31.5395],[35.1249,31.5397],[35.1249,31.5397],[35.1249,31.5397],[35.1246,31.5398],[35.1246,31.5398],[35.1246,31.5398],[35.1243,31.5399],[35.1243,31.5399],[35.1243,31.54],[35.1243,31.54],[35.1243,31.54]]],[[[35.124,31.532],[35.1243,31.5323],[35.1243,31.5323],[35.1244,31.5322],[35.1244,31.5321],[35.1244,31.5321],[35.1245,31.5321],[35.1243,31.532],[35.1243,31.532],[35.1243,31.532],[35.1243,31.532],[35.1241,31.5319],[35.1241,31.5318],[35.1241,31.5318],[35.1241,31.5318],[35.1241,31.5318],[35.1241,31.5318],[35.1241,31.5318],[35.1241,31.5317],[35.1241,31.5317],[35.1241,31.5317],[35.1241,31.5316],[35.1241,31.5316],[35.1241,31.5316],[35.1242,31.5315],[35.1242,31.5315],[35.1242,31.5315],[35.1243,31.5315],[35.1243,31.5315],[35.1243,31.5315],[35.1243,31.5315],[35.1243,31.5315],[35.1246,31.5315],[35.1248,31.5315],[35.125,31.5314],[35.125,31.5314],[35.125,31.5314],[35.1252,31.5314],[35.1253,31.5313],[35.1253,31.5313],[35.1253,31.5313],[35.1254,31.5313],[35.1254,31.5313],[35.1255,31.5314],[35.1258,31.5309],[35.1259,31.5306],[35.1259,31.5306],[35.1259,31.5306],[35.1259,31.5305],[35.1259,31.5304],[35.1259,31.5303],[35.1259,31.5302],[35.1258,31.5302],[35.1257,31.5301],[35.1257,31.5301],[35.1257,31.5301],[35.1257,31.5301],[35.1256,31.5299],[35.1256,31.5298],[35.1256,31.5298],[35.1256,31.5298],[35.1254,31.5295],[35.1254,31.5295],[35.1254,31.5295],[35.1254,31.5295],[35.1254,31.5295],[35.1253,31.5293],[35.1249,31.5293],[35.1249,31.5293],[35.1247,31.5293],[35.1244,31.5294],[35.1241,31.5295],[35.124,31.5297],[35.1237,31.5299],[35.1232,31.53],[35.123,31.5301],[35.1231,31.5306],[35.1232,31.531],[35.1233,31.5313],[35.1235,31.5315],[35.1237,31.5317],[35.1239,31.5318],[35.124,31.532]]],[[[35.1167,31.545],[35.1167,31.5452],[35.1167,31.5455],[35.1167,31.5457],[35.1169,31.5462],[35.1171,31.5464],[35.1172,31.5466],[35.1174,31.5468],[35.1175,31.5469],[35.1181,31.5468],[35.1181,31.5468],[35.1184,31.5467],[35.1184,31.5467],[35.1181,31.5467],[35.118,31.5462],[35.1176,31.5461],[35.1174,31.5462],[35.117,31.5456],[35.1169,31.5452],[35.117,31.545],[35.117,31.5446],[35.1173,31.5439],[35.1173,31.5432],[35.1177,31.5428],[35.1181,31.5425],[35.1183,31.5422],[35.1183,31.542],[35.1184,31.5414],[35.1186,31.5411],[35.1187,31.5408],[35.1188,31.5405],[35.1186,31.5403],[35.1186,31.5403],[35.1186,31.5404],[35.1184,31.5405],[35.1184,31.5405],[35.1183,31.5406],[35.1183,31.5406],[35.1183,31.5406],[35.1183,31.5406],[35.1179,31.5407],[35.1176,31.5408],[35.1175,31.5424],[35.1175,31.5424],[35.1174,31.5424],[35.1174,31.5424],[35.1174,31.5424],[35.1173,31.5425],[35.1173,31.5425],[35.1173,31.5425],[35.1171,31.5425],[35.1171,31.5425],[35.117,31.5429],[35.1168,31.5438],[35.1167,31.5444],[35.1167,31.545]]],[[[35.1184,31.5466],[35.1184,31.5467],[35.1185,31.5467],[35.1185,31.5467],[35.1185,31.5467],[35.1187,31.5467],[35.1192,31.5466],[35.1192,31.5466],[35.1192,31.5466],[35.1195,31.5466],[35.1195,31.5466],[35.1187,31.5467],[35.1186,31.5466],[35.1186,31.5466],[35.1184,31.5466]]],[[[35.1243,31.5323],[35.1243,31.5323],[35.1243,31.5323],[35.1243,31.5323]]]]}},{"type":"Feature","properties":{"name":"מרכיבי בטחון כרמי צור","remarks":""},"geometry":{"type":"MultiPolygon","coordinates":[[[[35.0972,31.6092],[35.0972,31.6092],[35.0972,31.6092],[35.0972,31.6092],[35.0972,31.6092],[35.0972,31.6092],[35.0972,31.6092],[35.0972,31.6092],[35.0972,31.6092],[35.0975,31.6083],[35.0979,31.6077],[35.0981,31.6075],[35.0982,31.6075],[35.0984,31.6074],[35.0985,31.6075],[35.0986,31.6074],[35.0988,31.6073],[35.0989,31.6072],[35.0991,31.6072],[35.0994,31.6072],[35.0994,31.6073],[35.0994,31.6074],[35.0994,31.6078],[35.0994,31.608],[35.0994,31.6082],[35.0994,31.6083],[35.0995,31.6083],[35.1001,31.6084],[35.1008,31.6083],[35.1011,31.6083],[35.1012,31.6085],[35.1014,31.6084],[35.1021,31.6085],[35.1023,31.6085],[35.1026,31.6086],[35.1029,31.6088],[35.1033,31.6089],[35.1036,31.6089],[35.1036,31.6089],[35.1038,31.6092],[35.104,31.6093],[35.1041,31.6096],[35.104,31.6099],[35.104,31.6101],[35.104,31.6103],[35.1039,31.6104],[35.104,31.6106],[35.104,31.6108],[35.104,31.611],[35.1039,31.6111],[35.1039,31.6113],[35.1038,31.6115],[35.1035,31.6116],[35.1032,31.6116],[35.103,31.6116],[35.1029,31.6116],[35.1028,31.6114],[35.1028,31.6114],[35.1025,31.6114],[35.1023,31.6108],[35.1019,31.6108],[35.102,31.6107],[35.1018,31.6106],[35.1017,31.6106],[35.1016,31.6107],[35.1016,31.6108],[35.1016,31.6109],[35.1015,31.6109],[35.1013,31.6109],[35.1013,31.6109],[35.1011,31.6109],[35.1011,31.6108],[35.101,31.6107],[35.1009,31.6106],[35.1008,31.6106],[35.1007,31.6106],[35.1006,31.6107],[35.1004,31.6108],[35.1003,31.6108],[35.1003,31.6107],[35.1006,31.6102],[35.1008,31.6101],[35.1009,31.61],[35.1009,31.6099],[35.1008,31.6099],[35.1005,31.6097],[35.1001,31.6096],[35.0996,31.6095],[35.0989,31.6093],[35.0984,31.6092],[35.0982,31.6091],[35.0981,31.6092],[35.098,31.6094],[35.0978,31.6095],[35.0976,31.6096],[35.0976,31.6096],[35.0976,31.6096],[35.0976,31.6096],[35.0976,31.6096],[35.0976,31.6096],[35.0976,31.6096],[35.0976,31.6096],[35.0976,31.6096],[35.0976,31.6097],[35.0976,31.6097],[35.0977,31.6097],[35.0977,31.6097],[35.0977,31.6097],[35.0977,31.6097],[35.0977,31.6097],[35.0977,31.6097],[35.0977,31.6097],[35.0977,31.6097],[35.0977,31.6097],[35.0977,31.6097],[35.0977,31.6097],[35.0977,31.6097],[35.0977,31.6097],[35.0977,31.6097],[35.0977,31.6098],[35.0977,31.6098],[35.0977,31.6098],[35.0977,31.6098],[35.0977,31.6098],[35.0977,31.6098],[35.0977,31.6098],[35.0977,31.6098],[35.0977,31.6098],[35.0977,31.6098],[35.0977,31.6098],[35.0977,31.6098],[35.0976,31.6098],[35.0976,31.6099],[35.0976,31.6099],[35.0976,31.6099],[35.0976,31.6099],[35.0976,31.6099],[35.0976,31.6099],[35.0976,31.6099],[35.0976,31.6099],[35.0976,31.6099],[35.0976,31.6099],[35.0976,31.6099],[35.0976,31.6099],[35.0976,31.61],[35.0976,31.61],[35.0976,31.61],[35.0976,31.61],[35.0976,31.61],[35.0976,31.61],[35.0976,31.61],[35.0976,31.61],[35.0976,31.61],[35.0976,31.61],[35.0976,31.61],[35.0976,31.61],[35.0976,31.61],[35.0976,31.61],[35.0976,31.61],[35.0976,31.61],[35.0976,31.61],[35.0976,31.6101],[35.0976,31.6101],[35.0976,31.6101],[35.0977,31.6103],[35.0978,31.6104],[35.0978,31.6106],[35.0979,31.6108],[35.0979,31.6108],[35.0979,31.6108],[35.0979,31.6108],[35.0979,31.6108],[35.0979,31.6108],[35.0979,31.6108],[35.0979,31.6108],[35.0979,31.6108],[35.098,31.6109],[35.098,31.6109],[35.098,31.6109],[35.098,31.6109],[35.098,31.6109],[35.098,31.6109],[35.098,31.6109],[35.098,31.6109],[35.098,31.6109],[35.098,31.6109],[35.098,31.6109],[35.098,31.6109],[35.098,31.6109],[35.098,31.611],[35.0981,31.611],[35.0981,31.611],[35.0981,31.611],[35.0981,31.611],[35.0981,31.611],[35.0981,31.611],[35.0981,31.611],[35.0981,31.611],[35.0981,31.611],[35.0981,31.611],[35.0981,31.611],[35.0981,31.611],[35.0983,31.6111],[35.0983,31.6111],[35.0983,31.6111],[35.0984,31.6111],[35.0984,31.6111],[35.0984,31.6111],[35.0984,31.6111],[35.0984,31.6111],[35.0984,31.6111],[35.0984,31.6112],[35.0984,31.6112],[35.0985,31.6112],[35.0985,31.6112],[35.0985,31.6112],[35.0985,31.6112],[35.0985,31.6112],[35.0985,31.6112],[35.0985,31.6112],[35.0985,31.6112],[35.0985,31.6112],[35.0985,31.6112],[35.0986,31.6114],[35.0987,31.6115],[35.0988,31.6115],[35.0988,31.6115],[35.0988,31.6115],[35.0988,31.6116],[35.0988,31.6116],[35.0989,31.6116],[35.0989,31.6116],[35.0989,31.6117],[35.0989,31.6117],[35.0989,31.6117],[35.0989,31.6117],[35.0989,31.6117],[35.0989,31.6117],[35.0989,31.6117],[35.0989,31.6117],[35.0989,31.6118],[35.0989,31.6118],[35.0989,31.6118],[35.0989,31.6118],[35.0989,31.6118],[35.0989,31.6119],[35.0989,31.6119],[35.0989,31.6119],[35.0989,31.6119],[35.0989,31.6119],[35.0989,31.612],[35.0989,31.612],[35.0989,31.612],[35.0989,31.612],[35.0989,31.612],[35.0989,31.612],[35.0989,31.612],[35.0989,31.612],[35.0989,31.612],[35.0989,31.612],[35.0989,31.612],[35.0989,31.612],[35.0989,31.612],[35.0989,31.612],[35.0989,31.612],[35.0989,31.6121],[35.0989,31.6121],[35.0989,31.6121],[35.0989,31.6121],[35.0989,31.6121],[35.0989,31.6121],[35.0989,31.6121],[35.0989,31.6121],[35.099,31.6121],[35.099,31.6121],[35.099,31.6121],[35.099,31.6121],[35.099,31.6121],[35.099,31.6121],[35.099,31.6121],[35.099,31.6121],[35.099,31.6121],[35.099,31.6121],[35.099,31.6121],[35.099,31.6121],[35.099,31.6121],[35.099,31.6121],[35.099,31.6121],[35.0991,31.6121],[35.0991,31.6121],[35.0991,31.6121],[35.0991,31.6122],[35.0991,31.6122],[35.0991,31.6122],[35.0991,31.6122],[35.0991,31.6122],[35.0991,31.6122],[35.0992,31.6122],[35.0992,31.6122],[35.0992,31.6122],[35.0992,31.6122],[35.0992,31.6122],[35.0992,31.6122],[35.0992,31.6122],[35.0993,31.6122],[35.0993,31.6122],[35.0993,31.6122],[35.0993,31.6122],[35.0993,31.6123],[35.0993,31.6123],[35.0993,31.6123],[35.0993,31.6123],[35.0993,31.6123],[35.0993,31.6123],[35.0993,31.6123],[35.0993,31.6124],[35.0993,31.6124],[35.0993,31.6124],[35.0993,31.6124],[35.0993,31.6124],[35.0993,31.6125],[35.0993,31.6125],[35.0993,31.6125],[35.0993,31.6125],[35.0993,31.6125],[35.0993,31.6125],[35.0993,31.6125],[35.0993,31.6125],[35.0993,31.6125],[35.0993,31.6125],[35.0993,31.6125],[35.0993,31.6125],[35.0993,31.6125],[35.0993,31.6125],[35.0993,31.6125],[35.0993,31.6125],[35.0993,31.6125],[35.0993,31.6125],[35.0993,31.6125],[35.0994,31.6125],[35.0994,31.6126],[35.0995,31.6126],[35.0995,31.6126],[35.0995,31.6126],[35.0996,31.6126],[35.0996,31.6126],[35.0997,31.6126],[35.0997,31.6126],[35.0998,31.6127],[35.0998,31.6127],[35.0999,31.6127],[35.0999,31.6127],[35.1,31.6127],[35.1001,31.6128],[35.1001,31.6128],[35.1002,31.6128],[35.1002,31.6128],[35.1003,31.6128],[35.1004,31.6129],[35.1004,31.6129],[35.1005,31.6129],[35.1005,31.6129],[35.1006,31.6129],[35.1006,31.6129],[35.1007,31.613],[35.1007,31.613],[35.1008,31.613],[35.1008,31.613],[35.1009,31.613],[35.1009,31.613],[35.1009,31.613],[35.101,31.613],[35.101,31.613],[35.1011,31.6131],[35.1011,31.6131],[35.1013,31.6131],[35.1015,31.6132],[35.1015,31.6132],[35.1015,31.6132],[35.1015,31.6132],[35.1015,31.6132],[35.1015,31.6132],[35.1015,31.6132],[35.1015,31.6132],[35.1015,31.6132],[35.1015,31.6132],[35.1015,31.6132],[35.1015,31.6132],[35.1015,31.6132],[35.1015,31.6132],[35.1015,31.6132],[35.1015,31.6132],[35.1015,31.6132],[35.1015,31.6132],[35.1015,31.6132],[35.1015,31.6132],[35.1015,31.6132],[35.1016,31.6132],[35.1016,31.6132],[35.1016,31.6131],[35.1016,31.6131],[35.1016,31.6131],[35.1016,31.6131],[35.1016,31.6131],[35.1016,31.6131],[35.1016,31.6131],[35.1017,31.6131],[35.1017,31.6131],[35.1017,31.6131],[35.1017,31.6131],[35.1017,31.6131],[35.1017,31.6131],[35.1017,31.6131],[35.1018,31.6131],[35.1018,31.6131],[35.1018,31.6131],[35.102,31.6132],[35.102,31.6132],[35.1021,31.6132],[35.1022,31.6132],[35.1023,31.6132],[35.1023,31.6132],[35.1024,31.6132],[35.1024,31.6132],[35.1025,31.6133],[35.1026,31.6133],[35.1026,31.6133],[35.1026,31.6133],[35.1026,31.6133],[35.1026,31.6133],[35.1026,31.6133],[35.1026,31.6133],[35.1026,31.6133],[35.1027,31.6133],[35.1027,31.6133],[35.1027,31.6133],[35.1027,31.6133],[35.1027,31.6133],[35.1028,31.6133],[35.1028,31.6133],[35.1028,31.6133],[35.1028,31.6133],[35.1028,31.6133],[35.1028,31.6133],[35.1028,31.6133],[35.1028,31.6133],[35.1028,31.6133],[35.1028,31.6133],[35.1029,31.6133],[35.1029,31.6133],[35.1029,31.6133],[35.1029,31.6133],[35.1029,31.6133],[35.1029,31.6133],[35.1029,31.6133],[35.1029,31.6133],[35.1029,31.6133],[35.1029,31.6133],[35.103,31.6133],[35.103,31.6133],[35.103,31.6133],[35.103,31.6133],[35.103,31.6133],[35.103,31.6133],[35.1031,31.6133],[35.1031,31.6133],[35.1031,31.6133],[35.1031,31.6133],[35.1031,31.6133],[35.1031,31.6133],[35.1031,31.6133],[35.1031,31.6133],[35.1031,31.6133],[35.1032,31.6132],[35.1032,31.6132],[35.1032,31.6132],[35.1032,31.6132],[35.1032,31.6132],[35.1032,31.6132],[35.1032,31.6132],[35.1032,31.6132],[35.1033,31.6132],[35.1034,31.6132],[35.1034,31.6132],[35.1034,31.6132],[35.1035,31.6131],[35.1036,31.6131],[35.1036,31.6131],[35.1037,31.6131],[35.1037,31.6131],[35.1038,31.613],[35.1038,31.613],[35.1039,31.613],[35.104,31.613],[35.1041,31.613],[35.1041,31.613],[35.1041,31.613],[35.1041,31.613],[35.1042,31.6129],[35.1042,31.6129],[35.1042,31.6129],[35.1042,31.6129],[35.1042,31.6129],[35.1042,31.6129],[35.1042,31.6129],[35.1042,31.6129],[35.1042,31.6129],[35.1042,31.6129],[35.1043,31.6129],[35.1043,31.6129],[35.1043,31.6129],[35.1043,31.6129],[35.1043,31.6129],[35.1043,31.6129],[35.1043,31.6129],[35.1043,31.6129],[35.1043,31.6129],[35.1043,31.6129],[35.1043,31.6129],[35.1044,31.6129],[35.1044,31.6129],[35.1044,31.6129],[35.1044,31.6129],[35.1044,31.6128],[35.1044,31.6128],[35.1044,31.6128],[35.1044,31.6128],[35.1044,31.6128],[35.1044,31.6128],[35.1044,31.6128],[35.1044,31.6128],[35.1045,31.6128],[35.1045,31.6128],[35.1045,31.6128],[35.1045,31.6128],[35.1045,31.6128],[35.1045,31.6127],[35.1045,31.6127],[35.1045,31.6127],[35.1045,31.6127],[35.1045,31.6127],[35.1045,31.6127],[35.1046,31.6127],[35.1046,31.6127],[35.1046,31.6127],[35.1046,31.6127],[35.1046,31.6127],[35.1046,31.6126],[35.1046,31.6126],[35.1046,31.6126],[35.1047,31.6125],[35.1047,31.6125],[35.1047,31.6125],[35.1047,31.6125],[35.1047,31.6125],[35.1047,31.6125],[35.1048,31.6124],[35.1048,31.6124],[35.1048,31.6124],[35.1048,31.6124],[35.1048,31.6124],[35.1048,31.6124],[35.1048,31.6124],[35.1048,31.6124],[35.1048,31.6124],[35.1049,31.6124],[35.1049,31.6123],[35.1049,31.6123],[35.1049,31.6123],[35.1049,31.6123],[35.1049,31.6123],[35.1049,31.6123],[35.1049,31.6123],[35.1049,31.6123],[35.1049,31.6123],[35.1049,31.6123],[35.1049,31.6123],[35.105,31.6123],[35.105,31.6123],[35.105,31.6123],[35.105,31.6123],[35.105,31.6123],[35.105,31.6123],[35.105,31.6123],[35.105,31.6123],[35.105,31.6123],[35.105,31.6122],[35.105,31.6122],[35.105,31.6122],[35.105,31.6122],[35.105,31.6122],[35.105,31.6121],[35.105,31.6121],[35.1051,31.612],[35.1051,31.612],[35.1051,31.612],[35.1051,31.6119],[35.1051,31.6119],[35.1051,31.6119],[35.1051,31.6119],[35.1051,31.6119],[35.1051,31.6119],[35.1052,31.6119],[35.1052,31.6119],[35.1052,31.6119],[35.1052,31.6118],[35.1052,31.6118],[35.1053,31.6117],[35.1053,31.6116],[35.1053,31.6116],[35.1054,31.6116],[35.1054,31.6116],[35.1054,31.6116],[35.1054,31.6116],[35.1054,31.6116],[35.1054,31.6116],[35.1054,31.6116],[35.1054,31.6115],[35.1054,31.6115],[35.1054,31.6115],[35.1054,31.6115],[35.1054,31.6115],[35.1054,31.6115],[35.1054,31.6115],[35.1054,31.6115],[35.1054,31.6115],[35.1054,31.6115],[35.1054,31.6114],[35.1054,31.6114],[35.1054,31.6114],[35.1055,31.6114],[35.1055,31.6114],[35.1055,31.6114],[35.1055,31.6114],[35.1055,31.6114],[35.1055,31.6114],[35.1055,31.6114],[35.1055,31.6113],[35.1055,31.6113],[35.1055,31.6113],[35.1055,31.6112],[35.1055,31.6112],[35.1055,31.6112],[35.1055,31.6111],[35.1055,31.6111],[35.1055,31.611],[35.1055,31.611],[35.1055,31.611],[35.1055,31.611],[35.1055,31.611],[35.1055,31.611],[35.1055,31.611],[35.1055,31.611],[35.1055,31.611],[35.1055,31.6109],[35.1055,31.6109],[35.1055,31.6109],[35.1055,31.6109],[35.1055,31.6109],[35.1055,31.6109],[35.1055,31.6109],[35.1055,31.6109],[35.1055,31.6109],[35.1055,31.6109],[35.1055,31.6109],[35.1055,31.6109],[35.1055,31.6109],[35.1055,31.6108],[35.1055,31.6108],[35.1055,31.6108],[35.1055,31.6108],[35.1055,31.6108],[35.1055,31.6107],[35.1055,31.6105],[35.1055,31.6103],[35.1055,31.6102],[35.1055,31.6102],[35.1055,31.6102],[35.1055,31.6101],[35.1055,31.6101],[35.1055,31.6101],[35.1055,31.6101],[35.1055,31.6101],[35.1055,31.6101],[35.1055,31.6101],[35.1055,31.6101],[35.1055,31.6101],[35.1055,31.6101],[35.1055,31.6101],[35.1055,31.6101],[35.1055,31.6101],[35.1055,31.6101],[35.1055,31.61],[35.1055,31.61],[35.1055,31.61],[35.1055,31.61],[35.1055,31.61],[35.1055,31.61],[35.1055,31.61],[35.1055,31.61],[35.1055,31.61],[35.1055,31.61],[35.1055,31.6099],[35.1055,31.6099],[35.1055,31.6099],[35.1054,31.6099],[35.1054,31.6098],[35.1054,31.6098],[35.1054,31.6098],[35.1054,31.6098],[35.1054,31.6098],[35.1054,31.6098],[35.1054,31.6097],[35.1054,31.6097],[35.1054,31.6097],[35.1054,31.6097],[35.1054,31.6097],[35.1054,31.6097],[35.1054,31.6097],[35.1054,31.6097],[35.1054,31.6097],[35.1054,31.6096],[35.1054,31.6096],[35.1054,31.6096],[35.1053,31.6096],[35.1053,31.6095],[35.1053,31.6095],[35.1053,31.6095],[35.1053,31.6095],[35.1053,31.6095],[35.1053,31.6094],[35.1053,31.6094],[35.1053,31.6094],[35.1053,31.6093],[35.1053,31.6093],[35.1053,31.6093],[35.1053,31.6093],[35.1053,31.6092],[35.1053,31.6092],[35.1053,31.6092],[35.1053,31.6091],[35.1053,31.6091],[35.1053,31.6091],[35.1053,31.6091],[35.1053,31.6091],[35.1052,31.609],[35.1052,31.609],[35.1052,31.609],[35.1052,31.609],[35.1052,31.609],[35.1052,31.609],[35.1052,31.609],[35.1052,31.609],[35.1052,31.609],[35.1052,31.609],[35.1052,31.6089],[35.1052,31.6089],[35.1052,31.6089],[35.1052,31.6089],[35.1052,31.6089],[35.1052,31.6089],[35.1052,31.6089],[35.1052,31.6089],[35.1052,31.6089],[35.1052,31.6089],[35.1052,31.6089],[35.1052,31.6089],[35.1052,31.6089],[35.1052,31.6088],[35.1052,31.6088],[35.1052,31.6088],[35.1052,31.6088],[35.1052,31.6088],[35.1052,31.6088],[35.1051,31.6088],[35.1051,31.6088],[35.1051,31.6087],[35.1051,31.6087],[35.1051,31.6087],[35.1051,31.6087],[35.1051,31.6086],[35.1051,31.6086],[35.1051,31.6086],[35.1051,31.6086],[35.105,31.6085],[35.105,31.6084],[35.1049,31.6084],[35.1049,31.6084],[35.1049,31.6084],[35.1049,31.6084],[35.1049,31.6083],[35.1049,31.6083],[35.1049,31.6083],[35.1049,31.6082],[35.1049,31.6082],[35.1049,31.6082],[35.1049,31.6081],[35.1049,31.6081],[35.1049,31.6081],[35.1048,31.6081],[35.1048,31.608],[35.1048,31.608],[35.1048,31.608],[35.1048,31.608],[35.1048,31.608],[35.1048,31.6079],[35.1048,31.6079],[35.1048,31.6079],[35.1048,31.6079],[35.1048,31.6079],[35.1048,31.6079],[35.1048,31.6079],[35.1048,31.6079],[35.1047,31.6079],[35.1047,31.6079],[35.1047,31.6078],[35.1047,31.6078],[35.1047,31.6078],[35.1047,31.6078],[35.1047,31.6078],[35.1047,31.6078],[35.1047,31.6078],[35.1047,31.6078],[35.1047,31.6078],[35.1047,31.6078],[35.1047,31.6078],[35.1047,31.6078],[35.1047,31.6078],[35.1047,31.6078],[35.1047,31.6078],[35.1047,31.6078],[35.1047,31.6077],[35.1047,31.6077],[35.1047,31.6077],[35.1046,31.6077],[35.1046,31.6077],[35.1046,31.6077],[35.1046,31.6077],[35.1046,31.6077],[35.1046,31.6077],[35.1046,31.6077],[35.1046,31.6077],[35.1046,31.6077],[35.1045,31.6077],[35.1045,31.6076],[35.1045,31.6076],[35.1045,31.6076],[35.1045,31.6076],[35.1044,31.6076],[35.1044,31.6075],[35.1042,31.6074],[35.1042,31.6073],[35.1042,31.6073],[35.1041,31.6073],[35.1041,31.6073],[35.104,31.6072],[35.104,31.6072],[35.1039,31.6072],[35.1039,31.6071],[35.1039,31.6071],[35.1038,31.6071],[35.1037,31.607],[35.1037,31.607],[35.1036,31.6069],[35.1036,31.6069],[35.1035,31.6069],[35.1035,31.6068],[35.1034,31.6067],[35.1033,31.6067],[35.1033,31.6067],[35.1033,31.6067],[35.1033,31.6067],[35.1033,31.6067],[35.1033,31.6066],[35.1033,31.6066],[35.1033,31.6066],[35.1033,31.6066],[35.1033,31.6066],[35.1032,31.6066],[35.1032,31.6066],[35.1032,31.6066],[35.1032,31.6066],[35.1032,31.6066],[35.1032,31.6066],[35.1032,31.6066],[35.1032,31.6066],[35.1032,31.6066],[35.1032,31.6066],[35.1032,31.6066],[35.1032,31.6066],[35.1032,31.6066],[35.1032,31.6066],[35.1032,31.6066],[35.1031,31.6066],[35.1031,31.6066],[35.1031,31.6066],[35.1031,31.6066],[35.1031,31.6066],[35.1031,31.6066],[35.1031,31.6066],[35.1031,31.6066],[35.1031,31.6066],[35.1031,31.6066],[35.103,31.6066],[35.103,31.6066],[35.103,31.6066],[35.103,31.6066],[35.103,31.6066],[35.103,31.6066],[35.103,31.6066],[35.103,31.6066],[35.103,31.6066],[35.103,31.6066],[35.1029,31.6066],[35.1029,31.6065],[35.1028,31.6065],[35.1028,31.6065],[35.1028,31.6065],[35.1027,31.6065],[35.1026,31.6065],[35.1026,31.6065],[35.1026,31.6065],[35.1025,31.6065],[35.1024,31.6065],[35.1024,31.6065],[35.1021,31.6064],[35.1021,31.6064],[35.1019,31.6064],[35.1018,31.6064],[35.1017,31.6064],[35.1015,31.6064],[35.1013,31.6063],[35.1013,31.6063],[35.1011,31.6063],[35.1009,31.6063],[35.1007,31.6063],[35.1005,31.6062],[35.1003,31.6062],[35.1003,31.6062],[35.1003,31.6062],[35.1003,31.6062],[35.1003,31.6062],[35.1003,31.6062],[35.1003,31.6062],[35.1003,31.6062],[35.1003,31.6062],[35.1003,31.6062],[35.1002,31.6062],[35.1002,31.6062],[35.1002,31.6062],[35.1002,31.6062],[35.1002,31.6062],[35.1002,31.6062],[35.1002,31.6062],[35.1002,31.6062],[35.1002,31.6062],[35.1002,31.6062],[35.1002,31.6062],[35.1002,31.6062],[35.1002,31.6062],[35.1002,31.6063],[35.1002,31.6063],[35.1002,31.6063],[35.1002,31.6063],[35.1002,31.6063],[35.1001,31.6063],[35.1001,31.6063],[35.1001,31.6063],[35.1001,31.6063],[35.1001,31.6063],[35.1001,31.6063],[35.1001,31.6063],[35.1001,31.6063],[35.1001,31.6063],[35.1001,31.6063],[35.1001,31.6063],[35.1001,31.6063],[35.1001,31.6064],[35.1001,31.6064],[35.1001,31.6064],[35.1001,31.6064],[35.1001,31.6064],[35.1001,31.6064],[35.1001,31.6064],[35.1001,31.6064],[35.1001,31.6064],[35.1001,31.6064],[35.1001,31.6064],[35.1001,31.6064],[35.1001,31.6065],[35.1001,31.6065],[35.1001,31.6065],[35.1001,31.6065],[35.1001,31.6065],[35.1001,31.6065],[35.1001,31.6066],[35.1001,31.6066],[35.1001,31.6066],[35.1001,31.6066],[35.1,31.6066],[35.1,31.6066],[35.1,31.6066],[35.1,31.6066],[35.1,31.6066],[35.0999,31.6066],[35.0998,31.6066],[35.0998,31.6066],[35.0998,31.6065],[35.0998,31.6065],[35.0998,31.6065],[35.0998,31.6065],[35.0998,31.6065],[35.0998,31.6065],[35.0998,31.6065],[35.0998,31.6065],[35.0998,31.6065],[35.0998,31.6065],[35.0998,31.6064],[35.0998,31.6064],[35.0998,31.6064],[35.0998,31.6064],[35.0998,31.6064],[35.0998,31.6064],[35.0998,31.6064],[35.0998,31.6064],[35.0998,31.6064],[35.0998,31.6063],[35.0998,31.6063],[35.0998,31.6063],[35.0998,31.6063],[35.0998,31.6063],[35.0998,31.6063],[35.0998,31.6063],[35.0998,31.6063],[35.0998,31.6063],[35.0998,31.6063],[35.0998,31.6062],[35.0998,31.6062],[35.0998,31.6062],[35.0998,31.6062],[35.0998,31.6062],[35.0998,31.6062],[35.0998,31.6062],[35.0998,31.6062],[35.0998,31.6062],[35.0998,31.6062],[35.0998,31.6062],[35.0998,31.6061],[35.0998,31.6061],[35.0998,31.6061],[35.0998,31.6061],[35.0998,31.6061],[35.0998,31.6061],[35.0998,31.6061],[35.0998,31.6061],[35.0998,31.6061],[35.0998,31.6061],[35.0998,31.606],[35.0998,31.606],[35.0998,31.606],[35.0999,31.606],[35.0999,31.606],[35.0999,31.606],[35.0999,31.606],[35.0999,31.606],[35.0999,31.606],[35.0999,31.606],[35.0999,31.6059],[35.0999,31.6059],[35.0999,31.6059],[35.0999,31.6059],[35.0999,31.6059],[35.0999,31.6059],[35.0999,31.6059],[35.0999,31.6059],[35.0999,31.6059],[35.0999,31.6059],[35.0999,31.6059],[35.0999,31.6059],[35.0999,31.6059],[35.0999,31.6059],[35.0998,31.6059],[35.0998,31.6059],[35.0998,31.6059],[35.0998,31.6059],[35.0998,31.6059],[35.0998,31.6059],[35.0998,31.6059],[35.0998,31.6059],[35.0998,31.6059],[35.0998,31.6058],[35.0998,31.6058],[35.0998,31.6058],[35.0998,31.6058],[35.0998,31.6058],[35.0998,31.6058],[35.0998,31.6058],[35.0998,31.6058],[35.0997,31.6058],[35.0997,31.6058],[35.0997,31.6058],[35.0997,31.6058],[35.0996,31.6058],[35.0996,31.6058],[35.0996,31.6058],[35.0996,31.6058],[35.0995,31.6058],[35.0995,31.6058],[35.0994,31.6058],[35.0994,31.6058],[35.0994,31.6058],[35.0993,31.6057],[35.0993,31.6057],[35.0993,31.6057],[35.0991,31.6057],[35.0989,31.6056],[35.0988,31.6056],[35.0988,31.6056],[35.0988,31.6056],[35.0988,31.6056],[35.0988,31.6056],[35.0988,31.6056],[35.0988,31.6056],[35.0988,31.6056],[35.0988,31.6056],[35.0988,31.6056],[35.0987,31.6056],[35.0987,31.6056],[35.0987,31.6056],[35.0987,31.6056],[35.0987,31.6056],[35.0987,31.6056],[35.0987,31.6056],[35.0987,31.6056],[35.0987,31.6056],[35.0987,31.6057],[35.0987,31.6057],[35.0986,31.6057],[35.0986,31.6057],[35.0986,31.6057],[35.0986,31.6057],[35.0986,31.6057],[35.0986,31.6057],[35.0986,31.6056],[35.0986,31.6056],[35.0986,31.6056],[35.0986,31.6056],[35.0986,31.6056],[35.0986,31.6056],[35.0985,31.6056],[35.0985,31.6056],[35.0985,31.6056],[35.0985,31.6056],[35.0985,31.6056],[35.0985,31.6056],[35.0985,31.6056],[35.0985,31.6056],[35.0985,31.6056],[35.0985,31.6056],[35.0985,31.6056],[35.0984,31.6056],[35.0984,31.6056],[35.0984,31.6056],[35.0984,31.6056],[35.0984,31.6057],[35.0984,31.6057],[35.0984,31.6057],[35.0984,31.6057],[35.0984,31.6057],[35.0984,31.6057],[35.0984,31.6057],[35.0983,31.6057],[35.0983,31.6057],[35.0983,31.6057],[35.0983,31.6057],[35.0983,31.6057],[35.0983,31.6057],[35.0983,31.6057],[35.0983,31.6057],[35.0982,31.6057],[35.0982,31.6057],[35.0982,31.6057],[35.0982,31.6057],[35.0981,31.6058],[35.098,31.6058],[35.0979,31.6058],[35.0977,31.6059],[35.0976,31.606],[35.0976,31.606],[35.0974,31.6061],[35.0974,31.6061],[35.0973,31.6061],[35.0973,31.6061],[35.0973,31.6061],[35.0972,31.6061],[35.0972,31.6061],[35.0972,31.6062],[35.0971,31.6062],[35.0971,31.6062],[35.0971,31.6062],[35.0971,31.6062],[35.0971,31.6062],[35.097,31.6062],[35.097,31.6062],[35.097,31.6062],[35.097,31.6062],[35.0969,31.6062],[35.0969,31.6063],[35.0969,31.6063],[35.0969,31.6063],[35.0969,31.6063],[35.0969,31.6063],[35.0969,31.6063],[35.0969,31.6063],[35.0968,31.6063],[35.0968,31.6063],[35.0968,31.6063],[35.0968,31.6063],[35.0968,31.6063],[35.0968,31.6063],[35.0968,31.6063],[35.0967,31.6063],[35.0967,31.6063],[35.0967,31.6063],[35.0967,31.6063],[35.0967,31.6063],[35.0967,31.6063],[35.0967,31.6063],[35.0967,31.6063],[35.0966,31.6063],[35.0966,31.6062],[35.0966,31.6062],[35.0966,31.6062],[35.0966,31.6062],[35.0966,31.6062],[35.0966,31.6062],[35.0966,31.6062],[35.0965,31.6062],[35.0965,31.6062],[35.0965,31.6062],[35.0965,31.6062],[35.0965,31.6062],[35.0965,31.6062],[35.0964,31.6061],[35.0963,31.606],[35.0962,31.6059],[35.0961,31.6059],[35.0961,31.6059],[35.0961,31.6058],[35.096,31.6058],[35.096,31.6058],[35.096,31.6058],[35.096,31.6058],[35.096,31.6058],[35.096,31.6058],[35.096,31.6058],[35.096,31.6058],[35.096,31.6058],[35.096,31.6057],[35.096,31.6057],[35.096,31.6057],[35.096,31.6057],[35.096,31.6057],[35.0959,31.6057],[35.0959,31.6057],[35.0959,31.6057],[35.0959,31.6057],[35.0959,31.6057],[35.0959,31.6057],[35.0959,31.6057],[35.0959,31.6057],[35.0959,31.6057],[35.0959,31.6057],[35.0959,31.6057],[35.0959,31.6057],[35.0958,31.6057],[35.0958,31.6057],[35.0958,31.6057],[35.0958,31.6057],[35.0958,31.6057],[35.0958,31.6057],[35.0958,31.6057],[35.0958,31.6057],[35.0958,31.6057],[35.0958,31.6057],[35.0958,31.6057],[35.0958,31.6057],[35.0958,31.6057],[35.0957,31.6057],[35.0957,31.6057],[35.0957,31.6057],[35.0957,31.6057],[35.0957,31.6057],[35.0957,31.6057],[35.0957,31.6057],[35.0957,31.6057],[35.0957,31.6057],[35.0957,31.6057],[35.0957,31.6057],[35.0957,31.6057],[35.0956,31.6057],[35.0956,31.6057],[35.0956,31.6057],[35.0956,31.6057],[35.0956,31.6057],[35.0956,31.6057],[35.0956,31.6057],[35.0956,31.6057],[35.0956,31.6057],[35.0956,31.6057],[35.0956,31.6057],[35.0956,31.6057],[35.0956,31.6058],[35.0956,31.6058],[35.0955,31.6058],[35.0955,31.6058],[35.0955,31.6058],[35.0955,31.6058],[35.0955,31.6058],[35.0955,31.6058],[35.0955,31.6058],[35.0955,31.6058],[35.0955,31.6058],[35.0955,31.6059],[35.0954,31.606],[35.0954,31.606],[35.0954,31.606],[35.0954,31.606],[35.0954,31.606],[35.0954,31.606],[35.0954,31.606],[35.0954,31.606],[35.0954,31.606],[35.0954,31.606],[35.0953,31.606],[35.0953,31.606],[35.0953,31.606],[35.0953,31.606],[35.0953,31.606],[35.0953,31.606],[35.0953,31.606],[35.0953,31.6061],[35.0953,31.6061],[35.0953,31.6061],[35.0953,31.6061],[35.0953,31.6061],[35.0953,31.6061],[35.0953,31.6061],[35.0953,31.6061],[35.0953,31.6061],[35.0953,31.6061],[35.0953,31.6061],[35.0953,31.6061],[35.0953,31.6061],[35.0953,31.6061],[35.0953,31.6061],[35.0953,31.6062],[35.0953,31.6062],[35.0953,31.6062],[35.0953,31.6062],[35.0953,31.6062],[35.0953,31.6062],[35.0953,31.6062],[35.0953,31.6062],[35.0953,31.6062],[35.0953,31.6062],[35.0953,31.6062],[35.0953,31.6062],[35.0953,31.6062],[35.0953,31.6062],[35.0953,31.6062],[35.0953,31.6062],[35.0953,31.6063],[35.0953,31.6063],[35.0954,31.6063],[35.0954,31.6063],[35.0954,31.6063],[35.0954,31.6063],[35.0954,31.6063],[35.0954,31.6063],[35.0954,31.6063],[35.0954,31.6063],[35.0954,31.6063],[35.0954,31.6064],[35.0954,31.6064],[35.0955,31.6064],[35.0955,31.6064],[35.0955,31.6064],[35.0955,31.6064],[35.0958,31.6066],[35.0958,31.6066],[35.0959,31.6066],[35.096,31.6067],[35.096,31.6067],[35.096,31.6067],[35.096,31.6067],[35.096,31.6067],[35.0961,31.6067],[35.0961,31.6067],[35.0961,31.6067],[35.0961,31.6067],[35.0961,31.6067],[35.0961,31.6067],[35.0961,31.6067],[35.0962,31.6068],[35.0962,31.6068],[35.0962,31.6068],[35.0962,31.6068],[35.0962,31.6068],[35.0962,31.6068],[35.0962,31.6068],[35.0962,31.6068],[35.0962,31.6068],[35.0962,31.6068],[35.0962,31.6068],[35.0963,31.6068],[35.0963,31.6068],[35.0963,31.6068],[35.0963,31.6068],[35.0963,31.6069],[35.0963,31.6069],[35.0963,31.6069],[35.0963,31.6069],[35.0963,31.6069],[35.0963,31.6069],[35.0963,31.6069],[35.0964,31.6069],[35.0964,31.6069],[35.0964,31.6069],[35.0964,31.6069],[35.0964,31.607],[35.0964,31.607],[35.0964,31.607],[35.0964,31.607],[35.0964,31.607],[35.0964,31.607],[35.0964,31.607],[35.0964,31.607],[35.0964,31.607],[35.0964,31.607],[35.0965,31.607],[35.0965,31.6071],[35.0965,31.6071],[35.0965,31.6071],[35.0965,31.6071],[35.0965,31.6071],[35.0965,31.6071],[35.0965,31.6071],[35.0965,31.6071],[35.0965,31.6072],[35.0965,31.6072],[35.0965,31.6072],[35.0965,31.6072],[35.0966,31.6072],[35.0966,31.6072],[35.0966,31.6072],[35.0966,31.6072],[35.0966,31.6073],[35.0966,31.6073],[35.0966,31.6073],[35.0966,31.6073],[35.0966,31.6073],[35.0966,31.6073],[35.0966,31.6073],[35.0966,31.6073],[35.0966,31.6073],[35.0966,31.6074],[35.0966,31.6074],[35.0966,31.6074],[35.0966,31.6074],[35.0966,31.6074],[35.0966,31.6074],[35.0966,31.6074],[35.0966,31.6074],[35.0967,31.6074],[35.0967,31.6074],[35.0967,31.6074],[35.0967,31.6074],[35.0967,31.6075],[35.0967,31.6075],[35.0967,31.6075],[35.0967,31.6075],[35.0967,31.6075],[35.0967,31.6075],[35.0967,31.6075],[35.0967,31.6075],[35.0967,31.6075],[35.0967,31.6076],[35.0967,31.6076],[35.0967,31.6076],[35.0967,31.6076],[35.0967,31.6076],[35.0967,31.6076],[35.0967,31.6076],[35.0967,31.6076],[35.0967,31.6076],[35.0967,31.6076],[35.0967,31.6077],[35.0967,31.6077],[35.0967,31.6077],[35.0967,31.6077],[35.0967,31.6078],[35.0967,31.6078],[35.0967,31.6079],[35.0967,31.6079],[35.0967,31.6079],[35.0967,31.6079],[35.0967,31.608],[35.0967,31.608],[35.0967,31.608],[35.0967,31.608],[35.0967,31.608],[35.0967,31.608],[35.0967,31.608],[35.0967,31.608],[35.0967,31.6081],[35.0967,31.6081],[35.0967,31.6081],[35.0966,31.6081],[35.0966,31.6081],[35.0966,31.6081],[35.0966,31.6082],[35.0966,31.6082],[35.0966,31.6082],[35.0966,31.6083],[35.0966,31.6083],[35.0966,31.6083],[35.0966,31.6083],[35.0966,31.6083],[35.0966,31.6083],[35.0966,31.6083],[35.0966,31.6083],[35.0966,31.6083],[35.0966,31.6083],[35.0966,31.6083],[35.0965,31.6083],[35.0965,31.6084],[35.0965,31.6084],[35.0965,31.6084],[35.0965,31.6084],[35.0965,31.6084],[35.0965,31.6084],[35.0965,31.6084],[35.0965,31.6084],[35.0965,31.6084],[35.0965,31.6085],[35.0965,31.6085],[35.0965,31.6085],[35.0965,31.6085],[35.0965,31.6085],[35.0965,31.6085],[35.0965,31.6085],[35.0965,31.6085],[35.0965,31.6085],[35.0964,31.6085],[35.0964,31.6085],[35.0964,31.6085],[35.0964,31.6085],[35.0964,31.6086],[35.0964,31.6086],[35.0964,31.6086],[35.0964,31.6086],[35.0964,31.6086],[35.0964,31.6086],[35.0963,31.6087],[35.0963,31.6087],[35.0963,31.6087],[35.0963,31.6087],[35.0962,31.6088],[35.0962,31.6088],[35.0962,31.6088],[35.0962,31.6088],[35.0962,31.6088],[35.0962,31.6088],[35.0962,31.6088],[35.0962,31.6088],[35.0962,31.6088],[35.0962,31.6088],[35.0962,31.6088],[35.0962,31.6088],[35.0962,31.6088],[35.0962,31.6088],[35.0962,31.6089],[35.0962,31.6089],[35.0962,31.6089],[35.0962,31.6089],[35.0962,31.6089],[35.0962,31.6089],[35.0962,31.6089],[35.0962,31.6089],[35.0962,31.6089],[35.0962,31.6089],[35.0962,31.6089],[35.0962,31.6089],[35.0962,31.6089],[35.0962,31.6089],[35.0962,31.6089],[35.0962,31.6089],[35.0962,31.609],[35.0962,31.609],[35.0962,31.609],[35.0962,31.609],[35.0962,31.609],[35.0963,31.609],[35.0963,31.609],[35.0963,31.609],[35.0963,31.609],[35.0963,31.609],[35.0963,31.609],[35.0963,31.609],[35.0963,31.609],[35.0963,31.609],[35.0963,31.609],[35.0964,31.609],[35.0964,31.609],[35.0964,31.609],[35.0965,31.609],[35.0965,31.609],[35.0965,31.609],[35.0966,31.609],[35.0966,31.609],[35.0968,31.6091],[35.0968,31.6091],[35.0969,31.6091],[35.097,31.6091],[35.097,31.6091],[35.097,31.6091],[35.097,31.6091],[35.0971,31.6091],[35.0971,31.6091],[35.0971,31.6091],[35.0971,31.6091],[35.0971,31.6091],[35.0971,31.6091],[35.0971,31.6091],[35.0972,31.6092],[35.0972,31.6092],[35.0972,31.6092],[35.0972,31.6092],[35.0972,31.6092]]]]}},{"type":"Feature","properties":{"name":"שב\"מ עינב","remarks":"הארכה ותיקון גבולות מס' 2"},"geometry":{"type":"MultiPolygon","coordinates":[[[[35.1203,32.2844],[35.1203,32.2845],[35.1203,32.2845],[35.1204,32.2846],[35.1204,32.2846],[35.1204,32.2847],[35.1204,32.2848],[35.1204,32.2848],[35.1205,32.285],[35.1206,32.2851],[35.1206,32.2852],[35.1207,32.2853],[35.1208,32.2854],[35.1209,32.2855],[35.121,32.2856],[35.121,32.2857],[35.1211,32.2858],[35.1211,32.2858],[35.1211,32.2859],[35.1211,32.2859],[35.1211,32.2859],[35.1211,32.2859],[35.1211,32.2859],[35.1212,32.2859],[35.1212,32.2859],[35.1212,32.2859],[35.1212,32.286],[35.1212,32.286],[35.1212,32.286],[35.1212,32.286],[35.1212,32.286],[35.1212,32.286],[35.1212,32.286],[35.1212,32.286],[35.1212,32.286],[35.1212,32.286],[35.1213,32.286],[35.1213,32.286],[35.1213,32.2861],[35.1213,32.2861],[35.1213,32.2861],[35.1213,32.2862],[35.1214,32.2862],[35.1214,32.2862],[35.1215,32.2862],[35.1215,32.2862],[35.1216,32.2863],[35.1216,32.2864],[35.1217,32.2864],[35.1218,32.2866],[35.1218,32.2866],[35.1219,32.2867],[35.122,32.287],[35.122,32.287],[35.1221,32.287],[35.1221,32.287],[35.1221,32.287],[35.1221,32.287],[35.1221,32.287],[35.1221,32.2871],[35.1221,32.2871],[35.1221,32.2871],[35.1221,32.2871],[35.1221,32.2871],[35.1221,32.2871],[35.1221,32.2871],[35.1221,32.2871],[35.1221,32.2871],[35.1222,32.2871],[35.1222,32.2871],[35.1222,32.2871],[35.1222,32.2871],[35.1222,32.2871],[35.1222,32.2871],[35.1222,32.2872],[35.1222,32.2872],[35.1222,32.2872],[35.1223,32.2872],[35.1223,32.2872],[35.1223,32.2873],[35.1223,32.2873],[35.1223,32.2873],[35.1223,32.2873],[35.1223,32.2874],[35.1223,32.2874],[35.1223,32.2874],[35.1223,32.2874],[35.1223,32.2875],[35.1223,32.2875],[35.1224,32.2876],[35.1224,32.2876],[35.1224,32.2876],[35.1224,32.2876],[35.1224,32.2877],[35.1224,32.2877],[35.1225,32.2877],[35.1225,32.2877],[35.1225,32.2877],[35.1225,32.2878],[35.1225,32.2878],[35.1225,32.2878],[35.1225,32.2879],[35.1225,32.2879],[35.1225,32.2879],[35.1225,32.2879],[35.1225,32.2879],[35.1226,32.288],[35.1226,32.288],[35.1226,32.288],[35.1226,32.288],[35.1226,32.288],[35.1226,32.288],[35.1226,32.288],[35.1226,32.2881],[35.1226,32.2881],[35.1226,32.2881],[35.1226,32.2881],[35.1226,32.2881],[35.1226,32.2881],[35.1226,32.2881],[35.1226,32.2882],[35.1226,32.2882],[35.1226,32.2882],[35.1226,32.2882],[35.1226,32.2882],[35.1226,32.2882],[35.1226,32.2882],[35.1226,32.2882],[35.1226,32.2882],[35.1226,32.2882],[35.1226,32.2883],[35.1226,32.2883],[35.1226,32.2883],[35.1226,32.2883],[35.1226,32.2883],[35.1226,32.2883],[35.1226,32.2883],[35.1226,32.2883],[35.1226,32.2883],[35.1226,32.2884],[35.1226,32.2884],[35.1226,32.2884],[35.1226,32.2884],[35.1226,32.2884],[35.1226,32.2884],[35.1226,32.2885],[35.1226,32.2885],[35.1226,32.2885],[35.1226,32.2885],[35.1226,32.2885],[35.1226,32.2886],[35.1226,32.2886],[35.1226,32.2886],[35.1226,32.2886],[35.1226,32.2886],[35.1226,32.2886],[35.1226,32.2886],[35.1226,32.2887],[35.1226,32.2887],[35.1225,32.2887],[35.1225,32.2887],[35.1225,32.2887],[35.1225,32.2887],[35.1225,32.2887],[35.1225,32.2887],[35.1225,32.2887],[35.1225,32.2887],[35.1225,32.2888],[35.1225,32.2888],[35.1225,32.2888],[35.1225,32.2888],[35.1225,32.2888],[35.1225,32.2888],[35.1225,32.2888],[35.1224,32.2889],[35.1224,32.2889],[35.1224,32.289],[35.1224,32.289],[35.1224,32.2891],[35.1224,32.2891],[35.1224,32.2891],[35.1224,32.2891],[35.1223,32.2891],[35.1223,32.2891],[35.1223,32.2891],[35.1223,32.2891],[35.1223,32.2892],[35.1223,32.2892],[35.1223,32.2892],[35.1223,32.2892],[35.1223,32.2892],[35.1223,32.2892],[35.1223,32.2892],[35.1223,32.2892],[35.1223,32.2892],[35.1223,32.2892],[35.1223,32.2892],[35.1223,32.2892],[35.1223,32.2892],[35.1223,32.2892],[35.1223,32.2892],[35.1223,32.2892],[35.1223,32.2892],[35.1224,32.2892],[35.1224,32.2892],[35.1224,32.2893],[35.1224,32.2893],[35.1224,32.2893],[35.1224,32.2893],[35.1224,32.2893],[35.1224,32.2893],[35.1224,32.2893],[35.1224,32.2893],[35.1224,32.2893],[35.1224,32.2893],[35.1224,32.2893],[35.1224,32.2893],[35.1224,32.2893],[35.1224,32.2893],[35.1224,32.2893],[35.1225,32.2893],[35.1225,32.2893],[35.1225,32.2893],[35.1225,32.2893],[35.1225,32.2893],[35.1225,32.2893],[35.1225,32.2893],[35.1225,32.2893],[35.1225,32.2893],[35.1225,32.2893],[35.1225,32.2893],[35.1225,32.2893],[35.1225,32.2893],[35.1226,32.2893],[35.1226,32.2893],[35.1226,32.2893],[35.1226,32.2893],[35.1226,32.2893],[35.1226,32.2893],[35.1226,32.2893],[35.1226,32.2893],[35.1226,32.2893],[35.1226,32.2893],[35.1226,32.2893],[35.1226,32.2893],[35.1226,32.2893],[35.1226,32.2893],[35.1226,32.2893],[35.1226,32.2893],[35.1226,32.2893],[35.1226,32.2893],[35.1226,32.2892],[35.1226,32.2892],[35.1226,32.2892],[35.1226,32.2892],[35.1226,32.2892],[35.1226,32.2892],[35.1226,32.2892],[35.1226,32.2892],[35.1227,32.2892],[35.1227,32.2892],[35.1227,32.2892],[35.1227,32.2892],[35.1227,32.2892],[35.1227,32.2892],[35.1227,32.2891],[35.1227,32.2891],[35.1227,32.2891],[35.1227,32.2891],[35.1227,32.289],[35.1227,32.2889],[35.1227,32.2888],[35.1227,32.2888],[35.1227,32.2887],[35.1228,32.2886],[35.1228,32.2885],[35.1228,32.2884],[35.1229,32.2883],[35.1229,32.2883],[35.123,32.2882],[35.1231,32.2882],[35.1232,32.2882],[35.1232,32.2882],[35.1233,32.2882],[35.1234,32.2883],[35.1235,32.2883],[35.1236,32.2883],[35.1237,32.2884],[35.1238,32.2885],[35.1239,32.2887],[35.124,32.2888],[35.1241,32.289],[35.1242,32.2891],[35.1243,32.2891],[35.1244,32.2892],[35.1244,32.2892],[35.1245,32.2893],[35.1246,32.2893],[35.1247,32.2894],[35.1248,32.2895],[35.1249,32.2896],[35.1249,32.2896],[35.1249,32.2896],[35.125,32.2897],[35.1251,32.2897],[35.1251,32.2898],[35.1252,32.2899],[35.1252,32.2899],[35.1253,32.29],[35.1253,32.2901],[35.1254,32.2902],[35.1254,32.2903],[35.1255,32.2903],[35.1254,32.2904],[35.1255,32.2904],[35.1255,32.2904],[35.1255,32.2905],[35.1256,32.2905],[35.1256,32.2905],[35.1256,32.2905],[35.1256,32.2905],[35.1255,32.2894],[35.1256,32.2892],[35.1266,32.2866],[35.1257,32.286],[35.1254,32.2858],[35.1251,32.2857],[35.1249,32.2856],[35.1246,32.2854],[35.1243,32.2853],[35.1241,32.2853],[35.1236,32.2851],[35.1231,32.285],[35.123,32.285],[35.1228,32.285],[35.1227,32.285],[35.1225,32.285],[35.1222,32.2848],[35.122,32.2847],[35.1218,32.2845],[35.1218,32.2843],[35.1218,32.2841],[35.1218,32.284],[35.122,32.2838],[35.1225,32.2836],[35.1229,32.2835],[35.1232,32.2834],[35.1236,32.2833],[35.1242,32.2831],[35.1244,32.2831],[35.1249,32.2826],[35.1248,32.2824],[35.1248,32.2823],[35.1248,32.2822],[35.1258,32.2818],[35.1266,32.2814],[35.1267,32.2813],[35.1268,32.2814],[35.127,32.2814],[35.1271,32.2817],[35.1272,32.2818],[35.1276,32.2824],[35.1278,32.2827],[35.1282,32.283],[35.1285,32.2833],[35.1287,32.2835],[35.1287,32.2836],[35.1288,32.2839],[35.1289,32.284],[35.1294,32.2842],[35.1295,32.2843],[35.1296,32.2844],[35.1297,32.2846],[35.1297,32.2847],[35.1297,32.2846],[35.1298,32.2845],[35.1298,32.2844],[35.1298,32.2843],[35.1297,32.2842],[35.1297,32.2841],[35.1296,32.284],[35.1295,32.2839],[35.1294,32.2837],[35.1292,32.2836],[35.1291,32.2835],[35.129,32.2833],[35.1289,32.2832],[35.1288,32.2831],[35.1287,32.283],[35.1286,32.2829],[35.1285,32.2828],[35.1284,32.2827],[35.1284,32.2826],[35.1283,32.2825],[35.1282,32.2825],[35.1281,32.2824],[35.1281,32.2824],[35.1281,32.2823],[35.128,32.2822],[35.1279,32.2821],[35.1279,32.2821],[35.1279,32.2821],[35.1278,32.282],[35.1276,32.2818],[35.1275,32.2817],[35.1274,32.2817],[35.1274,32.2816],[35.1273,32.2815],[35.1273,32.2815],[35.1272,32.2814],[35.1271,32.2813],[35.127,32.2812],[35.1269,32.2811],[35.1268,32.281],[35.1268,32.2809],[35.1267,32.2809],[35.1266,32.2808],[35.1265,32.2808],[35.1265,32.2807],[35.1265,32.2807],[35.1264,32.2805],[35.1263,32.2804],[35.1262,32.2804],[35.1261,32.2802],[35.126,32.2801],[35.1259,32.28],[35.1258,32.28],[35.1258,32.2799],[35.1258,32.2799],[35.1257,32.2799],[35.1257,32.2799],[35.1256,32.2798],[35.1255,32.2798],[35.1255,32.2798],[35.1253,32.2798],[35.1252,32.2798],[35.125,32.2799],[35.1249,32.2799],[35.1248,32.2799],[35.1247,32.28],[35.1246,32.28],[35.1245,32.2801],[35.1244,32.2801],[35.1242,32.2802],[35.1241,32.2803],[35.124,32.2804],[35.1238,32.2804],[35.1238,32.2805],[35.1237,32.2805],[35.1235,32.2806],[35.1235,32.2807],[35.1233,32.2807],[35.1231,32.2808],[35.123,32.2809],[35.1228,32.281],[35.1228,32.2811],[35.1227,32.2811],[35.1225,32.2812],[35.1224,32.2813],[35.1223,32.2813],[35.1221,32.2815],[35.122,32.2816],[35.1218,32.2817],[35.1218,32.2817],[35.1217,32.2819],[35.1215,32.282],[35.1215,32.2821],[35.1214,32.2821],[35.1213,32.2821],[35.1213,32.2822],[35.1212,32.2823],[35.1212,32.2823],[35.1211,32.2823],[35.1211,32.2824],[35.121,32.2825],[35.1209,32.2826],[35.1209,32.2826],[35.1208,32.2827],[35.1208,32.2827],[35.1208,32.2827],[35.1208,32.2828],[35.1208,32.2828],[35.1207,32.2829],[35.1206,32.2829],[35.1207,32.283],[35.1206,32.2831],[35.1205,32.2831],[35.1205,32.2832],[35.1205,32.2832],[35.1204,32.2833],[35.1204,32.2834],[35.1204,32.2836],[35.1203,32.2837],[35.1203,32.2838],[35.1203,32.2838],[35.1203,32.2839],[35.1203,32.284],[35.1203,32.2842],[35.1203,32.2843],[35.1203,32.2844]]]]}},{"type":"Feature","properties":{"name":"חנויות במתחם בית הדסה","remarks":"סגירת שטח לישראלים"},"geometry":{"type":"MultiPolygon","coordinates":[[[[35.1044,31.5263],[35.1044,31.5263],[35.1046,31.5262],[35.1045,31.5261],[35.1043,31.5262],[35.1044,31.5263]]]]}},{"type":"Feature","properties":{"name":"שב\"מ חרמש","remarks":""},"geometry":{"type":"MultiPolygon","coordinates":[[[[35.1194,32.4255],[35.1193,32.4256],[35.1191,32.4256],[35.119,32.4256],[35.1189,32.4255],[35.1188,32.4254],[35.1187,32.4253],[35.1184,32.4252],[35.1182,32.4252],[35.118,32.4251],[35.118,32.4251],[35.1178,32.425],[35.1178,32.4249],[35.1177,32.4248],[35.1176,32.4246],[35.1176,32.4245],[35.1175,32.4244],[35.1175,32.4243],[35.1174,32.4242],[35.1173,32.4241],[35.1172,32.424],[35.1172,32.4239],[35.1171,32.4239],[35.1171,32.4238],[35.117,32.4237],[35.117,32.4236],[35.117,32.4234],[35.1169,32.4232],[35.1168,32.423],[35.1168,32.4229],[35.1167,32.4227],[35.1167,32.4226],[35.1165,32.4224],[35.1165,32.4223],[35.1165,32.4222],[35.1164,32.4219],[35.1164,32.4218],[35.1164,32.4216],[35.1165,32.4216],[35.1167,32.4215],[35.1169,32.4215],[35.1169,32.4215],[35.1171,32.4214],[35.1173,32.4214],[35.1175,32.4215],[35.118,32.4216],[35.1182,32.4216],[35.1187,32.4216],[35.1189,32.4216],[35.1192,32.4216],[35.1196,32.4217],[35.1199,32.4218],[35.1202,32.4219],[35.1206,32.422],[35.1209,32.4223],[35.121,32.4226],[35.121,32.4228],[35.1211,32.4229],[35.1214,32.4231],[35.1214,32.4232],[35.1216,32.4233],[35.1217,32.4234],[35.1217,32.4235],[35.1218,32.4236],[35.1218,32.4238],[35.1218,32.4239],[35.1218,32.4241],[35.1217,32.4242],[35.1216,32.4243],[35.1215,32.4243],[35.1213,32.4243],[35.1211,32.4243],[35.1209,32.4243],[35.1208,32.4243],[35.1206,32.4244],[35.1205,32.4245],[35.1204,32.4246],[35.1204,32.4248],[35.1202,32.425],[35.12,32.4252],[35.1202,32.4254],[35.1202,32.4254],[35.1202,32.4254],[35.1205,32.4256],[35.1205,32.4256],[35.1205,32.4256],[35.1205,32.4256],[35.1209,32.426],[35.1209,32.426],[35.1209,32.426],[35.1209,32.426],[35.121,32.4262],[35.121,32.4262],[35.1211,32.4262],[35.1211,32.4262],[35.1211,32.4262],[35.1211,32.4262],[35.1211,32.4262],[35.1211,32.4262],[35.1211,32.4265],[35.1211,32.4265],[35.1213,32.4264],[35.1216,32.4263],[35.1226,32.4258],[35.1228,32.4257],[35.1228,32.4256],[35.123,32.4255],[35.1231,32.4254],[35.1233,32.4252],[35.1234,32.425],[35.1235,32.4249],[35.1235,32.4248],[35.1235,32.4245],[35.1235,32.4243],[35.1234,32.424],[35.1233,32.4238],[35.1233,32.4238],[35.1233,32.4238],[35.1233,32.4238],[35.1233,32.4238],[35.1232,32.4237],[35.1232,32.4237],[35.1225,32.4235],[35.1225,32.4235],[35.1225,32.4235],[35.1225,32.4235],[35.1225,32.4235],[35.1225,32.4235],[35.1225,32.4235],[35.1225,32.4234],[35.1225,32.4234],[35.1223,32.4233],[35.1223,32.4233],[35.122,32.4229],[35.1218,32.4227],[35.1215,32.4225],[35.1215,32.4225],[35.1214,32.4225],[35.1214,32.4225],[35.1214,32.4225],[35.1214,32.4225],[35.1214,32.4225],[35.1212,32.4221],[35.121,32.4218],[35.1206,32.4214],[35.1202,32.4212],[35.1202,32.4211],[35.12,32.421],[35.1191,32.4208],[35.1185,32.4207],[35.1185,32.4207],[35.1185,32.4207],[35.1185,32.4207],[35.1185,32.4207],[35.1185,32.4207],[35.118,32.4205],[35.118,32.4205],[35.118,32.4205],[35.1178,32.4204],[35.1178,32.4204],[35.1178,32.4204],[35.1178,32.4204],[35.1176,32.4203],[35.1176,32.4203],[35.1176,32.4203],[35.1175,32.4201],[35.1175,32.4201],[35.1174,32.4201],[35.1172,32.42],[35.117,32.42],[35.117,32.42],[35.1168,32.4201],[35.1158,32.421],[35.1158,32.421],[35.1158,32.421],[35.1158,32.421],[35.1158,32.421],[35.1156,32.4211],[35.1153,32.4213],[35.1151,32.4215],[35.115,32.4217],[35.1149,32.4218],[35.1148,32.4219],[35.1148,32.4222],[35.1147,32.4227],[35.1147,32.4227],[35.1146,32.4231],[35.1146,32.4233],[35.1146,32.4235],[35.1146,32.4237],[35.1146,32.4239],[35.1147,32.4242],[35.1149,32.4247],[35.115,32.4249],[35.1152,32.4251],[35.1153,32.4252],[35.1157,32.4255],[35.116,32.4256],[35.1167,32.426],[35.1168,32.426],[35.1174,32.4261],[35.1174,32.4261],[35.1177,32.4261],[35.1177,32.4261],[35.1177,32.4261],[35.1179,32.4262],[35.1179,32.4262],[35.1179,32.4262],[35.1179,32.4262],[35.1179,32.4262],[35.1182,32.4263],[35.1182,32.4263],[35.1184,32.4263],[35.119,32.4265],[35.1193,32.4266],[35.1193,32.4266],[35.1193,32.4266],[35.1197,32.4267],[35.1199,32.4267],[35.1203,32.4267],[35.1205,32.4267],[35.1205,32.4267],[35.1205,32.4267],[35.1205,32.4266],[35.1205,32.4265],[35.1204,32.4264],[35.1204,32.4264],[35.12,32.4261],[35.12,32.4261],[35.12,32.4261],[35.12,32.4261],[35.12,32.4261],[35.1194,32.4256],[35.1194,32.4255]]]]}},{"type":"Feature","properties":{"name":"שטח סגור","remarks":""},"geometry":{"type":"MultiPolygon","coordinates":[[[[35.3679,32.0194],[35.3674,32.0196],[35.3671,32.0199],[35.3662,32.0207],[35.3656,32.0211],[35.3649,32.0215],[35.3638,32.022],[35.3631,32.0223],[35.3625,32.0223],[35.362,32.0223],[35.3613,32.0222],[35.3609,32.022],[35.3605,32.0216],[35.3603,32.0211],[35.36,32.0204],[35.3599,32.0199],[35.3596,32.0191],[35.3594,32.0186],[35.3592,32.0181],[35.3586,32.0174],[35.3581,32.0167],[35.3567,32.0155],[35.3571,32.0164],[35.3574,32.0169],[35.3575,32.0176],[35.3575,32.0181],[35.3575,32.0186],[35.3572,32.0193],[35.3577,32.0194],[35.3582,32.0194],[35.3585,32.0196],[35.3584,32.0199],[35.3584,32.0202],[35.3584,32.0204],[35.3582,32.0206],[35.3579,32.0207],[35.3575,32.0209],[35.3568,32.0211],[35.3566,32.0214],[35.3565,32.0217],[35.3567,32.0221],[35.3568,32.0225],[35.3569,32.023],[35.3568,32.0234],[35.3565,32.0239],[35.3561,32.024],[35.3554,32.0242],[35.3544,32.0244],[35.3539,32.0244],[35.3536,32.0245],[35.3533,32.0248],[35.3531,32.0252],[35.3531,32.0256],[35.3535,32.0256],[35.3546,32.0255],[35.3555,32.0255],[35.3562,32.0255],[35.3569,32.0258],[35.3574,32.0261],[35.3581,32.0266],[35.3586,32.0269],[35.3592,32.0271],[35.3609,32.0269],[35.3622,32.0268],[35.3627,32.0267],[35.3632,32.0263],[35.3636,32.0254],[35.3643,32.0247],[35.3648,32.0245],[35.3656,32.0242],[35.3661,32.0242],[35.3666,32.0242],[35.368,32.0247],[35.3679,32.0228],[35.3679,32.0194]]]]}},{"type":"Feature","properties":{"name":"אטימת שני מבנים נטושים בסמו","remarks":""},"geometry":{"type":"MultiPolygon","coordinates":[[[[35.2211,31.9363],[35.2211,31.9363],[35.2211,31.9363],[35.2212,31.9363],[35.2212,31.9362],[35.2211,31.9362],[35.2211,31.9363],[35.2211,31.9362],[35.2211,31.9363]]]]}},{"type":"Feature","properties":{"name":"שב\"מ תלם","remarks":""},"geometry":{"type":"MultiPolygon","coordinates":[[[[35.0267,31.5644],[35.0267,31.5645],[35.0267,31.5645],[35.0267,31.5646],[35.0267,31.5646],[35.0267,31.5647],[35.0267,31.5647],[35.0267,31.5648],[35.0267,31.5648],[35.0267,31.5648],[35.0267,31.5648],[35.0267,31.5648],[35.0267,31.5648],[35.0267,31.5648],[35.0267,31.5649],[35.0267,31.5649],[35.0267,31.5649],[35.0267,31.5649],[35.0267,31.5649],[35.0267,31.565],[35.0267,31.565],[35.0267,31.565],[35.0267,31.565],[35.0267,31.565],[35.0267,31.565],[35.0267,31.565],[35.0267,31.5651],[35.0267,31.5651],[35.0268,31.5651],[35.0268,31.5651],[35.0268,31.5651],[35.0268,31.5651],[35.0268,31.5651],[35.0268,31.5651],[35.0268,31.5651],[35.0268,31.5651],[35.0268,31.5651],[35.0268,31.5651],[35.0268,31.5651],[35.0268,31.5652],[35.0268,31.5652],[35.0268,31.5652],[35.0269,31.5652],[35.0269,31.5652],[35.0269,31.5652],[35.0269,31.5653],[35.0269,31.5653],[35.0269,31.5653],[35.0269,31.5653],[35.0269,31.5653],[35.0269,31.5653],[35.0269,31.5653],[35.0269,31.5653],[35.0269,31.5653],[35.0269,31.5653],[35.0269,31.5653],[35.0269,31.5653],[35.027,31.5654],[35.027,31.5654],[35.027,31.5654],[35.027,31.5654],[35.027,31.5654],[35.027,31.5654],[35.027,31.5654],[35.027,31.5654],[35.027,31.5654],[35.0271,31.5655],[35.0271,31.5655],[35.0271,31.5655],[35.0271,31.5655],[35.0272,31.5656],[35.0272,31.5656],[35.0272,31.5656],[35.0272,31.5656],[35.0272,31.5656],[35.0272,31.5656],[35.0272,31.5656],[35.0273,31.5656],[35.0273,31.5656],[35.0273,31.5656],[35.0273,31.5656],[35.0273,31.5657],[35.0273,31.5657],[35.0273,31.5657],[35.0273,31.5657],[35.0273,31.5657],[35.0273,31.5657],[35.0273,31.5657],[35.0273,31.5657],[35.0274,31.5657],[35.0274,31.5657],[35.0274,31.5657],[35.0274,31.5657],[35.0274,31.5657],[35.0274,31.5657],[35.0274,31.5658],[35.0274,31.5658],[35.0274,31.5658],[35.0274,31.5658],[35.0274,31.5658],[35.0274,31.5658],[35.0274,31.5658],[35.0274,31.5658],[35.0274,31.5658],[35.0274,31.5659],[35.0274,31.5659],[35.0274,31.5659],[35.0274,31.5659],[35.0274,31.566],[35.0274,31.566],[35.0274,31.566],[35.0274,31.566],[35.0274,31.5661],[35.0274,31.5661],[35.0274,31.5661],[35.0274,31.5661],[35.0274,31.5662],[35.0274,31.5662],[35.0274,31.5662],[35.0274,31.5662],[35.0274,31.5662],[35.0274,31.5662],[35.0274,31.5662],[35.0273,31.5663],[35.0273,31.5663],[35.0273,31.5663],[35.0273,31.5663],[35.0273,31.5663],[35.0273,31.5664],[35.0273,31.5664],[35.0273,31.5664],[35.0273,31.5664],[35.0273,31.5664],[35.0273,31.5664],[35.0273,31.5664],[35.0273,31.5665],[35.0272,31.5665],[35.0272,31.5665],[35.0272,31.5665],[35.0272,31.5665],[35.0272,31.5665],[35.0272,31.5665],[35.0272,31.5665],[35.0272,31.5665],[35.0272,31.5666],[35.0272,31.5666],[35.0272,31.5666],[35.0272,31.5666],[35.0272,31.5666],[35.0272,31.5666],[35.0272,31.5666],[35.0272,31.5667],[35.0272,31.5667],[35.0272,31.5667],[35.0272,31.5668],[35.0272,31.5668],[35.0272,31.5668],[35.0273,31.567],[35.0274,31.567],[35.0274,31.5671],[35.0275,31.5672],[35.0276,31.5673],[35.0276,31.5673],[35.0277,31.5674],[35.0278,31.5675],[35.0279,31.5676],[35.028,31.5676],[35.028,31.5677],[35.0281,31.5678],[35.0281,31.5678],[35.0281,31.5678],[35.0282,31.5679],[35.0283,31.5679],[35.0283,31.5679],[35.0283,31.568],[35.0284,31.568],[35.0285,31.5681],[35.0285,31.5681],[35.0286,31.5682],[35.0286,31.5682],[35.0286,31.5682],[35.0286,31.5682],[35.0286,31.5682],[35.0287,31.5682],[35.0287,31.5682],[35.0287,31.5682],[35.0287,31.5682],[35.0287,31.5682],[35.0287,31.5682],[35.0287,31.5682],[35.0287,31.5683],[35.0287,31.5683],[35.0287,31.5683],[35.0287,31.5683],[35.0287,31.5683],[35.0288,31.5683],[35.0288,31.5683],[35.0288,31.5683],[35.0288,31.5683],[35.0288,31.5683],[35.0288,31.5683],[35.0288,31.5683],[35.0288,31.5683],[35.0288,31.5683],[35.0288,31.5683],[35.0288,31.5683],[35.0288,31.5683],[35.0288,31.5683],[35.0289,31.5684],[35.0289,31.5684],[35.0289,31.5684],[35.0289,31.5684],[35.029,31.5684],[35.029,31.5684],[35.029,31.5685],[35.029,31.5685],[35.029,31.5685],[35.0291,31.5685],[35.0291,31.5685],[35.0291,31.5685],[35.0292,31.5686],[35.0292,31.5686],[35.0292,31.5686],[35.0292,31.5686],[35.0292,31.5686],[35.0292,31.5686],[35.0292,31.5686],[35.0292,31.5686],[35.0292,31.5686],[35.0293,31.5686],[35.0293,31.5686],[35.0293,31.5686],[35.0293,31.5686],[35.0293,31.5686],[35.0293,31.5686],[35.0293,31.5686],[35.0293,31.5686],[35.0294,31.5686],[35.0294,31.5687],[35.0294,31.5687],[35.0294,31.5687],[35.0294,31.5687],[35.0294,31.5687],[35.0294,31.5687],[35.0294,31.5687],[35.0295,31.5687],[35.0295,31.5687],[35.0295,31.5687],[35.0295,31.5687],[35.0296,31.5687],[35.0296,31.5688],[35.0296,31.5688],[35.0296,31.5688],[35.0296,31.5688],[35.0296,31.5688],[35.0297,31.5688],[35.0297,31.5688],[35.0297,31.5688],[35.0297,31.5688],[35.0298,31.5688],[35.0298,31.5689],[35.0298,31.5689],[35.0298,31.5689],[35.0298,31.5689],[35.0298,31.5689],[35.0299,31.5689],[35.0299,31.5689],[35.0299,31.5689],[35.0299,31.569],[35.03,31.569],[35.03,31.569],[35.03,31.569],[35.03,31.569],[35.03,31.569],[35.03,31.569],[35.0301,31.569],[35.0301,31.569],[35.0301,31.569],[35.0301,31.5691],[35.0301,31.5691],[35.0301,31.5691],[35.0301,31.5691],[35.0301,31.5691],[35.0301,31.5691],[35.0301,31.5691],[35.0301,31.5691],[35.0301,31.5691],[35.0301,31.5691],[35.0301,31.5691],[35.0301,31.5691],[35.0301,31.5691],[35.0301,31.5691],[35.0301,31.5691],[35.0301,31.5691],[35.0301,31.5691],[35.0302,31.5691],[35.0302,31.5691],[35.0302,31.5691],[35.0302,31.5691],[35.0302,31.5691],[35.0302,31.5691],[35.0302,31.5691],[35.0302,31.5691],[35.0302,31.5691],[35.0302,31.5691],[35.0302,31.5691],[35.0302,31.5691],[35.0302,31.5691],[35.0302,31.5691],[35.0302,31.5691],[35.0302,31.5691],[35.0302,31.5691],[35.0302,31.5691],[35.0302,31.5691],[35.0302,31.5691],[35.0302,31.5691],[35.0302,31.5691],[35.0303,31.5691],[35.0303,31.5691],[35.0304,31.5692],[35.0305,31.5692],[35.0305,31.5692],[35.0305,31.5692],[35.0306,31.5692],[35.0306,31.5692],[35.0306,31.5692],[35.0306,31.5692],[35.0307,31.5693],[35.0307,31.5693],[35.0307,31.5693],[35.0307,31.5693],[35.0307,31.5693],[35.0307,31.5693],[35.0307,31.5693],[35.0307,31.5693],[35.0308,31.5693],[35.0308,31.5693],[35.0308,31.5693],[35.0308,31.5693],[35.0308,31.5693],[35.0309,31.5693],[35.0309,31.5693],[35.0309,31.5693],[35.0309,31.5693],[35.0309,31.5693],[35.0309,31.5693],[35.0309,31.5694],[35.031,31.5694],[35.031,31.5694],[35.031,31.5694],[35.031,31.5694],[35.031,31.5694],[35.0311,31.5694],[35.0311,31.5694],[35.0311,31.5694],[35.0311,31.5694],[35.0311,31.5694],[35.0311,31.5694],[35.0312,31.5694],[35.0312,31.5694],[35.0312,31.5694],[35.0312,31.5694],[35.0312,31.5694],[35.0312,31.5694],[35.0312,31.5694],[35.0313,31.5695],[35.0313,31.5695],[35.0313,31.5695],[35.0313,31.5695],[35.0313,31.5695],[35.0313,31.5695],[35.0313,31.5695],[35.0313,31.5695],[35.0313,31.5695],[35.0313,31.5695],[35.0314,31.5695],[35.0314,31.5695],[35.0314,31.5695],[35.0314,31.5695],[35.0314,31.5695],[35.0314,31.5695],[35.0315,31.5695],[35.0315,31.5695],[35.0315,31.5695],[35.0315,31.5695],[35.0315,31.5695],[35.0316,31.5696],[35.0316,31.5696],[35.0316,31.5696],[35.0316,31.5696],[35.0316,31.5696],[35.0316,31.5696],[35.0316,31.5696],[35.0316,31.5696],[35.0316,31.5696],[35.0316,31.5696],[35.0316,31.5696],[35.0316,31.5696],[35.0316,31.5696],[35.0316,31.5696],[35.0316,31.5696],[35.0316,31.5696],[35.0316,31.5696],[35.0317,31.5696],[35.0317,31.5696],[35.0317,31.5696],[35.0317,31.5696],[35.0317,31.5696],[35.0317,31.5696],[35.0317,31.5696],[35.0317,31.5696],[35.0317,31.5696],[35.0317,31.5696],[35.0317,31.5696],[35.0317,31.5696],[35.0317,31.5696],[35.0317,31.5696],[35.0317,31.5696],[35.0317,31.5696],[35.0317,31.5696],[35.0317,31.5696],[35.0317,31.5696],[35.0317,31.5696],[35.0317,31.5696],[35.0317,31.5696],[35.0317,31.5696],[35.0317,31.5696],[35.0317,31.5696],[35.0317,31.5696],[35.0317,31.5696],[35.0318,31.5696],[35.0318,31.5696],[35.0318,31.5696],[35.0318,31.5696],[35.0318,31.5696],[35.0318,31.5696],[35.0318,31.5696],[35.0318,31.5696],[35.0318,31.5696],[35.0318,31.5696],[35.0318,31.5696],[35.0318,31.5696],[35.0318,31.5696],[35.0318,31.5696],[35.0318,31.5695],[35.0318,31.5695],[35.0318,31.5695],[35.0318,31.5695],[35.0318,31.5695],[35.0318,31.5695],[35.0318,31.5695],[35.0318,31.5695],[35.0318,31.5695],[35.0319,31.5695],[35.0319,31.5695],[35.0319,31.5695],[35.0319,31.5695],[35.0319,31.5695],[35.0319,31.5695],[35.0319,31.5695],[35.0319,31.5695],[35.0319,31.5695],[35.0319,31.5695],[35.0319,31.5695],[35.0319,31.5695],[35.0319,31.5695],[35.0319,31.5695],[35.0319,31.5695],[35.0319,31.5695],[35.0319,31.5695],[35.0319,31.5695],[35.0319,31.5695],[35.0319,31.5695],[35.0319,31.5695],[35.0319,31.5695],[35.0319,31.5695],[35.0319,31.5695],[35.0319,31.5695],[35.0319,31.5695],[35.0319,31.5695],[35.0319,31.5695],[35.0319,31.5695],[35.0319,31.5695],[35.0319,31.5695],[35.0319,31.5695],[35.0319,31.5695],[35.0319,31.5695],[35.0319,31.5695],[35.0319,31.5695],[35.0319,31.5694],[35.0319,31.5694],[35.0319,31.5694],[35.0319,31.5694],[35.0319,31.5694],[35.0319,31.5694],[35.0319,31.5694],[35.0319,31.5694],[35.0319,31.5694],[35.0319,31.5694],[35.0319,31.5694],[35.0319,31.5694],[35.0319,31.5694],[35.0319,31.5694],[35.0319,31.5694],[35.0319,31.5694],[35.0319,31.5694],[35.0319,31.5694],[35.0319,31.5694],[35.0319,31.5694],[35.0319,31.5694],[35.0319,31.5694],[35.0319,31.5694],[35.0319,31.5694],[35.0319,31.5694],[35.0319,31.5694],[35.0319,31.5694],[35.0319,31.5694],[35.0319,31.5694],[35.0319,31.5694],[35.0319,31.5694],[35.0319,31.5693],[35.0319,31.5692],[35.0319,31.5692],[35.0319,31.5692],[35.0319,31.5692],[35.0319,31.5692],[35.032,31.5691],[35.032,31.569],[35.032,31.569],[35.032,31.569],[35.032,31.5689],[35.032,31.5688],[35.032,31.5688],[35.032,31.5687],[35.032,31.5687],[35.032,31.5687],[35.032,31.5687],[35.032,31.5687],[35.032,31.5686],[35.032,31.5686],[35.032,31.5686],[35.032,31.5686],[35.032,31.5686],[35.032,31.5685],[35.032,31.5685],[35.032,31.5685],[35.032,31.5685],[35.032,31.5685],[35.032,31.5684],[35.032,31.5684],[35.032,31.5684],[35.032,31.5684],[35.032,31.5684],[35.032,31.5683],[35.032,31.5683],[35.032,31.5683],[35.032,31.5683],[35.032,31.5683],[35.032,31.5682],[35.032,31.5682],[35.032,31.5682],[35.032,31.5681],[35.032,31.5681],[35.032,31.5681],[35.032,31.5681],[35.032,31.5681],[35.032,31.5681],[35.032,31.5681],[35.032,31.5681],[35.032,31.568],[35.032,31.568],[35.032,31.568],[35.032,31.568],[35.032,31.568],[35.032,31.568],[35.032,31.568],[35.032,31.568],[35.032,31.568],[35.032,31.568],[35.032,31.568],[35.032,31.568],[35.032,31.568],[35.032,31.568],[35.032,31.568],[35.032,31.568],[35.032,31.568],[35.032,31.568],[35.032,31.568],[35.032,31.5679],[35.032,31.5679],[35.032,31.5679],[35.032,31.5679],[35.032,31.5679],[35.032,31.5679],[35.032,31.5679],[35.032,31.5679],[35.032,31.5679],[35.032,31.5679],[35.032,31.5679],[35.032,31.5679],[35.032,31.5679],[35.032,31.5679],[35.032,31.5679],[35.032,31.5679],[35.032,31.5678],[35.032,31.5678],[35.032,31.5678],[35.032,31.5678],[35.032,31.5678],[35.032,31.5678],[35.032,31.5677],[35.032,31.5677],[35.032,31.5677],[35.0321,31.5676],[35.0321,31.5675],[35.0321,31.5674],[35.0321,31.5674],[35.0321,31.5674],[35.0321,31.5673],[35.0321,31.5673],[35.0321,31.5673],[35.0321,31.5673],[35.0321,31.5673],[35.0321,31.5673],[35.0321,31.5673],[35.0321,31.5673],[35.0321,31.5672],[35.0321,31.5672],[35.0321,31.5672],[35.0321,31.5672],[35.0321,31.5672],[35.0321,31.5672],[35.0321,31.5672],[35.0321,31.5672],[35.0321,31.5672],[35.0321,31.5671],[35.0321,31.5671],[35.0321,31.5671],[35.0321,31.5671],[35.0322,31.5671],[35.0322,31.567],[35.0322,31.567],[35.0322,31.567],[35.0322,31.567],[35.0322,31.567],[35.0322,31.567],[35.0322,31.567],[35.0322,31.567],[35.0322,31.567],[35.0322,31.567],[35.0322,31.567],[35.0322,31.567],[35.0322,31.5669],[35.0322,31.5669],[35.0322,31.5669],[35.0322,31.5669],[35.0322,31.5669],[35.0322,31.5669],[35.0322,31.5669],[35.0322,31.5669],[35.0322,31.5669],[35.0322,31.5669],[35.0322,31.5669],[35.0322,31.5668],[35.0322,31.5668],[35.0322,31.5668],[35.0322,31.5668],[35.0322,31.5668],[35.0322,31.5667],[35.0322,31.5667],[35.0322,31.5667],[35.0322,31.5667],[35.0322,31.5667],[35.0322,31.5667],[35.0322,31.5667],[35.0322,31.5667],[35.0322,31.5667],[35.0322,31.5667],[35.0322,31.5667],[35.0322,31.5667],[35.0322,31.5667],[35.0322,31.5667],[35.0322,31.5667],[35.0322,31.5667],[35.0322,31.5667],[35.0322,31.5667],[35.0322,31.5667],[35.0322,31.5667],[35.0322,31.5667],[35.0322,31.5667],[35.0322,31.5667],[35.0322,31.5667],[35.0322,31.5667],[35.0322,31.5667],[35.0322,31.5667],[35.0322,31.5667],[35.0322,31.5667],[35.0322,31.5667],[35.0322,31.5667],[35.0322,31.5667],[35.0322,31.5667],[35.0322,31.5667],[35.0322,31.5667],[35.0322,31.5667],[35.0322,31.5667],[35.0322,31.5667],[35.0322,31.5667],[35.0322,31.5667],[35.0322,31.5667],[35.0322,31.5667],[35.0322,31.5667],[35.0322,31.5667],[35.0322,31.5667],[35.0322,31.5667],[35.0322,31.5667],[35.0322,31.5667],[35.0322,31.5667],[35.0322,31.5667],[35.0322,31.5667],[35.0322,31.5667],[35.0322,31.5667],[35.0322,31.5667],[35.0322,31.5667],[35.0322,31.5667],[35.0322,31.5667],[35.0322,31.5667],[35.0322,31.5667],[35.0322,31.5667],[35.0322,31.5667],[35.0322,31.5667],[35.0322,31.5667],[35.0322,31.5667],[35.0322,31.5667],[35.0322,31.5667],[35.0322,31.5667],[35.0322,31.5667],[35.0322,31.5667],[35.0322,31.5667],[35.0322,31.5667],[35.0322,31.5667],[35.0322,31.5667],[35.0322,31.5667],[35.0322,31.5667],[35.0322,31.5667],[35.0322,31.5667],[35.0322,31.5667],[35.0322,31.5667],[35.0322,31.5667],[35.0322,31.5667],[35.0322,31.5667],[35.0322,31.5667],[35.0322,31.5667],[35.0322,31.5667],[35.0322,31.5667],[35.0322,31.5667],[35.0322,31.5667],[35.0322,31.5667],[35.0322,31.5667],[35.0322,31.5667],[35.0322,31.5667],[35.0322,31.5667],[35.0322,31.5667],[35.0322,31.5667],[35.0322,31.5667],[35.0322,31.5667],[35.0322,31.5667],[35.0322,31.5667],[35.0322,31.5667],[35.0322,31.5667],[35.0322,31.5667],[35.0322,31.5667],[35.0322,31.5667],[35.0322,31.5667],[35.0322,31.5667],[35.0322,31.5667],[35.0322,31.5667],[35.0322,31.5667],[35.0322,31.5667],[35.0322,31.5667],[35.0322,31.5667],[35.0322,31.5667],[35.0322,31.5667],[35.0322,31.5667],[35.0322,31.5667],[35.0322,31.5667],[35.0322,31.5667],[35.0322,31.5667],[35.0322,31.5667],[35.0322,31.5667],[35.0322,31.5667],[35.0322,31.5667],[35.0322,31.5667],[35.0322,31.5667],[35.0322,31.5667],[35.0322,31.5667],[35.0322,31.5667],[35.0322,31.5667],[35.0322,31.5667],[35.0322,31.5667],[35.0322,31.5667],[35.0322,31.5667],[35.0322,31.5667],[35.0322,31.5667],[35.0322,31.5667],[35.0322,31.5667],[35.0322,31.5667],[35.0322,31.5667],[35.0322,31.5667],[35.0322,31.5667],[35.0322,31.5667],[35.0322,31.5667],[35.0322,31.5667],[35.0322,31.5667],[35.0322,31.5667],[35.0322,31.5667],[35.0322,31.5667],[35.0322,31.5667],[35.0322,31.5667],[35.0322,31.5667],[35.0322,31.5667],[35.0322,31.5667],[35.0322,31.5667],[35.0322,31.5667],[35.0322,31.5667],[35.0322,31.5667],[35.0322,31.5667],[35.0322,31.5666],[35.0322,31.5666],[35.0322,31.5666],[35.0322,31.5666],[35.0322,31.5666],[35.0322,31.5666],[35.0322,31.5666],[35.0322,31.5666],[35.0322,31.5666],[35.0322,31.5666],[35.0322,31.5666],[35.0322,31.5666],[35.0322,31.5666],[35.0322,31.5666],[35.0322,31.5666],[35.0322,31.5666],[35.0322,31.5666],[35.0322,31.5666],[35.0322,31.5666],[35.0322,31.5666],[35.0322,31.5666],[35.0322,31.5666],[35.0322,31.5666],[35.0322,31.5666],[35.0322,31.5666],[35.0322,31.5666],[35.0322,31.5666],[35.0322,31.5666],[35.0322,31.5666],[35.0322,31.5666],[35.0322,31.5666],[35.0322,31.5666],[35.0322,31.5666],[35.0322,31.5666],[35.0322,31.5666],[35.0322,31.5666],[35.0322,31.5666],[35.0322,31.5666],[35.0322,31.5666],[35.0322,31.5666],[35.0322,31.5666],[35.0322,31.5666],[35.0322,31.5666],[35.0322,31.5665],[35.0322,31.5665],[35.0322,31.5665],[35.0322,31.5665],[35.0322,31.5665],[35.0322,31.5665],[35.0322,31.5665],[35.0322,31.5665],[35.0322,31.5665],[35.0322,31.5665],[35.0322,31.5665],[35.0322,31.5665],[35.0322,31.5665],[35.0322,31.5665],[35.0322,31.5665],[35.0322,31.5665],[35.0322,31.5665],[35.0322,31.5665],[35.0322,31.5665],[35.0322,31.5665],[35.0322,31.5665],[35.0322,31.5665],[35.0322,31.5665],[35.0322,31.5665],[35.0322,31.5665],[35.0322,31.5665],[35.0322,31.5665],[35.0322,31.5665],[35.0322,31.5665],[35.0322,31.5664],[35.0322,31.5664],[35.0322,31.5664],[35.0322,31.5664],[35.0322,31.5664],[35.0322,31.5664],[35.0322,31.5664],[35.0322,31.5664],[35.0322,31.5664],[35.0322,31.5664],[35.0322,31.5664],[35.0322,31.5664],[35.0322,31.5664],[35.0322,31.5664],[35.0322,31.5664],[35.0322,31.5664],[35.0322,31.5664],[35.0322,31.5664],[35.0322,31.5664],[35.0322,31.5664],[35.0322,31.5664],[35.0322,31.5664],[35.0322,31.5664],[35.0322,31.5664],[35.0322,31.5664],[35.0322,31.5663],[35.0322,31.5663],[35.0322,31.5663],[35.0322,31.5663],[35.0322,31.5663],[35.0322,31.5663],[35.0322,31.5663],[35.0322,31.5663],[35.0322,31.5663],[35.0322,31.5663],[35.0322,31.5663],[35.0322,31.5663],[35.0322,31.5663],[35.0322,31.5663],[35.0322,31.5663],[35.0322,31.5663],[35.0322,31.5663],[35.0322,31.5663],[35.0322,31.5663],[35.0322,31.5663],[35.0322,31.5663],[35.0322,31.5663],[35.0322,31.5663],[35.0322,31.5663],[35.0322,31.5663],[35.0322,31.5663],[35.0322,31.5663],[35.0322,31.5662],[35.0322,31.5662],[35.0322,31.5662],[35.0322,31.5662],[35.0322,31.5662],[35.0322,31.5662],[35.0322,31.5662],[35.0322,31.5662],[35.0322,31.5662],[35.0322,31.5662],[35.0322,31.5662],[35.0322,31.5661],[35.0322,31.5661],[35.0322,31.5661],[35.0322,31.5661],[35.0322,31.5661],[35.0322,31.5661],[35.0322,31.5661],[35.0322,31.5661],[35.0322,31.5661],[35.0322,31.5661],[35.0322,31.5661],[35.0322,31.5661],[35.0322,31.5661],[35.0322,31.5661],[35.0322,31.5661],[35.0322,31.5661],[35.0322,31.5661],[35.0322,31.5661],[35.0322,31.5661],[35.0322,31.5661],[35.0322,31.5661],[35.0322,31.5661],[35.0322,31.5661],[35.0322,31.5661],[35.0322,31.5661],[35.0322,31.5661],[35.0322,31.5661],[35.0322,31.5661],[35.0322,31.5661],[35.0322,31.5661],[35.0322,31.5661],[35.0322,31.5661],[35.0322,31.5661],[35.0322,31.5661],[35.0322,31.5661],[35.0322,31.5661],[35.0322,31.5661],[35.0322,31.5661],[35.0322,31.5661],[35.0322,31.5661],[35.0322,31.5661],[35.0322,31.5661],[35.0322,31.5661],[35.0322,31.5661],[35.0322,31.5661],[35.0322,31.5661],[35.0322,31.5661],[35.0322,31.5661],[35.0322,31.5661],[35.0322,31.5661],[35.0322,31.5661],[35.0322,31.5661],[35.0322,31.5661],[35.0322,31.5661],[35.0322,31.5661],[35.0322,31.5661],[35.0322,31.5661],[35.0322,31.5661],[35.0322,31.566],[35.0322,31.566],[35.0322,31.566],[35.0322,31.566],[35.0322,31.566],[35.0322,31.566],[35.0322,31.566],[35.0322,31.566],[35.0322,31.566],[35.0322,31.566],[35.0322,31.566],[35.0322,31.566],[35.0322,31.566],[35.0322,31.566],[35.0322,31.566],[35.0322,31.566],[35.0322,31.566],[35.0322,31.566],[35.0322,31.566],[35.0322,31.566],[35.0322,31.566],[35.0322,31.566],[35.0322,31.566],[35.0322,31.566],[35.0322,31.566],[35.0322,31.566],[35.0322,31.566],[35.0322,31.566],[35.0322,31.566],[35.0322,31.566],[35.0322,31.566],[35.0322,31.566],[35.0322,31.566],[35.0322,31.566],[35.0322,31.566],[35.0322,31.566],[35.0321,31.566],[35.0321,31.566],[35.0321,31.566],[35.0321,31.566],[35.0321,31.566],[35.0321,31.566],[35.0321,31.566],[35.0321,31.566],[35.0321,31.566],[35.0321,31.566],[35.0321,31.566],[35.0321,31.566],[35.0321,31.566],[35.0321,31.566],[35.0321,31.566],[35.0321,31.566],[35.0321,31.566],[35.0321,31.566],[35.0321,31.566],[35.0321,31.566],[35.0321,31.566],[35.0321,31.566],[35.0321,31.566],[35.0321,31.566],[35.0321,31.566],[35.0321,31.566],[35.0321,31.566],[35.0321,31.566],[35.0321,31.566],[35.0321,31.566],[35.0321,31.566],[35.0321,31.566],[35.0321,31.566],[35.0321,31.566],[35.0321,31.566],[35.0321,31.566],[35.0321,31.566],[35.0321,31.566],[35.0321,31.566],[35.0321,31.566],[35.0321,31.566],[35.0321,31.566],[35.0321,31.566],[35.0321,31.566],[35.0321,31.566],[35.0321,31.566],[35.0321,31.566],[35.0321,31.566],[35.0321,31.566],[35.0321,31.566],[35.0321,31.566],[35.0321,31.566],[35.0321,31.566],[35.0321,31.566],[35.0321,31.566],[35.0321,31.566],[35.0321,31.566],[35.0321,31.566],[35.0321,31.566],[35.0321,31.566],[35.0321,31.566],[35.0321,31.566],[35.0321,31.566],[35.0321,31.566],[35.0321,31.566],[35.0321,31.566],[35.0321,31.5659],[35.0321,31.5659],[35.0321,31.5659],[35.0321,31.5659],[35.0321,31.5659],[35.0321,31.5659],[35.0321,31.5659],[35.0321,31.5659],[35.0321,31.5659],[35.0321,31.5659],[35.0321,31.5659],[35.0321,31.5659],[35.0321,31.5659],[35.0321,31.5659],[35.0321,31.5659],[35.0321,31.5659],[35.0321,31.5659],[35.0321,31.5659],[35.0321,31.5659],[35.0321,31.5659],[35.0321,31.5659],[35.0321,31.5659],[35.0321,31.5659],[35.0321,31.5659],[35.0321,31.5659],[35.0321,31.5659],[35.0321,31.5659],[35.0321,31.5659],[35.0321,31.5659],[35.0321,31.5658],[35.0321,31.5658],[35.0321,31.5658],[35.0321,31.5658],[35.0321,31.5658],[35.0321,31.5658],[35.0321,31.5657],[35.0321,31.5657],[35.0321,31.5657],[35.0321,31.5657],[35.0321,31.5657],[35.0321,31.5657],[35.0321,31.5657],[35.0321,31.5657],[35.0321,31.5657],[35.0321,31.5657],[35.0321,31.5657],[35.0321,31.5657],[35.0321,31.5657],[35.0321,31.5657],[35.0321,31.5657],[35.0321,31.5657],[35.0321,31.5657],[35.0321,31.5657],[35.0321,31.5657],[35.0321,31.5657],[35.0321,31.5657],[35.0321,31.5657],[35.0321,31.5657],[35.0321,31.5657],[35.0321,31.5657],[35.0321,31.5657],[35.0321,31.5657],[35.0321,31.5657],[35.0321,31.5657],[35.0321,31.5657],[35.0321,31.5657],[35.0321,31.5657],[35.0321,31.5657],[35.0321,31.5657],[35.0321,31.5657],[35.0321,31.5656],[35.0321,31.5656],[35.0321,31.5656],[35.0321,31.5656],[35.0321,31.5656],[35.0321,31.5656],[35.0321,31.5656],[35.0321,31.5656],[35.0321,31.5656],[35.0321,31.5656],[35.0321,31.5656],[35.0321,31.5656],[35.0321,31.5656],[35.0321,31.5656],[35.0321,31.5656],[35.0321,31.5655],[35.0322,31.5655],[35.0322,31.5655],[35.0322,31.5655],[35.0322,31.5655],[35.0322,31.5655],[35.0322,31.5654],[35.0322,31.5654],[35.0322,31.5654],[35.0322,31.5654],[35.0322,31.5654],[35.0322,31.5654],[35.0322,31.5654],[35.0322,31.5654],[35.0322,31.5654],[35.0322,31.5654],[35.0322,31.5653],[35.0322,31.5653],[35.0322,31.5653],[35.0322,31.5653],[35.0322,31.5653],[35.0322,31.5653],[35.0322,31.5653],[35.0322,31.5653],[35.0322,31.5653],[35.0322,31.5653],[35.0322,31.5653],[35.0322,31.5653],[35.0322,31.5652],[35.0322,31.5652],[35.0322,31.5651],[35.0322,31.5651],[35.0322,31.5651],[35.0322,31.5651],[35.0322,31.5651],[35.0322,31.5651],[35.0322,31.5651],[35.0322,31.565],[35.0322,31.565],[35.0322,31.565],[35.0322,31.565],[35.0322,31.565],[35.0322,31.565],[35.0322,31.565],[35.0322,31.565],[35.0322,31.565],[35.0322,31.565],[35.0322,31.565],[35.0322,31.565],[35.0322,31.5649],[35.0322,31.5649],[35.0322,31.5649],[35.0322,31.5649],[35.0322,31.5649],[35.0322,31.5649],[35.0322,31.5649],[35.0322,31.5649],[35.0322,31.5649],[35.0322,31.5649],[35.0322,31.5649],[35.0322,31.5649],[35.0322,31.5649],[35.0322,31.5649],[35.0322,31.5649],[35.0322,31.5649],[35.0322,31.5649],[35.0322,31.5649],[35.0322,31.5649],[35.0322,31.5648],[35.0322,31.5648],[35.0323,31.5648],[35.0323,31.5648],[35.0323,31.5648],[35.0323,31.5648],[35.0323,31.5648],[35.0323,31.5648],[35.0323,31.5648],[35.0323,31.5648],[35.0323,31.5648],[35.0323,31.5648],[35.0323,31.5648],[35.0323,31.5648],[35.0323,31.5648],[35.0323,31.5648],[35.0323,31.5648],[35.0323,31.5648],[35.0323,31.5648],[35.0323,31.5648],[35.0323,31.5648],[35.0323,31.5648],[35.0323,31.5648],[35.0323,31.5648],[35.0323,31.5648],[35.0323,31.5648],[35.0323,31.5648],[35.0323,31.5648],[35.0323,31.5648],[35.0323,31.5648],[35.0323,31.5648],[35.0323,31.5648],[35.0323,31.5648],[35.0323,31.5648],[35.0323,31.5648],[35.0323,31.5648],[35.0323,31.5648],[35.0323,31.5648],[35.0323,31.5648],[35.0323,31.5648],[35.0323,31.5648],[35.0323,31.5648],[35.0323,31.5648],[35.0323,31.5647],[35.0323,31.5647],[35.0323,31.5647],[35.0323,31.5647],[35.0323,31.5647],[35.0323,31.5647],[35.0323,31.5647],[35.0323,31.5647],[35.0323,31.5645],[35.0324,31.5644],[35.0324,31.5644],[35.0324,31.5643],[35.0324,31.5642],[35.0325,31.5642],[35.0325,31.5641],[35.0325,31.564],[35.0325,31.564],[35.0325,31.564],[35.0325,31.564],[35.0325,31.5639],[35.0325,31.5639],[35.0325,31.5639],[35.0325,31.5639],[35.0326,31.5639],[35.0326,31.5638],[35.0326,31.5638],[35.0326,31.5638],[35.0326,31.5638],[35.0326,31.5638],[35.0326,31.5638],[35.0326,31.5638],[35.0326,31.5638],[35.0326,31.5638],[35.0326,31.5638],[35.0326,31.5637],[35.0326,31.5637],[35.0326,31.5637],[35.0326,31.5637],[35.0326,31.5637],[35.0326,31.5637],[35.0326,31.5637],[35.0326,31.5637],[35.0326,31.5637],[35.0326,31.5637],[35.0326,31.5636],[35.0326,31.5636],[35.0326,31.5636],[35.0326,31.5636],[35.0326,31.5636],[35.0327,31.5636],[35.0327,31.5636],[35.0327,31.5635],[35.0327,31.5635],[35.0327,31.5635],[35.0327,31.5634],[35.0327,31.5633],[35.0328,31.5632],[35.0328,31.5632],[35.0329,31.5631],[35.0329,31.563],[35.0329,31.5629],[35.0329,31.5628],[35.0329,31.5628],[35.0329,31.5628],[35.0329,31.5628],[35.033,31.5627],[35.033,31.5626],[35.033,31.5626],[35.033,31.5626],[35.033,31.5625],[35.033,31.5625],[35.033,31.5625],[35.033,31.5625],[35.0331,31.5623],[35.0331,31.5623],[35.0331,31.5622],[35.0331,31.5622],[35.0331,31.5622],[35.0331,31.5621],[35.0331,31.5621],[35.0331,31.5621],[35.0332,31.5621],[35.0332,31.5621],[35.0332,31.5621],[35.0332,31.5621],[35.0332,31.562],[35.0332,31.562],[35.0332,31.562],[35.0332,31.562],[35.0332,31.562],[35.0332,31.562],[35.0332,31.5619],[35.0332,31.5621],[35.033,31.5623],[35.033,31.5626],[35.0329,31.5627],[35.0328,31.5627],[35.0327,31.5627],[35.0325,31.5627],[35.0323,31.5626],[35.0322,31.5627],[35.0322,31.5629],[35.0323,31.5631],[35.0324,31.5633],[35.0324,31.5636],[35.0324,31.5637],[35.0324,31.5639],[35.0324,31.5639],[35.0323,31.5642],[35.0322,31.5644],[35.0321,31.5644],[35.0321,31.5645],[35.032,31.5645],[35.032,31.5645],[35.032,31.5647],[35.0319,31.5648],[35.0319,31.5651],[35.0318,31.5657],[35.0318,31.5658],[35.0318,31.5658],[35.0317,31.5659],[35.0316,31.5659],[35.0316,31.5659],[35.0315,31.566],[35.0316,31.566],[35.0316,31.5661],[35.0317,31.5662],[35.0317,31.5662],[35.0318,31.5662],[35.032,31.5663],[35.0321,31.5663],[35.0321,31.5664],[35.0321,31.5665],[35.0321,31.5667],[35.0319,31.567],[35.0319,31.5671],[35.0318,31.5672],[35.0317,31.5673],[35.0313,31.5674],[35.0309,31.5675],[35.0309,31.5676],[35.0308,31.5676],[35.0308,31.5677],[35.0307,31.5677],[35.0307,31.5678],[35.0307,31.5679],[35.0307,31.5679],[35.0309,31.568],[35.031,31.5681],[35.031,31.5681],[35.0311,31.5682],[35.0311,31.5683],[35.031,31.5683],[35.031,31.5684],[35.0308,31.5684],[35.0308,31.5685],[35.0307,31.5686],[35.0307,31.5686],[35.0308,31.5687],[35.031,31.5689],[35.0311,31.5691],[35.0311,31.5691],[35.0311,31.5692],[35.0311,31.5692],[35.0311,31.5692],[35.031,31.5693],[35.031,31.5692],[35.0309,31.5692],[35.0305,31.569],[35.0297,31.5685],[35.0292,31.5683],[35.0291,31.5682],[35.029,31.5681],[35.029,31.568],[35.029,31.5679],[35.0291,31.5678],[35.0293,31.5674],[35.0294,31.5673],[35.0295,31.5672],[35.0296,31.5671],[35.0296,31.5671],[35.0296,31.567],[35.0296,31.5669],[35.0296,31.5668],[35.0296,31.5666],[35.0296,31.566],[35.0297,31.5656],[35.0297,31.5653],[35.0296,31.5651],[35.0295,31.565],[35.0294,31.565],[35.0292,31.5649],[35.0286,31.5647],[35.0284,31.5646],[35.0283,31.5645],[35.0282,31.5644],[35.0281,31.5643],[35.028,31.5642],[35.028,31.5641],[35.0281,31.5639],[35.0282,31.5638],[35.0284,31.5637],[35.0285,31.5637],[35.0287,31.5638],[35.0291,31.564],[35.0292,31.5641],[35.0293,31.564],[35.0294,31.564],[35.0294,31.564],[35.0295,31.5639],[35.0295,31.5638],[35.0295,31.5637],[35.0294,31.5631],[35.0294,31.563],[35.0294,31.5629],[35.0296,31.5626],[35.0297,31.5622],[35.0299,31.562],[35.0304,31.5613],[35.0311,31.5613],[35.0311,31.5612],[35.0312,31.5612],[35.0314,31.5611],[35.0314,31.5611],[35.0314,31.561],[35.0315,31.561],[35.0317,31.5609],[35.0321,31.5607],[35.0321,31.5607],[35.032,31.5606],[35.032,31.5606],[35.0319,31.5606],[35.0319,31.5605],[35.0318,31.5605],[35.0316,31.5605],[35.0316,31.5604],[35.0316,31.5604],[35.0316,31.5604],[35.0316,31.5604],[35.0316,31.5604],[35.0316,31.5604],[35.0316,31.5604],[35.0316,31.5604],[35.0316,31.5604],[35.0315,31.5604],[35.0315,31.5604],[35.0315,31.5604],[35.0315,31.5604],[35.0315,31.5604],[35.0314,31.5604],[35.0314,31.5604],[35.0314,31.5604],[35.0313,31.5604],[35.0313,31.5604],[35.0313,31.5604],[35.0313,31.5604],[35.0313,31.5604],[35.0313,31.5604],[35.0313,31.5604],[35.0313,31.5604],[35.0312,31.5604],[35.0312,31.5604],[35.0312,31.5604],[35.0312,31.5604],[35.0312,31.5604],[35.0311,31.5605],[35.031,31.5605],[35.031,31.5605],[35.031,31.5605],[35.0309,31.5605],[35.0309,31.5606],[35.0308,31.5606],[35.0308,31.5606],[35.0307,31.5607],[35.0307,31.5607],[35.0306,31.5607],[35.0305,31.5608],[35.0304,31.5608],[35.0303,31.5609],[35.0303,31.5609],[35.0303,31.5609],[35.0303,31.5609],[35.0303,31.5609],[35.0303,31.5609],[35.0302,31.5609],[35.0302,31.5609],[35.0302,31.5609],[35.0302,31.5609],[35.0302,31.5609],[35.0302,31.5609],[35.0302,31.5609],[35.0302,31.5609],[35.0302,31.5609],[35.0301,31.5609],[35.0301,31.5609],[35.0301,31.561],[35.0301,31.561],[35.0301,31.561],[35.0301,31.561],[35.0301,31.561],[35.0301,31.561],[35.0301,31.561],[35.0301,31.561],[35.03,31.561],[35.03,31.561],[35.03,31.561],[35.03,31.561],[35.03,31.561],[35.03,31.561],[35.03,31.561],[35.03,31.561],[35.03,31.561],[35.03,31.561],[35.03,31.5611],[35.03,31.5611],[35.0299,31.5611],[35.0299,31.5611],[35.0299,31.5611],[35.0299,31.5611],[35.0299,31.5611],[35.0299,31.5611],[35.0298,31.5611],[35.0298,31.5612],[35.0298,31.5612],[35.0298,31.5612],[35.0298,31.5612],[35.0298,31.5612],[35.0298,31.5612],[35.0298,31.5612],[35.0297,31.5613],[35.0295,31.5615],[35.0295,31.5615],[35.0295,31.5615],[35.0295,31.5616],[35.0294,31.5616],[35.0294,31.5616],[35.0294,31.5616],[35.0294,31.5616],[35.0294,31.5616],[35.0294,31.5616],[35.0294,31.5616],[35.0293,31.5617],[35.0293,31.5617],[35.0293,31.5617],[35.0293,31.5617],[35.0293,31.5617],[35.0293,31.5617],[35.0292,31.5617],[35.0292,31.5617],[35.0292,31.5617],[35.0292,31.5617],[35.0292,31.5617],[35.0292,31.5618],[35.0291,31.5618],[35.029,31.5618],[35.029,31.5618],[35.0289,31.5619],[35.0289,31.5619],[35.0288,31.5619],[35.0288,31.562],[35.0288,31.562],[35.0288,31.562],[35.0287,31.562],[35.0287,31.562],[35.0287,31.562],[35.0287,31.562],[35.0287,31.562],[35.0287,31.562],[35.0287,31.562],[35.0287,31.562],[35.0286,31.562],[35.0286,31.562],[35.0286,31.562],[35.0286,31.562],[35.0286,31.562],[35.0286,31.562],[35.0286,31.562],[35.0286,31.562],[35.0286,31.562],[35.0285,31.5621],[35.0285,31.5621],[35.0285,31.5621],[35.0285,31.5621],[35.0285,31.5621],[35.0285,31.5621],[35.0285,31.5621],[35.0285,31.5621],[35.0285,31.5621],[35.0284,31.5621],[35.0284,31.5621],[35.0284,31.5621],[35.0284,31.5621],[35.0284,31.5621],[35.0284,31.5621],[35.0284,31.5621],[35.0284,31.5621],[35.0283,31.5621],[35.0283,31.5622],[35.0283,31.5622],[35.0283,31.5622],[35.0282,31.5622],[35.0282,31.5622],[35.0281,31.5622],[35.0281,31.5622],[35.0281,31.5623],[35.0281,31.5623],[35.0281,31.5623],[35.028,31.5624],[35.0279,31.5625],[35.0279,31.5625],[35.0277,31.5626],[35.0275,31.5626],[35.0275,31.5626],[35.0274,31.5626],[35.0274,31.5626],[35.0274,31.5626],[35.0274,31.5626],[35.0274,31.5626],[35.0274,31.5626],[35.0274,31.5626],[35.0274,31.5626],[35.0274,31.5626],[35.0274,31.5626],[35.0274,31.5626],[35.0274,31.5627],[35.0274,31.5627],[35.0274,31.5627],[35.0274,31.5628],[35.0274,31.5628],[35.0274,31.5628],[35.0274,31.5628],[35.0273,31.5628],[35.0273,31.5628],[35.0273,31.5628],[35.0273,31.5629],[35.0273,31.5629],[35.0273,31.5629],[35.0273,31.563],[35.0273,31.563],[35.0273,31.563],[35.0273,31.563],[35.0273,31.563],[35.0273,31.5631],[35.0273,31.5631],[35.0273,31.5631],[35.0273,31.5631],[35.0272,31.5631],[35.0272,31.5631],[35.0272,31.5631],[35.0272,31.5632],[35.0272,31.5632],[35.0272,31.5632],[35.0272,31.5632],[35.0271,31.5633],[35.0271,31.5633],[35.027,31.5633],[35.027,31.5633],[35.0269,31.5634],[35.0269,31.5634],[35.0269,31.5634],[35.0269,31.5634],[35.0269,31.5635],[35.0269,31.5635],[35.0269,31.5635],[35.0269,31.5635],[35.0269,31.5635],[35.0269,31.5635],[35.0268,31.5635],[35.0268,31.5635],[35.0268,31.5635],[35.0268,31.5635],[35.0268,31.5635],[35.0268,31.5636],[35.0268,31.5636],[35.0268,31.5636],[35.0268,31.5636],[35.0268,31.5636],[35.0268,31.5636],[35.0268,31.5637],[35.0268,31.5637],[35.0268,31.5638],[35.0267,31.5638],[35.0267,31.5639],[35.0267,31.5639],[35.0267,31.5639],[35.0267,31.564],[35.0267,31.564],[35.0267,31.564],[35.0267,31.5641],[35.0267,31.5642],[35.0267,31.5642],[35.0267,31.5644],[35.0267,31.5644]]]]}},{"type":"Feature","properties":{"name":"מרכיבי בטחון ביתר עילית","remarks":""},"geometry":{"type":"MultiPolygon","coordinates":[[[[35.1101,31.6889],[35.1103,31.6892],[35.1107,31.6897],[35.111,31.69],[35.1113,31.6902],[35.1114,31.6903],[35.1115,31.6907],[35.1115,31.6909],[35.112,31.6907],[35.1123,31.6906],[35.1139,31.6898],[35.1146,31.6896],[35.115,31.6896],[35.1151,31.6897],[35.1154,31.6902],[35.1155,31.6905],[35.1161,31.6909],[35.1171,31.6913],[35.1177,31.6917],[35.1181,31.6921],[35.1185,31.6923],[35.119,31.6927],[35.1195,31.6929],[35.1198,31.6931],[35.1202,31.6932],[35.1208,31.6934],[35.1209,31.6935],[35.1212,31.6935],[35.1215,31.6934],[35.1219,31.6933],[35.1222,31.6933],[35.1226,31.6934],[35.123,31.6935],[35.1232,31.6937],[35.1233,31.6939],[35.1235,31.694],[35.1237,31.6941],[35.124,31.6942],[35.1242,31.6944],[35.1245,31.6946],[35.1247,31.6947],[35.125,31.6948],[35.1251,31.6948],[35.1252,31.6946],[35.1254,31.6945],[35.1255,31.6945],[35.1254,31.6945],[35.1252,31.6943],[35.1246,31.694],[35.1241,31.6937],[35.1241,31.6937],[35.1241,31.6937],[35.1236,31.6934],[35.1233,31.6933],[35.1233,31.6933],[35.1233,31.6933],[35.1228,31.6927],[35.1226,31.6926],[35.1223,31.6925],[35.1219,31.6925],[35.1213,31.6926],[35.1213,31.6926],[35.1213,31.6926],[35.1209,31.6925],[35.1209,31.6925],[35.1209,31.6925],[35.1209,31.6925],[35.1205,31.6924],[35.1205,31.6924],[35.1205,31.6924],[35.1199,31.6921],[35.1199,31.6921],[35.1199,31.6921],[35.1196,31.6919],[35.1191,31.6918],[35.1191,31.6918],[35.1191,31.6918],[35.1188,31.6917],[35.1188,31.6917],[35.1188,31.6917],[35.1188,31.6917],[35.1182,31.6913],[35.1174,31.6908],[35.1168,31.6905],[35.1163,31.6903],[35.1163,31.6903],[35.1163,31.6903],[35.1161,31.6902],[35.1161,31.6902],[35.1161,31.6902],[35.1159,31.6901],[35.1159,31.6901],[35.1159,31.6901],[35.1158,31.6898],[35.1158,31.6898],[35.1158,31.6898],[35.1157,31.6895],[35.1154,31.6892],[35.1153,31.6891],[35.115,31.6891],[35.1148,31.6891],[35.1146,31.6893],[35.1145,31.6894],[35.1145,31.6894],[35.1145,31.6894],[35.1143,31.6895],[35.1142,31.6895],[35.1142,31.6895],[35.1139,31.6897],[35.1139,31.6897],[35.1139,31.6897],[35.1139,31.6897],[35.1135,31.6898],[35.1135,31.6898],[35.1135,31.6898],[35.1132,31.6898],[35.1131,31.6898],[35.1131,31.6898],[35.1128,31.6897],[35.1124,31.6897],[35.1124,31.6897],[35.1124,31.6897],[35.112,31.6896],[35.1117,31.6895],[35.1113,31.6895],[35.1113,31.6895],[35.1113,31.6895],[35.1109,31.6894],[35.1109,31.6894],[35.1109,31.6894],[35.1105,31.6892],[35.1101,31.6889]]]]}},{"type":"Feature","properties":{"name":"מרכיבי בטחון אדורה","remarks":""},"geometry":{"type":"MultiPolygon","coordinates":[[[[35.0171,31.5548],[35.0175,31.555],[35.0177,31.555],[35.0178,31.555],[35.0181,31.5551],[35.0182,31.5551],[35.0186,31.5553],[35.0187,31.5553],[35.0186,31.5553],[35.0185,31.5552],[35.0184,31.5551],[35.0182,31.555],[35.0184,31.5549],[35.0185,31.5549],[35.0186,31.5548],[35.0187,31.5547],[35.0188,31.5546],[35.0189,31.5545],[35.0189,31.5544],[35.019,31.5542],[35.0192,31.5541],[35.0192,31.554],[35.0193,31.5539],[35.0194,31.5539],[35.0195,31.5537],[35.0196,31.5536],[35.0197,31.5535],[35.0199,31.5533],[35.02,31.5532],[35.0202,31.5529],[35.0202,31.5528],[35.0203,31.5527],[35.0203,31.5526],[35.0202,31.5527],[35.02,31.5528],[35.0194,31.5529],[35.0186,31.5532],[35.0185,31.5532],[35.0184,31.5532],[35.0183,31.5533],[35.0181,31.5534],[35.0177,31.5532],[35.0173,31.553],[35.017,31.5529],[35.0166,31.5529],[35.0165,31.5523],[35.0161,31.5524],[35.0157,31.5526],[35.0158,31.553],[35.0159,31.5534],[35.0161,31.5534],[35.0161,31.5535],[35.0161,31.5536],[35.0162,31.5537],[35.0164,31.5539],[35.0166,31.5541],[35.0166,31.5541],[35.0167,31.5542],[35.0169,31.5544],[35.017,31.5545],[35.0172,31.5547],[35.0171,31.5548]]],[[[35.0134,31.5526],[35.0134,31.5526],[35.0138,31.5527],[35.0141,31.5529],[35.0148,31.5532],[35.0152,31.5531],[35.0156,31.553],[35.0155,31.5527],[35.0153,31.5523],[35.0152,31.5523],[35.0152,31.5522],[35.0152,31.5522],[35.0151,31.5522],[35.0151,31.5521],[35.0151,31.5521],[35.015,31.5519],[35.015,31.5518],[35.015,31.5517],[35.015,31.5517],[35.015,31.5516],[35.015,31.5516],[35.0152,31.5515],[35.0152,31.5514],[35.0153,31.5513],[35.0153,31.5512],[35.0153,31.5512],[35.0154,31.5511],[35.0154,31.5511],[35.0154,31.551],[35.0153,31.551],[35.0153,31.551],[35.0153,31.5509],[35.0152,31.5508],[35.0152,31.5507],[35.0151,31.5507],[35.0149,31.5505],[35.0148,31.5504],[35.0147,31.5503],[35.0147,31.5502],[35.0147,31.5502],[35.0147,31.5501],[35.0148,31.5499],[35.0149,31.5497],[35.015,31.5497],[35.0151,31.5496],[35.0153,31.5495],[35.0154,31.5495],[35.0155,31.5495],[35.0156,31.5495],[35.0157,31.5495],[35.0157,31.5496],[35.0159,31.5497],[35.016,31.5498],[35.0161,31.5498],[35.0161,31.5499],[35.0165,31.5504],[35.0167,31.5506],[35.0172,31.5511],[35.0177,31.5515],[35.018,31.5517],[35.0184,31.5519],[35.0186,31.552],[35.0188,31.552],[35.0189,31.5521],[35.0192,31.5521],[35.0197,31.5522],[35.0201,31.5522],[35.0204,31.5523],[35.0206,31.5523],[35.0209,31.5523],[35.0214,31.5522],[35.0216,31.5522],[35.0218,31.5523],[35.0219,31.5523],[35.0218,31.5523],[35.0218,31.5522],[35.0217,31.5522],[35.0216,31.5522],[35.0215,31.5522],[35.0214,31.5521],[35.0212,31.5521],[35.0211,31.5521],[35.021,31.5521],[35.0209,31.5521],[35.0205,31.5521],[35.0202,31.552],[35.02,31.552],[35.0199,31.552],[35.0198,31.552],[35.0197,31.552],[35.0195,31.552],[35.0194,31.5519],[35.019,31.5518],[35.0186,31.5517],[35.0185,31.5517],[35.0184,31.5517],[35.0183,31.5516],[35.0183,31.5516],[35.0182,31.5516],[35.0181,31.5515],[35.018,31.5514],[35.0179,31.5514],[35.0179,31.5514],[35.0178,31.5514],[35.0178,31.5514],[35.0178,31.5513],[35.0176,31.5512],[35.0176,31.5511],[35.0175,31.5511],[35.0174,31.551],[35.0174,31.551],[35.0174,31.5509],[35.0174,31.5509],[35.0174,31.5509],[35.0173,31.5509],[35.0173,31.5508],[35.0172,31.5507],[35.0171,31.5506],[35.0169,31.5505],[35.0168,31.5504],[35.0168,31.5503],[35.0167,31.5502],[35.0165,31.5501],[35.0164,31.55],[35.0163,31.5499],[35.0162,31.5498],[35.0162,31.5497],[35.0161,31.5496],[35.016,31.5495],[35.0159,31.5494],[35.0158,31.5494],[35.0157,31.5493],[35.0157,31.5493],[35.0155,31.5493],[35.0154,31.5493],[35.0153,31.5493],[35.0153,31.5493],[35.0152,31.5493],[35.015,31.5494],[35.0149,31.5495],[35.0149,31.5495],[35.0148,31.5495],[35.0147,31.5496],[35.0146,31.5497],[35.0146,31.5498],[35.0145,31.5498],[35.0145,31.5499],[35.0144,31.55],[35.0144,31.5501],[35.0144,31.5501],[35.0143,31.5503],[35.0143,31.5505],[35.0143,31.5506],[35.0143,31.5506],[35.0143,31.5507],[35.0143,31.5507],[35.0142,31.5508],[35.0142,31.5508],[35.0142,31.5509],[35.0142,31.5509],[35.0142,31.5509],[35.0142,31.551],[35.0141,31.5511],[35.0141,31.5511],[35.0141,31.5511],[35.0141,31.5512],[35.014,31.5514],[35.014,31.5515],[35.014,31.5515],[35.014,31.5516],[35.0139,31.5517],[35.0139,31.5518],[35.0139,31.5519],[35.0138,31.5521],[35.0138,31.5521],[35.0138,31.5522],[35.0137,31.5523],[35.0136,31.5524],[35.0136,31.5525],[35.0135,31.5525],[35.0134,31.5526],[35.0134,31.5526]]],[[[35.0208,31.5537],[35.021,31.5536],[35.0211,31.5536],[35.0215,31.5537],[35.0218,31.5538],[35.0221,31.5538],[35.0228,31.5535],[35.0229,31.5534],[35.0229,31.5532],[35.0229,31.5527],[35.0225,31.5527],[35.0224,31.5528],[35.0224,31.553],[35.0223,31.5531],[35.022,31.5533],[35.0216,31.5534],[35.0213,31.5535],[35.021,31.5536],[35.0208,31.5537]]],[[[35.012,31.554],[35.012,31.554],[35.012,31.5541],[35.0121,31.5541],[35.0121,31.5542],[35.0122,31.5542],[35.0123,31.5542],[35.0123,31.5542],[35.0125,31.5541],[35.0126,31.5541],[35.0127,31.5541],[35.0127,31.5541],[35.0127,31.5536],[35.0127,31.5533],[35.0128,31.553],[35.0128,31.553],[35.0126,31.5531],[35.0124,31.5532],[35.0123,31.5533],[35.0121,31.5535],[35.0121,31.5536],[35.0121,31.5536],[35.012,31.5536],[35.012,31.5537],[35.012,31.5537],[35.012,31.5537],[35.012,31.5538],[35.012,31.5539],[35.012,31.554]]],[[[35.0131,31.5541],[35.0131,31.5541],[35.0132,31.5541],[35.0133,31.5541],[35.0134,31.5541],[35.0134,31.5541],[35.0136,31.5541],[35.0137,31.5541],[35.0138,31.5541],[35.0139,31.5541],[35.014,31.5541],[35.0141,31.5541],[35.0142,31.5541],[35.0143,31.5541],[35.0144,31.5541],[35.0145,31.5541],[35.0146,31.5541],[35.0146,31.554],[35.0144,31.554],[35.0142,31.554],[35.0139,31.554],[35.0136,31.554],[35.0134,31.554],[35.0132,31.5541],[35.0131,31.5541]]],[[[35.0199,31.5547],[35.0199,31.5548],[35.0199,31.5547],[35.0199,31.5547],[35.0202,31.5541],[35.0204,31.5539],[35.0203,31.5539],[35.02,31.5544],[35.0199,31.5547]]]]}},{"type":"Feature","properties":{"name":"שב\"מ תלם","remarks":""},"geometry":{"type":"MultiPolygon","coordinates":[[[[35.0318,31.5614],[35.0318,31.5615],[35.0326,31.5614],[35.0333,31.5614],[35.0332,31.5618],[35.0332,31.5617],[35.0332,31.5617],[35.0333,31.5617],[35.0333,31.5617],[35.0333,31.5617],[35.0333,31.5616],[35.0333,31.5616],[35.0333,31.5616],[35.0333,31.5616],[35.0333,31.5616],[35.0333,31.5616],[35.0333,31.5616],[35.0333,31.5616],[35.0333,31.5615],[35.0333,31.5615],[35.0333,31.5615],[35.0333,31.5615],[35.0333,31.5615],[35.0333,31.5615],[35.0333,31.5615],[35.0333,31.5614],[35.0334,31.5614],[35.0334,31.5614],[35.0333,31.5614],[35.0334,31.5614],[35.0334,31.5613],[35.0334,31.5613],[35.0334,31.5613],[35.0334,31.5613],[35.0334,31.5612],[35.0334,31.5612],[35.0334,31.5612],[35.0334,31.5612],[35.0333,31.5611],[35.0332,31.561],[35.0331,31.561],[35.0331,31.561],[35.0331,31.561],[35.0331,31.561],[35.0331,31.561],[35.0331,31.561],[35.033,31.561],[35.033,31.561],[35.0329,31.5609],[35.0328,31.5609],[35.0328,31.5609],[35.0328,31.5609],[35.0328,31.5609],[35.0327,31.561],[35.0327,31.561],[35.0327,31.5609],[35.0327,31.5609],[35.0327,31.5609],[35.0326,31.5609],[35.0326,31.5609],[35.0326,31.5609],[35.0326,31.5609],[35.0326,31.5609],[35.0326,31.5609],[35.0325,31.5609],[35.0325,31.5609],[35.0325,31.5609],[35.0325,31.5609],[35.0325,31.5609],[35.0325,31.5609],[35.0325,31.5609],[35.0325,31.5609],[35.0325,31.5608],[35.0324,31.5608],[35.0324,31.5608],[35.0324,31.5608],[35.0324,31.5608],[35.0324,31.5608],[35.0324,31.5608],[35.0324,31.5608],[35.0324,31.5608],[35.0323,31.5608],[35.0323,31.5608],[35.0323,31.5608],[35.0323,31.5608],[35.0323,31.5608],[35.0323,31.5608],[35.0323,31.5608],[35.0322,31.5608],[35.032,31.561],[35.0318,31.5611],[35.0318,31.5611],[35.0318,31.5613],[35.0318,31.5614]]]]}},{"type":"Feature","properties":{"name":"סגירת שטח בטיחות למטווחי בט","remarks":""},"geometry":{"type":"MultiPolygon","coordinates":[[[[35.1253,31.644],[35.1269,31.644],[35.1279,31.644],[35.129,31.644],[35.1299,31.6441],[35.1302,31.6441],[35.1309,31.6439],[35.1312,31.6432],[35.1312,31.6428],[35.1312,31.642],[35.1311,31.6414],[35.1309,31.641],[35.1308,31.6408],[35.1304,31.6407],[35.1291,31.6406],[35.1282,31.6407],[35.1269,31.6408],[35.126,31.6409],[35.1257,31.6416],[35.1256,31.6418],[35.1259,31.6421],[35.1258,31.6422],[35.1256,31.6428],[35.1254,31.6433],[35.1253,31.6437],[35.1253,31.644]]]]}},{"type":"Feature","properties":{"name":"סמטת הזהב","remarks":"סגירת שטח לישראלים"},"geometry":{"type":"MultiPolygon","coordinates":[[[[35.1048,31.5261],[35.1049,31.5259],[35.1048,31.5259],[35.105,31.5258],[35.105,31.5258],[35.105,31.5257],[35.1054,31.5256],[35.1055,31.5255],[35.1053,31.5254],[35.1052,31.5255],[35.105,31.5256],[35.1049,31.5256],[35.1049,31.5257],[35.1048,31.5257],[35.1048,31.5257],[35.1047,31.5258],[35.1046,31.5257],[35.1045,31.5258],[35.1046,31.5259],[35.1046,31.5259],[35.1048,31.5261]]]]}},{"type":"Feature","properties":{"name":"שב\"מ נחליאל","remarks":"הארכה ותיקון גבולות"},"geometry":{"type":"MultiPolygon","coordinates":[[[[35.1359,31.9749],[35.1359,31.975],[35.1359,31.975],[35.1359,31.9751],[35.1359,31.9751],[35.136,31.9752],[35.136,31.9752],[35.1361,31.9753],[35.1361,31.9753],[35.1362,31.9754],[35.1362,31.9754],[35.1363,31.9755],[35.1363,31.9756],[35.1363,31.9756],[35.1364,31.9757],[35.1364,31.9758],[35.1365,31.9758],[35.1365,31.9759],[35.1365,31.9759],[35.1365,31.976],[35.1366,31.9761],[35.1366,31.9761],[35.1366,31.9761],[35.1367,31.9762],[35.1368,31.9762],[35.1368,31.9763],[35.1369,31.9763],[35.1369,31.9763],[35.137,31.9763],[35.137,31.9763],[35.1371,31.9763],[35.1372,31.9763],[35.1373,31.9763],[35.1374,31.9763],[35.1375,31.9763],[35.1376,31.9763],[35.1377,31.9763],[35.1378,31.9763],[35.1379,31.9763],[35.1379,31.9763],[35.138,31.9763],[35.1381,31.9763],[35.1382,31.9763],[35.1382,31.9763],[35.1383,31.9763],[35.1384,31.9763],[35.1385,31.9763],[35.1386,31.9763],[35.1387,31.9763],[35.1388,31.9763],[35.1389,31.9763],[35.139,31.9763],[35.139,31.9763],[35.1391,31.9763],[35.1391,31.9763],[35.1392,31.9763],[35.1392,31.9764],[35.1393,31.9764],[35.1394,31.9764],[35.1395,31.9764],[35.1395,31.9764],[35.1396,31.9765],[35.1398,31.9765],[35.1398,31.9765],[35.14,31.9766],[35.1402,31.9766],[35.1403,31.9766],[35.1405,31.9766],[35.1406,31.9767],[35.1407,31.9767],[35.1407,31.9767],[35.1408,31.9767],[35.1409,31.9767],[35.1409,31.9767],[35.141,31.9767],[35.1411,31.9767],[35.1412,31.9766],[35.1413,31.9766],[35.1413,31.9766],[35.1414,31.9766],[35.1414,31.9766],[35.1416,31.9766],[35.1416,31.9766],[35.1417,31.9765],[35.1417,31.9765],[35.1418,31.9765],[35.1418,31.9765],[35.1419,31.9765],[35.142,31.9764],[35.1421,31.9764],[35.1422,31.9764],[35.1423,31.9763],[35.1424,31.9762],[35.1425,31.9761],[35.1426,31.9761],[35.1427,31.976],[35.1428,31.9759],[35.1429,31.9758],[35.143,31.9757],[35.143,31.9756],[35.1431,31.9755],[35.1432,31.9753],[35.1433,31.9752],[35.1433,31.9752],[35.1434,31.9751],[35.1434,31.975],[35.1434,31.9749],[35.1435,31.9749],[35.1435,31.9748],[35.1436,31.9748],[35.1436,31.9747],[35.1436,31.9746],[35.1437,31.9745],[35.1437,31.9744],[35.1438,31.9744],[35.1438,31.9743],[35.1438,31.9742],[35.1439,31.9742],[35.1439,31.9741],[35.1439,31.974],[35.1439,31.9739],[35.144,31.9738],[35.144,31.9737],[35.1441,31.9736],[35.1441,31.9735],[35.1441,31.9733],[35.1442,31.9732],[35.1442,31.9731],[35.1442,31.973],[35.1442,31.973],[35.1442,31.9729],[35.1442,31.9727],[35.1442,31.9726],[35.1441,31.9725],[35.1441,31.9724],[35.144,31.9723],[35.1439,31.9722],[35.1438,31.9721],[35.1437,31.972],[35.1436,31.9719],[35.1436,31.9719],[35.1435,31.9718],[35.1434,31.9718],[35.1433,31.9717],[35.1432,31.9717],[35.1431,31.9717],[35.1429,31.9717],[35.1427,31.9716],[35.1426,31.9716],[35.1425,31.9716],[35.1424,31.9716],[35.1423,31.9715],[35.1422,31.9715],[35.142,31.9715],[35.1419,31.9714],[35.1417,31.9714],[35.1415,31.9714],[35.1414,31.9714],[35.1413,31.9714],[35.1412,31.9714],[35.1412,31.9714],[35.1411,31.9714],[35.141,31.9714],[35.1409,31.9714],[35.1409,31.9714],[35.1407,31.9714],[35.1406,31.9714],[35.1405,31.9715],[35.1403,31.9715],[35.1401,31.9715],[35.14,31.9716],[35.1399,31.9716],[35.1398,31.9716],[35.1397,31.9717],[35.1396,31.9717],[35.1395,31.9718],[35.1394,31.9719],[35.1393,31.9719],[35.1392,31.972],[35.1391,31.9721],[35.139,31.9721],[35.1389,31.9722],[35.1389,31.9722],[35.1388,31.9723],[35.1387,31.9724],[35.1385,31.9725],[35.1385,31.9725],[35.1384,31.9726],[35.1383,31.9727],[35.1382,31.9727],[35.1382,31.9728],[35.1381,31.9729],[35.138,31.9729],[35.1379,31.973],[35.1378,31.973],[35.1377,31.9731],[35.1377,31.9731],[35.1377,31.9731],[35.1376,31.9732],[35.1376,31.9732],[35.1376,31.9733],[35.1375,31.9733],[35.1375,31.9734],[35.1375,31.9734],[35.1375,31.9735],[35.1375,31.9735],[35.1374,31.9736],[35.1374,31.9736],[35.1374,31.9737],[35.1374,31.9737],[35.1374,31.9738],[35.1374,31.9738],[35.1374,31.9738],[35.1374,31.9739],[35.1374,31.974],[35.1373,31.974],[35.1373,31.974],[35.1373,31.9741],[35.1373,31.9741],[35.1373,31.9741],[35.1373,31.9742],[35.1373,31.9742],[35.1373,31.9742],[35.1373,31.9741],[35.1374,31.9738],[35.1374,31.9738],[35.1374,31.9738],[35.1376,31.9734],[35.1376,31.9734],[35.1376,31.9734],[35.1376,31.9734],[35.1378,31.9733],[35.1378,31.9733],[35.1378,31.9733],[35.1378,31.9733],[35.1382,31.9732],[35.1384,31.9731],[35.1385,31.9729],[35.1385,31.9729],[35.1385,31.9729],[35.1385,31.9729],[35.1385,31.9728],[35.1386,31.9728],[35.1386,31.9728],[35.1386,31.9728],[35.1386,31.9728],[35.1388,31.9727],[35.1388,31.9727],[35.1393,31.9727],[35.1393,31.9727],[35.1393,31.9727],[35.1393,31.9727],[35.1394,31.9728],[35.1394,31.9728],[35.1394,31.9729],[35.1394,31.9729],[35.1394,31.9729],[35.1394,31.9729],[35.1394,31.9729],[35.1394,31.9729],[35.1392,31.973],[35.1392,31.9731],[35.1392,31.9731],[35.1394,31.9732],[35.1397,31.9732],[35.1402,31.9732],[35.1404,31.9732],[35.1406,31.9731],[35.1408,31.9731],[35.1408,31.9731],[35.1408,31.9731],[35.1408,31.9731],[35.1411,31.973],[35.1411,31.973],[35.1411,31.973],[35.1414,31.973],[35.1417,31.9729],[35.1417,31.9729],[35.1417,31.9729],[35.142,31.9729],[35.1423,31.9728],[35.1423,31.9728],[35.1425,31.9728],[35.1425,31.9728],[35.1427,31.9729],[35.1427,31.9729],[35.1427,31.9729],[35.1427,31.9729],[35.1428,31.973],[35.1428,31.973],[35.1428,31.973],[35.1428,31.9732],[35.1428,31.9732],[35.1428,31.9735],[35.1428,31.9735],[35.1428,31.9735],[35.1428,31.9735],[35.1425,31.9739],[35.1424,31.9742],[35.1423,31.9744],[35.1423,31.9744],[35.1423,31.9744],[35.1423,31.9744],[35.1422,31.9746],[35.1422,31.9746],[35.1422,31.9746],[35.1421,31.9747],[35.1421,31.9747],[35.1421,31.9747],[35.1421,31.9747],[35.1421,31.9747],[35.142,31.9748],[35.1419,31.9749],[35.1419,31.9749],[35.1419,31.9749],[35.1418,31.9751],[35.1418,31.9751],[35.1418,31.9751],[35.1417,31.9752],[35.1416,31.9752],[35.1416,31.9752],[35.1414,31.9753],[35.1414,31.9753],[35.1414,31.9753],[35.1414,31.9753],[35.1413,31.9752],[35.1413,31.9752],[35.1413,31.9752],[35.1409,31.9752],[35.1406,31.9752],[35.1404,31.9752],[35.1398,31.9753],[35.1395,31.9754],[35.1395,31.9754],[35.1395,31.9754],[35.1392,31.9754],[35.1388,31.9754],[35.1388,31.9754],[35.1388,31.9754],[35.1383,31.9754],[35.1381,31.9755],[35.1381,31.9755],[35.1381,31.9755],[35.138,31.9755],[35.1378,31.9756],[35.1376,31.9757],[35.1376,31.9757],[35.1376,31.9757],[35.1372,31.9758],[35.1372,31.9758],[35.1372,31.9758],[35.1371,31.9759],[35.1371,31.9759],[35.1371,31.9759],[35.1371,31.9759],[35.1371,31.9759],[35.1371,31.9759],[35.137,31.9759],[35.137,31.9759],[35.137,31.9759],[35.137,31.9758],[35.137,31.9758],[35.137,31.9758],[35.137,31.9758],[35.137,31.9758],[35.137,31.9755],[35.137,31.9755],[35.137,31.9755],[35.1371,31.9751],[35.1371,31.9751],[35.137,31.9751],[35.137,31.9751],[35.1369,31.9751],[35.1368,31.9751],[35.1368,31.9751],[35.1367,31.975],[35.1366,31.975],[35.1365,31.975],[35.1364,31.975],[35.1363,31.9749],[35.1362,31.9749],[35.1361,31.9749],[35.1361,31.9749],[35.136,31.9748],[35.1359,31.9748],[35.1359,31.9748],[35.1359,31.9748],[35.1359,31.9749],[35.1359,31.9749]]]]}},{"type":"Feature","properties":{"name":"שב\"מ פני חבר","remarks":""},"geometry":{"type":"MultiPolygon","coordinates":[[[[35.1661,31.4883],[35.166,31.4884],[35.1656,31.4884],[35.1653,31.4886],[35.165,31.4888],[35.1647,31.4889],[35.1646,31.489],[35.1646,31.4893],[35.1646,31.4893],[35.1648,31.4897],[35.1649,31.4904],[35.1649,31.4909],[35.1649,31.4909],[35.1649,31.4909],[35.1649,31.4909],[35.1649,31.4909],[35.1649,31.4909],[35.1649,31.4909],[35.1649,31.4909],[35.1649,31.4909],[35.1649,31.4909],[35.1649,31.4909],[35.1649,31.4909],[35.1649,31.4909],[35.1649,31.4909],[35.1649,31.4909],[35.1649,31.4909],[35.1649,31.4909],[35.1649,31.4909],[35.1649,31.4909],[35.1651,31.4911],[35.1651,31.4912],[35.1651,31.4912],[35.1651,31.4912],[35.1651,31.4912],[35.1651,31.4912],[35.1651,31.4912],[35.1651,31.4912],[35.1651,31.4912],[35.1651,31.4912],[35.1651,31.4912],[35.1651,31.4912],[35.1651,31.4912],[35.1651,31.4912],[35.1651,31.4912],[35.1651,31.4912],[35.1651,31.4912],[35.1651,31.4912],[35.1651,31.4912],[35.1651,31.4912],[35.1651,31.4912],[35.1651,31.4912],[35.1651,31.4912],[35.1651,31.4912],[35.1651,31.4912],[35.1651,31.4912],[35.1651,31.4912],[35.1652,31.4912],[35.1652,31.4912],[35.1652,31.4912],[35.1652,31.4912],[35.1652,31.4912],[35.1652,31.4912],[35.1652,31.4912],[35.1652,31.4912],[35.1652,31.4912],[35.1652,31.4912],[35.1652,31.4912],[35.1652,31.4912],[35.1652,31.4912],[35.1652,31.4912],[35.1652,31.4912],[35.1652,31.4912],[35.1652,31.4912],[35.1652,31.4912],[35.1652,31.4912],[35.1652,31.4912],[35.1652,31.4912],[35.1652,31.4912],[35.1652,31.4912],[35.1652,31.4912],[35.1652,31.4912],[35.1652,31.4912],[35.1652,31.4912],[35.1652,31.4912],[35.1652,31.4912],[35.1662,31.4904],[35.1663,31.4903],[35.1663,31.4903],[35.1664,31.4902],[35.1664,31.4902],[35.1665,31.4901],[35.1665,31.4901],[35.1672,31.4892],[35.1673,31.4892],[35.1673,31.4892],[35.1673,31.4891],[35.1674,31.4891],[35.1674,31.4891],[35.1674,31.4891],[35.1674,31.489],[35.1675,31.489],[35.168,31.4886],[35.1681,31.4885],[35.1681,31.4885],[35.1682,31.4885],[35.1682,31.4885],[35.1682,31.4884],[35.1683,31.4884],[35.1685,31.4883],[35.1685,31.4883],[35.1686,31.4883],[35.1686,31.4882],[35.1687,31.4882],[35.1687,31.4882],[35.1687,31.4882],[35.1688,31.4881],[35.1688,31.4881],[35.1688,31.4881],[35.1689,31.488],[35.1689,31.488],[35.1691,31.4878],[35.1691,31.4878],[35.1691,31.4877],[35.1692,31.4877],[35.1692,31.4877],[35.1692,31.4876],[35.1692,31.4876],[35.1693,31.4875],[35.1693,31.4875],[35.1693,31.4875],[35.1693,31.4874],[35.1694,31.4872],[35.1694,31.4871],[35.1694,31.4871],[35.1694,31.4871],[35.1695,31.487],[35.1695,31.487],[35.1695,31.4869],[35.1695,31.4869],[35.1695,31.4869],[35.1695,31.4868],[35.1695,31.4868],[35.1695,31.4865],[35.1695,31.4865],[35.1695,31.4864],[35.1695,31.4864],[35.1695,31.4864],[35.1695,31.4863],[35.1695,31.4863],[35.1695,31.4863],[35.1695,31.4862],[35.1695,31.4862],[35.1695,31.4862],[35.1696,31.4861],[35.1696,31.4861],[35.1696,31.4861],[35.1696,31.486],[35.1696,31.486],[35.1696,31.486],[35.1697,31.486],[35.1699,31.4856],[35.1699,31.4856],[35.17,31.4856],[35.17,31.4855],[35.17,31.4855],[35.17,31.4855],[35.17,31.4855],[35.17,31.4854],[35.17,31.4854],[35.17,31.4854],[35.1701,31.4854],[35.1701,31.4853],[35.1701,31.4853],[35.1701,31.4853],[35.1701,31.4852],[35.1701,31.4852],[35.1701,31.485],[35.1701,31.485],[35.1701,31.485],[35.1701,31.4849],[35.1701,31.4849],[35.1701,31.4849],[35.1701,31.4849],[35.1701,31.4849],[35.1701,31.4848],[35.1701,31.4848],[35.1701,31.4848],[35.1701,31.4848],[35.1701,31.4848],[35.1701,31.4848],[35.17,31.4847],[35.17,31.4847],[35.17,31.4847],[35.17,31.4846],[35.17,31.4846],[35.1699,31.4846],[35.1699,31.4845],[35.1699,31.4845],[35.1699,31.4845],[35.1699,31.4845],[35.1699,31.4845],[35.1698,31.4844],[35.1698,31.4844],[35.1698,31.4844],[35.1698,31.4844],[35.1697,31.4844],[35.1697,31.4843],[35.1697,31.4843],[35.1697,31.4843],[35.1696,31.4843],[35.1696,31.4843],[35.1696,31.4843],[35.1696,31.4842],[35.1695,31.4842],[35.1695,31.4842],[35.1694,31.4842],[35.1694,31.4842],[35.1693,31.4842],[35.1693,31.4842],[35.1692,31.4841],[35.1692,31.4841],[35.1691,31.4841],[35.1691,31.4841],[35.169,31.4841],[35.1683,31.484],[35.1683,31.484],[35.1683,31.484],[35.1683,31.484],[35.1683,31.484],[35.1682,31.484],[35.1682,31.484],[35.1682,31.484],[35.1682,31.484],[35.1682,31.484],[35.1681,31.484],[35.1681,31.4839],[35.1681,31.4839],[35.1681,31.4839],[35.1681,31.4839],[35.1681,31.4839],[35.168,31.4839],[35.168,31.4839],[35.168,31.4839],[35.168,31.4839],[35.168,31.4839],[35.168,31.4838],[35.168,31.4838],[35.1679,31.4838],[35.1679,31.4838],[35.1679,31.4838],[35.1679,31.4838],[35.1679,31.4838],[35.1679,31.4837],[35.1679,31.4837],[35.1679,31.4837],[35.1679,31.4837],[35.1679,31.4837],[35.1678,31.4837],[35.1678,31.4836],[35.1678,31.4836],[35.1678,31.4836],[35.1678,31.4836],[35.1678,31.4836],[35.1678,31.4836],[35.1678,31.4836],[35.1678,31.4836],[35.1678,31.4835],[35.1678,31.4835],[35.1678,31.4835],[35.1678,31.4835],[35.1678,31.4835],[35.1678,31.4835],[35.1678,31.4835],[35.1678,31.4835],[35.1678,31.4835],[35.1678,31.4835],[35.1678,31.4835],[35.1678,31.4835],[35.1678,31.4835],[35.1678,31.4835],[35.1678,31.4835],[35.1678,31.4835],[35.1678,31.4835],[35.1678,31.4835],[35.1675,31.4833],[35.1674,31.4833],[35.1674,31.4833],[35.1674,31.4833],[35.1673,31.4832],[35.1673,31.4832],[35.1673,31.4832],[35.1673,31.4832],[35.1672,31.4832],[35.1672,31.4832],[35.1672,31.4832],[35.1672,31.4832],[35.1671,31.4832],[35.1671,31.4832],[35.1671,31.4832],[35.167,31.4831],[35.1669,31.4831],[35.1669,31.4831],[35.1669,31.4831],[35.1669,31.4831],[35.1669,31.4831],[35.1668,31.4831],[35.1668,31.4831],[35.1668,31.4831],[35.1668,31.4831],[35.1668,31.4831],[35.1668,31.4831],[35.1668,31.4831],[35.1667,31.4831],[35.1667,31.4831],[35.1667,31.4831],[35.1667,31.4831],[35.1665,31.4832],[35.1665,31.4832],[35.1665,31.4832],[35.1665,31.4832],[35.1665,31.4832],[35.1665,31.4832],[35.1664,31.4832],[35.1664,31.4832],[35.1664,31.4832],[35.1664,31.4832],[35.1664,31.4832],[35.1664,31.4832],[35.1664,31.4832],[35.1663,31.4832],[35.1663,31.4832],[35.1663,31.4832],[35.1663,31.4832],[35.1663,31.4832],[35.1663,31.4832],[35.1663,31.4832],[35.1662,31.4832],[35.1662,31.4832],[35.1662,31.4832],[35.1662,31.4832],[35.1662,31.4832],[35.1662,31.4832],[35.1662,31.4831],[35.1662,31.4831],[35.1661,31.4831],[35.1661,31.4831],[35.1661,31.4831],[35.1661,31.4831],[35.1661,31.4831],[35.1661,31.4831],[35.1661,31.4831],[35.1661,31.4831],[35.1661,31.4831],[35.1661,31.483],[35.166,31.483],[35.166,31.483],[35.166,31.483],[35.166,31.483],[35.166,31.483],[35.166,31.483],[35.166,31.483],[35.166,31.483],[35.166,31.4829],[35.166,31.4829],[35.166,31.4829],[35.166,31.4829],[35.166,31.4829],[35.166,31.4829],[35.166,31.4829],[35.166,31.4826],[35.1659,31.4825],[35.1659,31.4824],[35.1659,31.4824],[35.1659,31.4823],[35.166,31.4822],[35.166,31.4821],[35.166,31.482],[35.166,31.482],[35.166,31.4819],[35.166,31.4818],[35.1661,31.4817],[35.1661,31.4816],[35.1661,31.4815],[35.1662,31.4815],[35.1662,31.4814],[35.1662,31.4814],[35.1662,31.4814],[35.1662,31.4813],[35.1662,31.4813],[35.1662,31.4812],[35.1662,31.4812],[35.1662,31.4811],[35.1662,31.4811],[35.1662,31.4811],[35.1662,31.481],[35.1662,31.481],[35.1662,31.4809],[35.1662,31.4809],[35.1662,31.4807],[35.1662,31.4807],[35.1662,31.4807],[35.1662,31.4807],[35.1662,31.4807],[35.1661,31.4807],[35.1661,31.4807],[35.1661,31.4807],[35.1661,31.4806],[35.1661,31.4806],[35.1661,31.4806],[35.1661,31.4806],[35.1661,31.4806],[35.1661,31.4806],[35.1661,31.4806],[35.1661,31.4806],[35.1661,31.4806],[35.1661,31.4806],[35.166,31.4806],[35.166,31.4805],[35.166,31.4805],[35.166,31.4805],[35.166,31.4805],[35.166,31.4805],[35.166,31.4805],[35.166,31.4805],[35.166,31.4805],[35.1659,31.4805],[35.1659,31.4805],[35.1657,31.4804],[35.1657,31.4804],[35.1657,31.4804],[35.1656,31.4804],[35.1656,31.4804],[35.1656,31.4804],[35.1655,31.4803],[35.1655,31.4803],[35.1655,31.4803],[35.1654,31.4803],[35.1654,31.4803],[35.1654,31.4803],[35.1654,31.4803],[35.1653,31.4803],[35.1653,31.4803],[35.1648,31.4803],[35.1648,31.4803],[35.1648,31.4803],[35.1648,31.4803],[35.1648,31.4803],[35.1648,31.4803],[35.1647,31.4803],[35.1647,31.4804],[35.1647,31.4804],[35.1647,31.4804],[35.1647,31.4804],[35.1647,31.4804],[35.1647,31.4804],[35.1646,31.4804],[35.1646,31.4804],[35.1646,31.4804],[35.1646,31.4804],[35.1646,31.4804],[35.1646,31.4804],[35.1646,31.4804],[35.1646,31.4804],[35.1645,31.4804],[35.1645,31.4804],[35.1645,31.4805],[35.1645,31.4805],[35.1645,31.4805],[35.1645,31.4805],[35.1645,31.4805],[35.1645,31.4805],[35.1645,31.4805],[35.1645,31.4805],[35.1645,31.4805],[35.1645,31.4805],[35.1645,31.4806],[35.1644,31.4806],[35.1644,31.4806],[35.1644,31.4806],[35.1644,31.4806],[35.1644,31.4806],[35.1644,31.4806],[35.1644,31.4806],[35.1644,31.4807],[35.1644,31.4807],[35.1644,31.4807],[35.1644,31.4807],[35.1644,31.4807],[35.1644,31.4807],[35.1644,31.4807],[35.1644,31.4807],[35.1644,31.4808],[35.1644,31.4808],[35.1644,31.4808],[35.1644,31.4808],[35.1644,31.4808],[35.1644,31.4808],[35.1647,31.4815],[35.1647,31.4815],[35.1647,31.4816],[35.1647,31.4816],[35.1648,31.4816],[35.1648,31.4817],[35.1648,31.4817],[35.1648,31.4817],[35.1648,31.4818],[35.1648,31.4818],[35.1648,31.4818],[35.1648,31.4819],[35.1648,31.4819],[35.1648,31.4819],[35.1648,31.482],[35.1648,31.482],[35.1647,31.482],[35.1647,31.4821],[35.1647,31.4821],[35.1647,31.4821],[35.1647,31.4822],[35.1647,31.4822],[35.1647,31.4822],[35.1647,31.4823],[35.1646,31.4823],[35.1646,31.4823],[35.1646,31.4824],[35.1646,31.4824],[35.1646,31.4824],[35.1645,31.4824],[35.1645,31.4825],[35.1645,31.4825],[35.1642,31.4829],[35.1641,31.483],[35.164,31.483],[35.164,31.4831],[35.164,31.4831],[35.1639,31.4832],[35.1637,31.4835],[35.1637,31.4835],[35.1637,31.4836],[35.1637,31.4836],[35.1636,31.4836],[35.1636,31.4836],[35.1636,31.4836],[35.1635,31.484],[35.1635,31.484],[35.1635,31.484],[35.1635,31.4841],[35.1632,31.4845],[35.1632,31.4845],[35.1632,31.4845],[35.1632,31.4846],[35.1632,31.4846],[35.1632,31.4846],[35.1632,31.4847],[35.1632,31.4847],[35.1632,31.4847],[35.1632,31.4848],[35.1632,31.4848],[35.1632,31.4848],[35.1632,31.4849],[35.1632,31.4849],[35.1632,31.4849],[35.1632,31.485],[35.1632,31.485],[35.1632,31.485],[35.1632,31.4851],[35.1632,31.4851],[35.1632,31.4851],[35.1632,31.4852],[35.1632,31.4852],[35.1633,31.4855],[35.1633,31.4855],[35.1634,31.4855],[35.1634,31.4856],[35.1634,31.4856],[35.1635,31.4858],[35.1635,31.4858],[35.1635,31.4859],[35.1635,31.4859],[35.1636,31.4859],[35.1636,31.486],[35.1636,31.486],[35.1636,31.4861],[35.1636,31.4861],[35.1636,31.4862],[35.1636,31.4862],[35.1636,31.4862],[35.1636,31.4863],[35.1636,31.4863],[35.1636,31.4864],[35.1636,31.4864],[35.1636,31.4865],[35.1636,31.4865],[35.1635,31.487],[35.1635,31.487],[35.1635,31.4871],[35.1635,31.4871],[35.1635,31.4871],[35.1633,31.4877],[35.1633,31.4877],[35.1633,31.4877],[35.1633,31.4877],[35.1633,31.4878],[35.1633,31.4878],[35.1633,31.4878],[35.1633,31.4878],[35.1633,31.4879],[35.1633,31.4879],[35.1633,31.4879],[35.1633,31.4879],[35.1633,31.488],[35.1633,31.488],[35.1634,31.4875],[35.1636,31.4871],[35.1637,31.4864],[35.1637,31.4861],[35.1637,31.4859],[35.1635,31.4857],[35.1632,31.4849],[35.1632,31.4847],[35.1633,31.4845],[35.1635,31.4844],[35.1638,31.4844],[35.1639,31.4843],[35.164,31.4841],[35.1642,31.4837],[35.1648,31.4826],[35.1648,31.4826],[35.1651,31.4827],[35.1658,31.4831],[35.1663,31.4835],[35.1666,31.4837],[35.1668,31.4838],[35.167,31.4839],[35.1674,31.4842],[35.168,31.4846],[35.1681,31.4847],[35.1681,31.4853],[35.168,31.4856],[35.1679,31.4857],[35.1677,31.4857],[35.167,31.4855],[35.1669,31.4855],[35.1668,31.4856],[35.1668,31.486],[35.1668,31.4863],[35.1666,31.4865],[35.1666,31.4867],[35.1666,31.4868],[35.1667,31.4874],[35.1669,31.4878],[35.1669,31.488],[35.1668,31.488],[35.1666,31.4881],[35.1661,31.4883],[35.1661,31.4883]]],[[[35.1636,31.491],[35.1633,31.4913],[35.1633,31.4913],[35.1632,31.4913],[35.1632,31.4914],[35.1632,31.4914],[35.1631,31.4914],[35.1631,31.4915],[35.1631,31.4915],[35.1631,31.4915],[35.1631,31.4916],[35.163,31.4917],[35.163,31.4917],[35.163,31.4917],[35.163,31.4917],[35.163,31.4917],[35.163,31.4917],[35.163,31.4917],[35.163,31.4917],[35.163,31.4918],[35.163,31.4918],[35.163,31.4918],[35.163,31.4918],[35.163,31.4918],[35.163,31.4918],[35.163,31.4919],[35.1633,31.4921],[35.1638,31.4911],[35.1639,31.491],[35.164,31.4909],[35.1642,31.4909],[35.1642,31.4903],[35.1642,31.4904],[35.1641,31.4904],[35.1641,31.4904],[35.1641,31.4905],[35.1641,31.4905],[35.164,31.4905],[35.164,31.4906],[35.164,31.4906],[35.1639,31.4906],[35.1636,31.491]]]]}},{"type":"Feature","properties":{"name":"שב\"מ עטרת","remarks":""},"geometry":{"type":"MultiPolygon","coordinates":[[[[35.1736,32.0039],[35.1737,32.0039],[35.1737,32.0039],[35.1737,32.0039],[35.1737,32.0039],[35.1737,32.0039],[35.1737,32.0039],[35.1737,32.0039],[35.1737,32.0039],[35.1738,32.0039],[35.1738,32.0039],[35.1738,32.0039],[35.1738,32.0039],[35.1738,32.0039],[35.1738,32.0039],[35.1738,32.0039],[35.1739,32.0038],[35.1739,32.0038],[35.1739,32.0038],[35.174,32.0037],[35.174,32.0038],[35.1741,32.0037],[35.1741,32.0037],[35.1741,32.0036],[35.1741,32.0034],[35.1741,32.0034],[35.1741,32.0034],[35.1741,32.0032],[35.1741,32.0032],[35.1741,32.0032],[35.1741,32.0032],[35.1743,32.0029],[35.1744,32.0027],[35.1744,32.0027],[35.1744,32.0024],[35.1744,32.002],[35.1744,32.002],[35.1744,32.002],[35.1744,32.0016],[35.1744,32.0016],[35.1744,32.0016],[35.1745,32.0013],[35.1745,32.0012],[35.1745,32.0011],[35.1745,32.0011],[35.1744,32.001],[35.1744,32.001],[35.1744,32.001],[35.1744,32.0009],[35.1744,32.0009],[35.1744,32.0009],[35.1744,32.0009],[35.1743,32.0008],[35.1743,32.0008],[35.1743,32.0008],[35.1743,32.0007],[35.1743,32.0007],[35.1744,32.0007],[35.1745,32.0006],[35.1745,32.0005],[35.1745,32.0005],[35.1747,32.0005],[35.1748,32.0004],[35.1749,32.0003],[35.1752,32.0001],[35.1752,32.0001],[35.1752,32.0001],[35.1754,32.0],[35.1754,32.0],[35.1754,32.0],[35.1757,31.9998],[35.1759,31.9996],[35.1761,31.9993],[35.1764,31.999],[35.1764,31.999],[35.1764,31.999],[35.1765,31.9988],[35.1766,31.9988],[35.1766,31.9988],[35.1766,31.9988],[35.1767,31.9986],[35.1768,31.9985],[35.1769,31.9984],[35.1769,31.9984],[35.1769,31.9984],[35.1771,31.9982],[35.1771,31.9981],[35.1771,31.9981],[35.1773,31.998],[35.1773,31.998],[35.1773,31.998],[35.1773,31.998],[35.178,31.9975],[35.1781,31.9974],[35.1782,31.9973],[35.1782,31.9972],[35.1782,31.9972],[35.1782,31.9972],[35.1782,31.9972],[35.1782,31.9972],[35.1782,31.9972],[35.1782,31.9972],[35.1782,31.9972],[35.1783,31.9971],[35.1783,31.9971],[35.1783,31.9971],[35.1783,31.9971],[35.1783,31.9971],[35.1783,31.9971],[35.1783,31.9971],[35.1783,31.9971],[35.1783,31.9971],[35.1784,31.997],[35.1784,31.997],[35.1784,31.997],[35.1784,31.997],[35.1784,31.997],[35.1784,31.997],[35.1784,31.997],[35.1784,31.997],[35.1784,31.997],[35.1784,31.997],[35.1784,31.997],[35.1784,31.997],[35.1785,31.9969],[35.1785,31.9969],[35.1785,31.9969],[35.1785,31.9969],[35.1786,31.9969],[35.1786,31.9969],[35.1786,31.9969],[35.1786,31.9969],[35.1786,31.9969],[35.1786,31.9969],[35.179,31.9967],[35.179,31.9967],[35.179,31.9967],[35.1795,31.9965],[35.1795,31.9965],[35.1795,31.9965],[35.1797,31.9965],[35.1797,31.9965],[35.1797,31.9965],[35.1797,31.9965],[35.1798,31.9966],[35.1798,31.9966],[35.1798,31.9966],[35.1799,31.9967],[35.1799,31.9967],[35.1799,31.9967],[35.1799,31.9968],[35.1799,31.9968],[35.1799,31.9971],[35.1799,31.9971],[35.1799,31.9971],[35.18,31.9971],[35.1801,31.9971],[35.1803,31.9971],[35.1803,31.9971],[35.1805,31.997],[35.1805,31.997],[35.1805,31.997],[35.1806,31.997],[35.1806,31.997],[35.1806,31.997],[35.1808,31.997],[35.1808,31.997],[35.1808,31.997],[35.1808,31.997],[35.1809,31.9971],[35.1809,31.9971],[35.1809,31.9972],[35.1809,31.9972],[35.1809,31.9972],[35.1809,31.9972],[35.181,31.9974],[35.181,31.9974],[35.181,31.9974],[35.181,31.9977],[35.181,31.9977],[35.181,31.9977],[35.181,31.9981],[35.181,31.9981],[35.181,31.9981],[35.1809,31.9985],[35.1809,31.9987],[35.1809,31.9989],[35.1809,31.9989],[35.1809,31.9989],[35.1808,31.9989],[35.1808,31.999],[35.1808,31.999],[35.1808,31.999],[35.1808,31.999],[35.1806,31.999],[35.1806,31.999],[35.1806,31.999],[35.1805,31.999],[35.1805,31.999],[35.1805,31.999],[35.1804,31.999],[35.1804,31.999],[35.1804,31.999],[35.1804,31.999],[35.1802,31.9989],[35.1799,31.9988],[35.1795,31.9987],[35.1794,31.9987],[35.1793,31.9988],[35.1791,31.9989],[35.179,31.999],[35.1787,31.9992],[35.1784,31.9995],[35.1782,31.9998],[35.1782,31.9998],[35.1782,31.9998],[35.1779,32.0001],[35.1778,32.0002],[35.1778,32.0005],[35.1777,32.0005],[35.1777,32.0005],[35.1777,32.0005],[35.1777,32.0006],[35.1777,32.0006],[35.1777,32.0006],[35.1775,32.0008],[35.1773,32.0012],[35.1772,32.0015],[35.1772,32.0015],[35.1772,32.0015],[35.1772,32.0015],[35.177,32.0018],[35.1769,32.002],[35.1768,32.0021],[35.1769,32.0022],[35.1769,32.0024],[35.1769,32.0026],[35.1769,32.0026],[35.1769,32.0026],[35.1769,32.0027],[35.1769,32.0027],[35.1769,32.0027],[35.1769,32.0027],[35.1768,32.0028],[35.1768,32.0029],[35.1768,32.0029],[35.1768,32.0029],[35.1768,32.0031],[35.1768,32.0031],[35.1768,32.0031],[35.1767,32.0032],[35.1767,32.0032],[35.1767,32.0032],[35.1766,32.0033],[35.1766,32.0033],[35.1766,32.0033],[35.1763,32.0034],[35.1762,32.0035],[35.1761,32.0037],[35.176,32.0039],[35.176,32.0039],[35.176,32.0039],[35.176,32.0039],[35.176,32.0039],[35.176,32.0039],[35.176,32.0039],[35.1757,32.0041],[35.1752,32.0047],[35.1752,32.0047],[35.1752,32.0047],[35.1752,32.0047],[35.1751,32.0048],[35.1751,32.0048],[35.1751,32.0048],[35.1749,32.0049],[35.1748,32.005],[35.1748,32.005],[35.1748,32.005],[35.1747,32.005],[35.1747,32.005],[35.1747,32.005],[35.1746,32.005],[35.1746,32.005],[35.1746,32.005],[35.1746,32.005],[35.1746,32.005],[35.1744,32.005],[35.1744,32.005],[35.1744,32.005],[35.1742,32.005],[35.1741,32.005],[35.1741,32.005],[35.1739,32.0049],[35.1739,32.0049],[35.1739,32.0049],[35.1739,32.0048],[35.1739,32.0048],[35.1739,32.0048],[35.1739,32.0049],[35.1739,32.0049],[35.1739,32.0049],[35.1739,32.005],[35.1739,32.005],[35.1739,32.005],[35.1739,32.005],[35.1739,32.005],[35.1739,32.005],[35.1739,32.005],[35.1739,32.005],[35.1739,32.005],[35.1739,32.005],[35.1739,32.0051],[35.1739,32.0051],[35.1739,32.0051],[35.1739,32.0051],[35.1739,32.0051],[35.1739,32.0051],[35.1739,32.0051],[35.1739,32.0051],[35.1739,32.0051],[35.1739,32.0051],[35.1739,32.0051],[35.1739,32.0051],[35.1739,32.0051],[35.1739,32.0052],[35.1739,32.0052],[35.1739,32.0052],[35.1739,32.0052],[35.1739,32.0052],[35.1739,32.0052],[35.1739,32.0052],[35.1739,32.0052],[35.1739,32.0052],[35.1739,32.0052],[35.1739,32.0052],[35.1739,32.0052],[35.1739,32.0053],[35.1739,32.0053],[35.1739,32.0053],[35.1739,32.0053],[35.1739,32.0053],[35.1739,32.0053],[35.1738,32.0053],[35.1738,32.0053],[35.1738,32.0053],[35.1738,32.0053],[35.1738,32.0053],[35.1738,32.0053],[35.1738,32.0054],[35.1738,32.0054],[35.1738,32.0054],[35.1738,32.0054],[35.1738,32.0054],[35.1738,32.0054],[35.1738,32.0054],[35.1738,32.0054],[35.1738,32.0054],[35.1738,32.0054],[35.1738,32.0054],[35.1738,32.0054],[35.1738,32.0054],[35.1738,32.0054],[35.1738,32.0055],[35.1738,32.0055],[35.1738,32.0055],[35.1738,32.0055],[35.1738,32.0055],[35.1738,32.0055],[35.1738,32.0055],[35.1738,32.0055],[35.1738,32.0055],[35.1738,32.0055],[35.1738,32.0055],[35.1738,32.0055],[35.1738,32.0055],[35.1738,32.0056],[35.1738,32.0056],[35.1738,32.0056],[35.1738,32.0056],[35.1738,32.0056],[35.1738,32.0056],[35.1738,32.0056],[35.1738,32.0056],[35.1738,32.0056],[35.1738,32.0056],[35.1738,32.0056],[35.1738,32.0056],[35.1738,32.0056],[35.1738,32.0056],[35.1738,32.0057],[35.1738,32.0057],[35.1738,32.0057],[35.1738,32.0057],[35.1738,32.0057],[35.1738,32.0057],[35.1738,32.0057],[35.1738,32.0057],[35.1738,32.0057],[35.1738,32.0057],[35.1738,32.0057],[35.1738,32.0057],[35.1738,32.0057],[35.1738,32.0057],[35.1738,32.0057],[35.1739,32.0058],[35.1739,32.0058],[35.1739,32.0058],[35.1739,32.0058],[35.1739,32.0058],[35.1739,32.0058],[35.1739,32.0059],[35.1739,32.0059],[35.1739,32.0059],[35.1739,32.0059],[35.174,32.006],[35.174,32.006],[35.174,32.006],[35.174,32.006],[35.174,32.006],[35.174,32.0061],[35.174,32.0061],[35.174,32.0061],[35.174,32.0061],[35.174,32.0061],[35.1741,32.0062],[35.1741,32.0062],[35.1741,32.0062],[35.1741,32.0063],[35.1741,32.0063],[35.1741,32.0063],[35.1742,32.0063],[35.1742,32.0063],[35.1742,32.0063],[35.1742,32.0064],[35.1742,32.0064],[35.1743,32.0065],[35.1743,32.0065],[35.1743,32.0065],[35.1743,32.0065],[35.1743,32.0066],[35.1743,32.0066],[35.1744,32.0066],[35.1744,32.0066],[35.1744,32.0066],[35.1744,32.0066],[35.1744,32.0067],[35.1744,32.0067],[35.1744,32.0067],[35.1744,32.0067],[35.1745,32.0067],[35.1745,32.0067],[35.1745,32.0068],[35.1745,32.0068],[35.1745,32.0068],[35.1745,32.0068],[35.1745,32.0068],[35.1745,32.0069],[35.1745,32.0069],[35.1745,32.0069],[35.1745,32.0069],[35.1746,32.007],[35.1746,32.007],[35.1746,32.007],[35.1746,32.007],[35.1746,32.007],[35.1746,32.007],[35.1746,32.007],[35.1746,32.007],[35.1746,32.007],[35.1746,32.0071],[35.1746,32.0071],[35.1746,32.0071],[35.1746,32.0071],[35.1746,32.0071],[35.1746,32.0071],[35.1746,32.0071],[35.1746,32.0071],[35.1746,32.0071],[35.1747,32.0071],[35.1747,32.0071],[35.1747,32.0071],[35.1747,32.0071],[35.1747,32.0071],[35.1747,32.0071],[35.1747,32.0071],[35.1747,32.0071],[35.1747,32.0071],[35.1747,32.0071],[35.1747,32.0071],[35.1747,32.0071],[35.1747,32.0071],[35.1747,32.0071],[35.1747,32.0071],[35.1748,32.0071],[35.1748,32.0071],[35.1748,32.0071],[35.1748,32.0071],[35.1748,32.0071],[35.1748,32.0071],[35.1748,32.0071],[35.1749,32.0071],[35.1749,32.0071],[35.1749,32.0071],[35.1749,32.0071],[35.175,32.0071],[35.175,32.0071],[35.175,32.0071],[35.1751,32.0071],[35.1751,32.0071],[35.1751,32.0071],[35.1752,32.0071],[35.1753,32.0071],[35.1753,32.0071],[35.1753,32.0071],[35.1753,32.0071],[35.1753,32.0071],[35.1754,32.0071],[35.1754,32.0071],[35.1754,32.0071],[35.1754,32.0071],[35.1754,32.0071],[35.1754,32.0071],[35.1754,32.0071],[35.1754,32.0071],[35.1754,32.0071],[35.1754,32.0071],[35.1755,32.0071],[35.1755,32.0071],[35.1755,32.0071],[35.1755,32.0071],[35.1755,32.0071],[35.1755,32.0071],[35.1755,32.0071],[35.1755,32.0071],[35.1755,32.0071],[35.1755,32.0071],[35.1756,32.0071],[35.1756,32.0071],[35.1756,32.0071],[35.1756,32.007],[35.1756,32.007],[35.1756,32.007],[35.1756,32.007],[35.1757,32.007],[35.1757,32.007],[35.1757,32.007],[35.1757,32.007],[35.1757,32.007],[35.1757,32.007],[35.1757,32.007],[35.1757,32.007],[35.1758,32.007],[35.1758,32.0069],[35.1758,32.0069],[35.1758,32.0069],[35.1758,32.0069],[35.1758,32.0069],[35.1758,32.0069],[35.1758,32.0069],[35.1759,32.0068],[35.176,32.0067],[35.1761,32.0066],[35.1761,32.0066],[35.1761,32.0066],[35.1761,32.0066],[35.1761,32.0066],[35.1761,32.0066],[35.1761,32.0066],[35.1761,32.0066],[35.1761,32.0066],[35.1761,32.0066],[35.1761,32.0066],[35.1761,32.0066],[35.1762,32.0066],[35.1762,32.0066],[35.1762,32.0066],[35.1762,32.0066],[35.1762,32.0066],[35.1762,32.0065],[35.1762,32.0065],[35.1762,32.0065],[35.1762,32.0065],[35.1762,32.0065],[35.1762,32.0065],[35.1762,32.0065],[35.1762,32.0065],[35.1762,32.0065],[35.1762,32.0065],[35.1762,32.0065],[35.1762,32.0065],[35.1763,32.0065],[35.1763,32.0065],[35.1763,32.0064],[35.1763,32.0064],[35.1763,32.0064],[35.1763,32.0064],[35.1763,32.0064],[35.1763,32.0064],[35.1763,32.0064],[35.1763,32.0064],[35.1763,32.0064],[35.1763,32.0063],[35.1763,32.0063],[35.1763,32.0063],[35.1763,32.0063],[35.1763,32.0063],[35.1763,32.0063],[35.1763,32.0063],[35.1763,32.0063],[35.1763,32.0063],[35.1764,32.0062],[35.1764,32.0062],[35.1765,32.0062],[35.1765,32.0061],[35.1765,32.0061],[35.1765,32.0061],[35.1765,32.0061],[35.1765,32.0061],[35.1765,32.0061],[35.1765,32.0061],[35.1765,32.006],[35.1766,32.006],[35.1766,32.006],[35.1766,32.006],[35.1766,32.0059],[35.1766,32.0059],[35.1766,32.0059],[35.1766,32.0059],[35.1766,32.0059],[35.1767,32.0059],[35.1767,32.0058],[35.1767,32.0058],[35.1767,32.0058],[35.1767,32.0058],[35.1767,32.0058],[35.1767,32.0057],[35.1768,32.0057],[35.1768,32.0057],[35.1768,32.0057],[35.1768,32.0056],[35.1768,32.0056],[35.1768,32.0056],[35.1768,32.0056],[35.1768,32.0056],[35.1768,32.0056],[35.1769,32.0055],[35.1769,32.0055],[35.1769,32.0055],[35.1769,32.0055],[35.1769,32.0055],[35.1769,32.0054],[35.1769,32.0054],[35.177,32.0054],[35.177,32.0054],[35.177,32.0054],[35.177,32.0053],[35.177,32.0053],[35.177,32.0053],[35.177,32.0053],[35.177,32.0052],[35.1771,32.0052],[35.1771,32.0052],[35.1771,32.0052],[35.1771,32.0051],[35.1771,32.0051],[35.1771,32.0051],[35.1772,32.0051],[35.1772,32.0051],[35.1772,32.0051],[35.1772,32.0051],[35.1772,32.005],[35.1772,32.005],[35.1772,32.005],[35.1772,32.005],[35.1772,32.005],[35.1772,32.0049],[35.1773,32.0049],[35.1773,32.0049],[35.1773,32.0049],[35.1773,32.0049],[35.1773,32.0048],[35.1773,32.0048],[35.1773,32.0048],[35.1774,32.0047],[35.1774,32.0047],[35.1774,32.0047],[35.1774,32.0047],[35.1774,32.0047],[35.1774,32.0047],[35.1774,32.0046],[35.1774,32.0046],[35.1774,32.0046],[35.1775,32.0046],[35.1775,32.0046],[35.1775,32.0045],[35.1775,32.0045],[35.1775,32.0045],[35.1775,32.0045],[35.1775,32.0045],[35.1776,32.0044],[35.1776,32.0044],[35.1776,32.0044],[35.1776,32.0043],[35.1777,32.0043],[35.1777,32.0042],[35.1777,32.0042],[35.1777,32.0042],[35.1777,32.0041],[35.1777,32.0041],[35.1777,32.0041],[35.1777,32.0041],[35.1778,32.0041],[35.1778,32.0041],[35.1778,32.0041],[35.1778,32.0041],[35.1778,32.0041],[35.1778,32.0041],[35.1778,32.004],[35.1778,32.004],[35.1778,32.004],[35.1778,32.004],[35.1778,32.004],[35.1778,32.004],[35.1778,32.0039],[35.1779,32.0039],[35.1779,32.0039],[35.1779,32.0039],[35.1779,32.0039],[35.1779,32.0039],[35.1779,32.0039],[35.1779,32.0039],[35.1779,32.0039],[35.1779,32.0038],[35.1779,32.0038],[35.1779,32.0038],[35.1779,32.0038],[35.1779,32.0038],[35.1779,32.0038],[35.1779,32.0037],[35.1779,32.0037],[35.1779,32.0037],[35.1779,32.0037],[35.1779,32.0037],[35.1779,32.0037],[35.1779,32.0036],[35.1779,32.0036],[35.1779,32.0036],[35.1779,32.0036],[35.1779,32.0036],[35.1779,32.0036],[35.1779,32.0036],[35.1779,32.0036],[35.178,32.0036],[35.178,32.0035],[35.178,32.0035],[35.178,32.0035],[35.178,32.0035],[35.178,32.0035],[35.178,32.0035],[35.178,32.0035],[35.178,32.0035],[35.178,32.0034],[35.178,32.0034],[35.178,32.0034],[35.178,32.0034],[35.178,32.0034],[35.178,32.0034],[35.1781,32.0034],[35.1781,32.0034],[35.1781,32.0034],[35.1781,32.0034],[35.1781,32.0034],[35.1781,32.0034],[35.1781,32.0033],[35.1781,32.0033],[35.1782,32.0032],[35.1782,32.0031],[35.1782,32.0031],[35.1782,32.0031],[35.1782,32.0031],[35.1782,32.0031],[35.1782,32.0031],[35.1782,32.0031],[35.1782,32.0031],[35.1782,32.003],[35.1782,32.003],[35.1782,32.003],[35.1782,32.003],[35.1782,32.0029],[35.1782,32.0029],[35.1782,32.0029],[35.1782,32.0029],[35.1782,32.0029],[35.1783,32.0029],[35.1783,32.0028],[35.1783,32.0028],[35.1783,32.0028],[35.1783,32.0028],[35.1783,32.0028],[35.1783,32.0028],[35.1783,32.0028],[35.1783,32.0027],[35.1783,32.0027],[35.1784,32.0026],[35.1784,32.0026],[35.1784,32.0026],[35.1784,32.0025],[35.1784,32.0025],[35.1784,32.0025],[35.1784,32.0024],[35.1784,32.0024],[35.1785,32.0024],[35.1785,32.0023],[35.1785,32.0023],[35.1785,32.0023],[35.1785,32.0023],[35.1785,32.0023],[35.1785,32.0023],[35.1785,32.0023],[35.1785,32.0023],[35.1785,32.0022],[35.1785,32.0022],[35.1785,32.0022],[35.1785,32.0022],[35.1785,32.0021],[35.1786,32.0021],[35.1786,32.0021],[35.1786,32.0021],[35.1786,32.002],[35.1786,32.002],[35.1786,32.002],[35.1786,32.0019],[35.1786,32.0019],[35.1786,32.0019],[35.1786,32.0019],[35.1787,32.0019],[35.1787,32.0018],[35.1787,32.0018],[35.1787,32.0018],[35.1787,32.0018],[35.1787,32.0018],[35.1787,32.0018],[35.1787,32.0018],[35.1787,32.0017],[35.1787,32.0017],[35.1787,32.0017],[35.1787,32.0017],[35.1787,32.0017],[35.1788,32.0016],[35.1788,32.0015],[35.1788,32.0015],[35.1788,32.0015],[35.1788,32.0014],[35.1788,32.0014],[35.1788,32.0014],[35.1788,32.0013],[35.1788,32.0013],[35.1788,32.0013],[35.1788,32.0012],[35.1788,32.0012],[35.1788,32.0012],[35.1788,32.0012],[35.1788,32.0012],[35.1789,32.001],[35.1789,32.001],[35.1789,32.001],[35.1789,32.001],[35.1789,32.0009],[35.179,32.0009],[35.179,32.0008],[35.179,32.0008],[35.179,32.0008],[35.179,32.0008],[35.179,32.0008],[35.1791,32.0008],[35.1791,32.0008],[35.1791,32.0007],[35.1791,32.0007],[35.1792,32.0007],[35.1792,32.0007],[35.1793,32.0007],[35.1793,32.0007],[35.1793,32.0007],[35.1793,32.0007],[35.1793,32.0007],[35.1794,32.0007],[35.1794,32.0007],[35.1794,32.0007],[35.1795,32.0007],[35.1795,32.0007],[35.1795,32.0007],[35.1797,32.0007],[35.1797,32.0007],[35.1797,32.0007],[35.1797,32.0007],[35.1798,32.0007],[35.1798,32.0007],[35.1798,32.0007],[35.1798,32.0007],[35.1798,32.0007],[35.1799,32.0007],[35.1799,32.0007],[35.1799,32.0007],[35.1799,32.0007],[35.1799,32.0007],[35.18,32.0007],[35.18,32.0007],[35.18,32.0007],[35.18,32.0007],[35.18,32.0007],[35.1801,32.0007],[35.1801,32.0007],[35.1801,32.0007],[35.1801,32.0007],[35.1802,32.0007],[35.1802,32.0007],[35.1802,32.0007],[35.1802,32.0007],[35.1803,32.0007],[35.1803,32.0007],[35.1803,32.0007],[35.1803,32.0007],[35.1803,32.0007],[35.1804,32.0007],[35.1804,32.0007],[35.1804,32.0007],[35.1804,32.0007],[35.1804,32.0007],[35.1804,32.0007],[35.1804,32.0007],[35.1804,32.0007],[35.1805,32.0007],[35.1805,32.0007],[35.1805,32.0007],[35.1805,32.0007],[35.1805,32.0007],[35.1805,32.0007],[35.1805,32.0007],[35.1805,32.0007],[35.1805,32.0007],[35.1805,32.0007],[35.1805,32.0007],[35.1806,32.0007],[35.1806,32.0007],[35.1806,32.0007],[35.1806,32.0007],[35.1806,32.0007],[35.1806,32.0006],[35.1806,32.0006],[35.1806,32.0006],[35.1806,32.0006],[35.1807,32.0006],[35.1807,32.0006],[35.1807,32.0006],[35.1807,32.0006],[35.1807,32.0006],[35.1807,32.0006],[35.1808,32.0006],[35.1808,32.0006],[35.1808,32.0006],[35.1808,32.0006],[35.1808,32.0006],[35.1808,32.0006],[35.1808,32.0006],[35.1808,32.0006],[35.1808,32.0006],[35.1808,32.0006],[35.1809,32.0006],[35.1809,32.0006],[35.1809,32.0006],[35.1809,32.0006],[35.1809,32.0006],[35.1809,32.0006],[35.181,32.0006],[35.181,32.0006],[35.181,32.0006],[35.181,32.0006],[35.181,32.0006],[35.181,32.0006],[35.181,32.0006],[35.1811,32.0006],[35.1811,32.0006],[35.1811,32.0006],[35.1811,32.0006],[35.1811,32.0006],[35.1811,32.0006],[35.1811,32.0005],[35.1811,32.0005],[35.1811,32.0005],[35.1811,32.0005],[35.1811,32.0005],[35.1812,32.0005],[35.1812,32.0005],[35.1812,32.0005],[35.1812,32.0005],[35.1812,32.0005],[35.1812,32.0005],[35.1812,32.0005],[35.1812,32.0005],[35.1812,32.0005],[35.1813,32.0005],[35.1813,32.0005],[35.1813,32.0005],[35.1813,32.0005],[35.1813,32.0005],[35.1813,32.0005],[35.1813,32.0005],[35.1813,32.0005],[35.1813,32.0005],[35.1813,32.0005],[35.1813,32.0005],[35.1813,32.0004],[35.1814,32.0004],[35.1814,32.0004],[35.1814,32.0004],[35.1814,32.0004],[35.1814,32.0004],[35.1814,32.0004],[35.1814,32.0004],[35.1814,32.0004],[35.1814,32.0004],[35.1814,32.0004],[35.1814,32.0004],[35.1814,32.0004],[35.1815,32.0004],[35.1815,32.0004],[35.1815,32.0004],[35.1815,32.0004],[35.1815,32.0004],[35.1815,32.0004],[35.1815,32.0004],[35.1815,32.0004],[35.1815,32.0004],[35.1815,32.0004],[35.1816,32.0004],[35.1816,32.0004],[35.1816,32.0004],[35.1816,32.0004],[35.1816,32.0004],[35.1816,32.0004],[35.1816,32.0004],[35.1816,32.0004],[35.1816,32.0004],[35.1816,32.0004],[35.1817,32.0004],[35.1817,32.0004],[35.1817,32.0004],[35.1817,32.0004],[35.1817,32.0004],[35.1817,32.0004],[35.1817,32.0003],[35.1817,32.0003],[35.1817,32.0003],[35.1817,32.0003],[35.1817,32.0003],[35.1818,32.0003],[35.1818,32.0003],[35.1818,32.0003],[35.1818,32.0003],[35.1818,32.0003],[35.1818,32.0003],[35.1818,32.0003],[35.1818,32.0003],[35.1818,32.0003],[35.1818,32.0003],[35.1818,32.0003],[35.1818,32.0003],[35.1818,32.0003],[35.1819,32.0003],[35.1819,32.0003],[35.1819,32.0003],[35.1819,32.0003],[35.1819,32.0003],[35.1819,32.0003],[35.1819,32.0003],[35.1819,32.0003],[35.1819,32.0003],[35.182,32.0002],[35.182,32.0002],[35.1821,32.0002],[35.1821,32.0002],[35.1821,32.0002],[35.1822,32.0001],[35.1822,32.0001],[35.1822,32.0001],[35.1822,32.0001],[35.1822,32.0001],[35.1822,32.0001],[35.1822,32.0001],[35.1822,32.0001],[35.1822,32.0001],[35.1823,32.0001],[35.1823,32.0001],[35.1823,32.0001],[35.1823,32.0001],[35.1823,32.0001],[35.1823,32.0],[35.1823,32.0],[35.1824,32.0],[35.1824,32.0],[35.1824,32.0],[35.1824,32.0],[35.1824,32.0],[35.1824,32.0],[35.1824,32.0],[35.1824,32.0],[35.1824,32.0],[35.1824,31.9999],[35.1824,31.9999],[35.1825,31.9999],[35.1825,31.9999],[35.1825,31.9999],[35.1825,31.9999],[35.1825,31.9999],[35.1825,31.9999],[35.1825,31.9999],[35.1825,31.9999],[35.1825,31.9999],[35.1825,31.9999],[35.1825,31.9998],[35.1825,31.9998],[35.1825,31.9998],[35.1825,31.9998],[35.1825,31.9998],[35.1825,31.9998],[35.1825,31.9998],[35.1825,31.9998],[35.1825,31.9998],[35.1826,31.9998],[35.1826,31.9997],[35.1826,31.9997],[35.1826,31.9997],[35.1826,31.9997],[35.1826,31.9997],[35.1826,31.9997],[35.1826,31.9997],[35.1826,31.9997],[35.1826,31.9997],[35.1826,31.9997],[35.1826,31.9997],[35.1826,31.9997],[35.1826,31.9996],[35.1826,31.9996],[35.1826,31.9996],[35.1826,31.9996],[35.1826,31.9996],[35.1826,31.9996],[35.1826,31.9996],[35.1826,31.9996],[35.1826,31.9996],[35.1826,31.9996],[35.1826,31.9996],[35.1826,31.9996],[35.1826,31.9995],[35.1826,31.9995],[35.1826,31.9995],[35.1826,31.9995],[35.1826,31.9995],[35.1826,31.9995],[35.1826,31.9995],[35.1826,31.9995],[35.1826,31.9995],[35.1826,31.9995],[35.1826,31.9995],[35.1826,31.9995],[35.1826,31.9994],[35.1826,31.9994],[35.1826,31.9994],[35.1826,31.9994],[35.1826,31.9994],[35.1826,31.9994],[35.1826,31.9994],[35.1826,31.9994],[35.1826,31.9994],[35.1826,31.9994],[35.1826,31.9994],[35.1826,31.9993],[35.1826,31.9993],[35.1825,31.9993],[35.1825,31.9993],[35.1825,31.9992],[35.1825,31.9992],[35.1825,31.9992],[35.1825,31.9991],[35.1825,31.9991],[35.1825,31.999],[35.1825,31.999],[35.1825,31.9989],[35.1824,31.9989],[35.1824,31.9989],[35.1824,31.9988],[35.1824,31.9988],[35.1824,31.9988],[35.1824,31.9988],[35.1824,31.9988],[35.1824,31.9988],[35.1824,31.9988],[35.1824,31.9988],[35.1824,31.9987],[35.1824,31.9987],[35.1824,31.9987],[35.1823,31.9987],[35.1823,31.9987],[35.1823,31.9987],[35.1823,31.9987],[35.1823,31.9987],[35.1823,31.9987],[35.1823,31.9987],[35.1823,31.9986],[35.1823,31.9986],[35.1823,31.9986],[35.1824,31.9986],[35.1824,31.9986],[35.1824,31.9986],[35.1824,31.9986],[35.1824,31.9986],[35.1824,31.9986],[35.1824,31.9985],[35.1824,31.9985],[35.1824,31.9985],[35.1824,31.9985],[35.1824,31.9985],[35.1824,31.9985],[35.1824,31.9985],[35.1824,31.9985],[35.1824,31.9985],[35.1824,31.9985],[35.1824,31.9984],[35.1824,31.9984],[35.1824,31.9984],[35.1824,31.9984],[35.1824,31.9984],[35.1824,31.9984],[35.1824,31.9984],[35.1824,31.9984],[35.1824,31.9984],[35.1824,31.9984],[35.1824,31.9983],[35.1824,31.9983],[35.1825,31.9983],[35.1825,31.9983],[35.1825,31.9983],[35.1825,31.9983],[35.1824,31.9982],[35.1824,31.9982],[35.1824,31.9982],[35.1824,31.9982],[35.1824,31.9982],[35.1824,31.9982],[35.1824,31.9981],[35.1824,31.9981],[35.1825,31.9981],[35.1825,31.9981],[35.1826,31.998],[35.1826,31.998],[35.1826,31.998],[35.1826,31.998],[35.1826,31.9979],[35.1826,31.9979],[35.1826,31.9979],[35.1826,31.9979],[35.1826,31.9979],[35.1826,31.9978],[35.1827,31.9978],[35.1827,31.9978],[35.1827,31.9977],[35.1827,31.9977],[35.1827,31.9977],[35.1827,31.9977],[35.1827,31.9977],[35.1827,31.9976],[35.1827,31.9976],[35.1828,31.9976],[35.1828,31.9975],[35.1828,31.9975],[35.1828,31.9975],[35.1828,31.9974],[35.1828,31.9974],[35.1828,31.9973],[35.1829,31.9973],[35.1829,31.9973],[35.1829,31.9973],[35.1829,31.9972],[35.1829,31.9971],[35.1829,31.9971],[35.1829,31.9971],[35.183,31.9971],[35.183,31.997],[35.183,31.997],[35.183,31.997],[35.183,31.9969],[35.183,31.9969],[35.183,31.9969],[35.183,31.9969],[35.183,31.9968],[35.183,31.9968],[35.183,31.9968],[35.183,31.9968],[35.1829,31.9968],[35.183,31.9968],[35.183,31.9968],[35.183,31.9968],[35.183,31.9967],[35.183,31.9967],[35.183,31.9967],[35.183,31.9967],[35.183,31.9967],[35.183,31.9966],[35.183,31.9966],[35.183,31.9966],[35.183,31.9966],[35.183,31.9966],[35.183,31.9966],[35.183,31.9966],[35.183,31.9966],[35.183,31.9965],[35.183,31.9965],[35.183,31.9965],[35.183,31.9965],[35.183,31.9965],[35.183,31.9965],[35.183,31.9965],[35.183,31.9965],[35.183,31.9965],[35.1831,31.9964],[35.1831,31.9964],[35.1831,31.9964],[35.1831,31.9964],[35.1831,31.9963],[35.1832,31.9963],[35.1832,31.9963],[35.1832,31.9963],[35.1832,31.9963],[35.1832,31.9962],[35.1832,31.9962],[35.1832,31.9962],[35.1833,31.9961],[35.1833,31.9961],[35.1832,31.996],[35.1833,31.996],[35.1833,31.996],[35.1833,31.996],[35.1833,31.996],[35.1833,31.996],[35.1833,31.9959],[35.1833,31.9959],[35.1833,31.9959],[35.1833,31.9959],[35.1834,31.9959],[35.1834,31.9959],[35.1834,31.9959],[35.1834,31.9959],[35.1834,31.9959],[35.1834,31.9959],[35.1834,31.9959],[35.1834,31.9959],[35.1834,31.9958],[35.1834,31.9958],[35.1834,31.9958],[35.1834,31.9958],[35.1834,31.9958],[35.1833,31.9958],[35.1833,31.9958],[35.1833,31.9958],[35.1833,31.9958],[35.1833,31.9957],[35.1833,31.9957],[35.1833,31.9957],[35.1833,31.9957],[35.1833,31.9957],[35.1833,31.9957],[35.1833,31.9957],[35.1833,31.9957],[35.1833,31.9957],[35.1833,31.9957],[35.1833,31.9957],[35.1833,31.9957],[35.1833,31.9956],[35.1832,31.9956],[35.1832,31.9956],[35.1832,31.9956],[35.1832,31.9956],[35.1832,31.9956],[35.1832,31.9956],[35.1832,31.9956],[35.1832,31.9956],[35.1832,31.9956],[35.1832,31.9956],[35.1832,31.9956],[35.1832,31.9956],[35.1831,31.9956],[35.1831,31.9956],[35.1831,31.9956],[35.1831,31.9956],[35.1831,31.9956],[35.1831,31.9956],[35.1831,31.9956],[35.1831,31.9956],[35.1831,31.9956],[35.1831,31.9956],[35.1831,31.9956],[35.1831,31.9956],[35.183,31.9956],[35.183,31.9956],[35.183,31.9956],[35.183,31.9956],[35.183,31.9956],[35.183,31.9956],[35.183,31.9956],[35.183,31.9956],[35.183,31.9956],[35.183,31.9956],[35.183,31.9956],[35.183,31.9956],[35.183,31.9956],[35.1829,31.9956],[35.1829,31.9956],[35.1829,31.9956],[35.1829,31.9956],[35.1829,31.9956],[35.1829,31.9956],[35.1829,31.9956],[35.1829,31.9956],[35.1829,31.9956],[35.1828,31.9956],[35.1828,31.9956],[35.1827,31.9957],[35.1827,31.9957],[35.1826,31.9957],[35.1826,31.9957],[35.1826,31.9957],[35.1825,31.9957],[35.1825,31.9957],[35.1825,31.9957],[35.1825,31.9958],[35.1825,31.9958],[35.1825,31.9958],[35.1824,31.9958],[35.1824,31.9958],[35.1824,31.9958],[35.1824,31.9958],[35.1824,31.9958],[35.1824,31.9958],[35.1824,31.9958],[35.1824,31.9958],[35.1824,31.9958],[35.1823,31.9958],[35.1823,31.9958],[35.1823,31.9958],[35.1823,31.9958],[35.1822,31.9958],[35.1822,31.9958],[35.1822,31.9958],[35.1821,31.9958],[35.1821,31.9958],[35.1821,31.9958],[35.182,31.9958],[35.182,31.9958],[35.1819,31.9958],[35.1819,31.9958],[35.1819,31.9958],[35.1817,31.9958],[35.1816,31.9958],[35.1816,31.9958],[35.1816,31.9958],[35.1815,31.9958],[35.1815,31.9958],[35.1815,31.9958],[35.1815,31.9958],[35.1815,31.9958],[35.1814,31.9958],[35.1814,31.9958],[35.1814,31.9958],[35.1814,31.9958],[35.1813,31.9958],[35.1813,31.9958],[35.1813,31.9958],[35.1813,31.9958],[35.1813,31.9958],[35.1813,31.9958],[35.1813,31.9958],[35.1813,31.9958],[35.1813,31.9958],[35.1813,31.9958],[35.1812,31.9958],[35.1812,31.9958],[35.1812,31.9958],[35.1812,31.9958],[35.1812,31.9958],[35.1812,31.9958],[35.1812,31.9958],[35.1812,31.9958],[35.1812,31.9958],[35.1811,31.9958],[35.1811,31.9958],[35.1811,31.9958],[35.1811,31.9958],[35.1811,31.9958],[35.1811,31.9958],[35.181,31.9958],[35.181,31.9958],[35.181,31.9958],[35.181,31.9958],[35.181,31.9958],[35.181,31.9958],[35.181,31.9958],[35.181,31.9958],[35.181,31.9958],[35.1809,31.9958],[35.1809,31.9958],[35.1809,31.9958],[35.1809,31.9958],[35.1809,31.9958],[35.1809,31.9958],[35.1809,31.9958],[35.1809,31.9958],[35.1809,31.9958],[35.1808,31.9958],[35.1808,31.9958],[35.1808,31.9958],[35.1808,31.9958],[35.1808,31.9958],[35.1808,31.9958],[35.1808,31.9958],[35.1808,31.9958],[35.1808,31.9958],[35.1807,31.9958],[35.1807,31.9958],[35.1807,31.9958],[35.1807,31.9958],[35.1807,31.9958],[35.1807,31.9958],[35.1807,31.9958],[35.1807,31.9958],[35.1806,31.9958],[35.1806,31.9958],[35.1806,31.9958],[35.1806,31.9958],[35.1806,31.9958],[35.1806,31.9958],[35.1806,31.9958],[35.1806,31.9958],[35.1805,31.9959],[35.1805,31.9959],[35.1805,31.9959],[35.1805,31.9959],[35.1805,31.9959],[35.1805,31.9959],[35.1805,31.9959],[35.1805,31.9959],[35.1805,31.9959],[35.1804,31.9959],[35.1804,31.9959],[35.1803,31.9959],[35.1803,31.9959],[35.1803,31.9959],[35.1803,31.9959],[35.1802,31.9959],[35.1802,31.9959],[35.1802,31.9959],[35.1801,31.9959],[35.1801,31.9959],[35.1801,31.9959],[35.18,31.996],[35.18,31.996],[35.1799,31.996],[35.1799,31.996],[35.1799,31.996],[35.1798,31.996],[35.1798,31.996],[35.1798,31.996],[35.1798,31.996],[35.1797,31.9961],[35.1797,31.9961],[35.1797,31.9961],[35.1797,31.9961],[35.1797,31.9961],[35.1796,31.9961],[35.1796,31.9961],[35.1795,31.9961],[35.1795,31.9961],[35.1795,31.9961],[35.1795,31.9961],[35.1794,31.9961],[35.1794,31.9961],[35.1794,31.9961],[35.1794,31.9961],[35.1794,31.9961],[35.1794,31.9961],[35.1794,31.9961],[35.1794,31.9961],[35.1794,31.9961],[35.1793,31.9961],[35.1793,31.9961],[35.1793,31.9961],[35.1793,31.9961],[35.1793,31.9961],[35.1793,31.9961],[35.1793,31.9961],[35.1793,31.9961],[35.1793,31.9961],[35.1793,31.9961],[35.1792,31.9961],[35.1792,31.9961],[35.1792,31.9961],[35.1792,31.9961],[35.1792,31.9961],[35.1792,31.9961],[35.1792,31.9961],[35.1792,31.9961],[35.1792,31.9961],[35.1792,31.9961],[35.1792,31.9961],[35.1792,31.9961],[35.1791,31.9961],[35.1791,31.9961],[35.1791,31.9962],[35.1791,31.9962],[35.1791,31.9962],[35.1791,31.9962],[35.1791,31.9962],[35.1791,31.9962],[35.1791,31.9962],[35.1791,31.9962],[35.179,31.9962],[35.179,31.9962],[35.179,31.9962],[35.179,31.9962],[35.179,31.9962],[35.1789,31.9962],[35.1789,31.9962],[35.1788,31.9963],[35.1787,31.9963],[35.1786,31.9963],[35.1786,31.9963],[35.1786,31.9963],[35.1786,31.9963],[35.1786,31.9963],[35.1785,31.9963],[35.1785,31.9963],[35.1785,31.9963],[35.1785,31.9963],[35.1785,31.9963],[35.1785,31.9963],[35.1785,31.9963],[35.1785,31.9963],[35.1785,31.9964],[35.1785,31.9964],[35.1785,31.9964],[35.1785,31.9964],[35.1784,31.9964],[35.1784,31.9964],[35.1784,31.9964],[35.1784,31.9964],[35.1784,31.9964],[35.1784,31.9964],[35.1784,31.9964],[35.1784,31.9964],[35.1784,31.9964],[35.1784,31.9964],[35.1784,31.9964],[35.1783,31.9964],[35.1783,31.9964],[35.1783,31.9964],[35.1783,31.9964],[35.1783,31.9964],[35.1783,31.9964],[35.1783,31.9964],[35.1783,31.9964],[35.1783,31.9964],[35.1783,31.9965],[35.1783,31.9965],[35.1783,31.9965],[35.1782,31.9965],[35.1782,31.9965],[35.1782,31.9965],[35.1782,31.9965],[35.1782,31.9965],[35.1782,31.9965],[35.1782,31.9965],[35.1782,31.9965],[35.1782,31.9965],[35.1782,31.9965],[35.1782,31.9965],[35.1782,31.9965],[35.1781,31.9965],[35.1781,31.9965],[35.1781,31.9965],[35.1781,31.9966],[35.1781,31.9966],[35.1781,31.9966],[35.1781,31.9966],[35.1781,31.9966],[35.1781,31.9966],[35.1781,31.9966],[35.1781,31.9966],[35.1781,31.9966],[35.178,31.9966],[35.178,31.9966],[35.178,31.9966],[35.178,31.9966],[35.178,31.9966],[35.178,31.9966],[35.178,31.9967],[35.178,31.9967],[35.178,31.9967],[35.178,31.9967],[35.178,31.9967],[35.178,31.9967],[35.178,31.9967],[35.1779,31.9967],[35.1779,31.9967],[35.1779,31.9967],[35.1779,31.9967],[35.1779,31.9967],[35.1779,31.9968],[35.1779,31.9968],[35.1778,31.9969],[35.1778,31.9969],[35.1777,31.9969],[35.1777,31.9969],[35.1777,31.9969],[35.1777,31.997],[35.1776,31.9971],[35.1775,31.9972],[35.1775,31.9972],[35.1775,31.9972],[35.1775,31.9972],[35.1775,31.9973],[35.1774,31.9973],[35.1774,31.9973],[35.1774,31.9974],[35.1774,31.9974],[35.1774,31.9974],[35.1774,31.9974],[35.1773,31.9974],[35.1773,31.9974],[35.1773,31.9974],[35.1772,31.9975],[35.1772,31.9975],[35.1772,31.9975],[35.1772,31.9975],[35.1772,31.9976],[35.1772,31.9976],[35.1772,31.9976],[35.1771,31.9976],[35.1771,31.9976],[35.1771,31.9976],[35.1771,31.9976],[35.1771,31.9976],[35.1771,31.9976],[35.1771,31.9976],[35.1771,31.9977],[35.177,31.9977],[35.177,31.9977],[35.177,31.9977],[35.177,31.9977],[35.177,31.9977],[35.177,31.9977],[35.177,31.9977],[35.177,31.9977],[35.177,31.9977],[35.177,31.9977],[35.177,31.9978],[35.177,31.9978],[35.177,31.9978],[35.177,31.9978],[35.177,31.9978],[35.1769,31.9978],[35.1769,31.9978],[35.1769,31.9979],[35.1769,31.9979],[35.1769,31.9979],[35.1769,31.9979],[35.1769,31.9979],[35.1769,31.9979],[35.1768,31.9979],[35.1768,31.9979],[35.1768,31.9979],[35.1768,31.9979],[35.1768,31.998],[35.1768,31.998],[35.1767,31.998],[35.1767,31.998],[35.1767,31.998],[35.1767,31.998],[35.1767,31.998],[35.1766,31.9981],[35.1766,31.9981],[35.1766,31.9981],[35.1765,31.9981],[35.1765,31.9981],[35.1765,31.9981],[35.1765,31.9981],[35.1765,31.9981],[35.1765,31.9981],[35.1765,31.9982],[35.1765,31.9982],[35.1765,31.9982],[35.1765,31.9982],[35.1765,31.9982],[35.1765,31.9982],[35.1765,31.9982],[35.1765,31.9982],[35.1765,31.9982],[35.1765,31.9982],[35.1765,31.9982],[35.1765,31.9982],[35.1764,31.9982],[35.1764,31.9982],[35.1764,31.9982],[35.1764,31.9982],[35.1764,31.9982],[35.1764,31.9982],[35.1764,31.9983],[35.1764,31.9983],[35.1764,31.9983],[35.1764,31.9983],[35.1764,31.9983],[35.1764,31.9983],[35.1764,31.9983],[35.1764,31.9983],[35.1764,31.9983],[35.1764,31.9983],[35.1764,31.9983],[35.1764,31.9983],[35.1764,31.9983],[35.1764,31.9983],[35.1764,31.9984],[35.1764,31.9984],[35.1763,31.9984],[35.1763,31.9984],[35.1763,31.9984],[35.1763,31.9984],[35.1763,31.9984],[35.1763,31.9985],[35.1763,31.9985],[35.1763,31.9985],[35.1763,31.9985],[35.1762,31.9986],[35.1762,31.9986],[35.1762,31.9986],[35.1762,31.9986],[35.1762,31.9986],[35.1762,31.9986],[35.1762,31.9986],[35.1762,31.9986],[35.1762,31.9986],[35.1762,31.9987],[35.1762,31.9987],[35.1762,31.9987],[35.1762,31.9987],[35.1762,31.9987],[35.1762,31.9987],[35.1762,31.9987],[35.1762,31.9987],[35.1762,31.9987],[35.1762,31.9987],[35.1761,31.9987],[35.1761,31.9987],[35.1761,31.9987],[35.1761,31.9987],[35.1761,31.9987],[35.1761,31.9987],[35.1761,31.9988],[35.1761,31.9988],[35.1761,31.9988],[35.1761,31.9988],[35.176,31.9989],[35.176,31.9989],[35.176,31.9989],[35.176,31.9989],[35.1759,31.9989],[35.1759,31.999],[35.1759,31.999],[35.1759,31.999],[35.1759,31.999],[35.1758,31.9991],[35.1758,31.9991],[35.1758,31.9991],[35.1758,31.9991],[35.1757,31.9991],[35.1757,31.9992],[35.1757,31.9992],[35.1757,31.9992],[35.1757,31.9992],[35.1756,31.9993],[35.1756,31.9993],[35.1756,31.9993],[35.1756,31.9993],[35.1756,31.9993],[35.1756,31.9993],[35.1756,31.9993],[35.1756,31.9993],[35.1755,31.9994],[35.1755,31.9994],[35.1755,31.9994],[35.1755,31.9994],[35.1755,31.9994],[35.1755,31.9994],[35.1755,31.9994],[35.1755,31.9994],[35.1755,31.9994],[35.1754,31.9994],[35.1754,31.9994],[35.1754,31.9994],[35.1754,31.9995],[35.1754,31.9995],[35.1754,31.9995],[35.1754,31.9995],[35.1754,31.9995],[35.1754,31.9995],[35.1754,31.9995],[35.1753,31.9995],[35.1753,31.9995],[35.1753,31.9995],[35.1753,31.9995],[35.1753,31.9995],[35.1753,31.9995],[35.1753,31.9995],[35.1752,31.9996],[35.1752,31.9996],[35.1752,31.9996],[35.1752,31.9996],[35.1752,31.9996],[35.1752,31.9996],[35.1751,31.9996],[35.1751,31.9996],[35.1751,31.9996],[35.1751,31.9996],[35.1751,31.9996],[35.1751,31.9996],[35.1751,31.9996],[35.175,31.9996],[35.175,31.9997],[35.175,31.9997],[35.175,31.9997],[35.175,31.9997],[35.175,31.9997],[35.175,31.9997],[35.175,31.9997],[35.175,31.9997],[35.175,31.9997],[35.175,31.9997],[35.175,31.9997],[35.175,31.9997],[35.175,31.9997],[35.1749,31.9997],[35.1749,31.9997],[35.1749,31.9997],[35.1749,31.9997],[35.1749,31.9997],[35.1749,31.9997],[35.1749,31.9997],[35.1749,31.9997],[35.1749,31.9997],[35.1749,31.9997],[35.1749,31.9997],[35.1749,31.9997],[35.1749,31.9997],[35.1749,31.9997],[35.1748,31.9997],[35.1748,31.9997],[35.1748,31.9997],[35.1748,31.9997],[35.1748,31.9997],[35.1748,31.9998],[35.1748,31.9998],[35.1748,31.9998],[35.1748,31.9998],[35.1748,31.9998],[35.1748,31.9998],[35.1748,31.9998],[35.1748,31.9998],[35.1748,31.9998],[35.1747,31.9999],[35.1747,31.9999],[35.1747,31.9999],[35.1746,32.0],[35.1746,32.0],[35.1746,32.0],[35.1745,32.0001],[35.1744,32.0001],[35.1744,32.0001],[35.1744,32.0001],[35.1744,32.0001],[35.1744,32.0001],[35.1744,32.0002],[35.1744,32.0002],[35.1744,32.0002],[35.1744,32.0002],[35.1743,32.0002],[35.1743,32.0002],[35.1743,32.0002],[35.1743,32.0003],[35.1743,32.0003],[35.1743,32.0003],[35.1743,32.0003],[35.1743,32.0003],[35.1743,32.0003],[35.1743,32.0003],[35.1743,32.0003],[35.1743,32.0003],[35.1743,32.0003],[35.1743,32.0003],[35.1742,32.0003],[35.1742,32.0003],[35.1742,32.0003],[35.1742,32.0003],[35.1742,32.0003],[35.1742,32.0003],[35.1742,32.0003],[35.1742,32.0003],[35.1742,32.0003],[35.1742,32.0003],[35.1742,32.0003],[35.1741,32.0004],[35.1741,32.0004],[35.1741,32.0004],[35.1741,32.0004],[35.1741,32.0004],[35.1741,32.0004],[35.1741,32.0004],[35.1741,32.0004],[35.1741,32.0004],[35.1741,32.0004],[35.1741,32.0004],[35.1741,32.0004],[35.174,32.0004],[35.174,32.0004],[35.174,32.0004],[35.174,32.0004],[35.174,32.0004],[35.174,32.0004],[35.174,32.0004],[35.174,32.0004],[35.174,32.0005],[35.174,32.0005],[35.174,32.0005],[35.174,32.0005],[35.1739,32.0005],[35.1739,32.0005],[35.1739,32.0005],[35.1738,32.0006],[35.1738,32.0006],[35.1738,32.0006],[35.1738,32.0006],[35.1738,32.0006],[35.1738,32.0006],[35.1738,32.0006],[35.1737,32.0006],[35.1737,32.0006],[35.1737,32.0006],[35.1737,32.0006],[35.1737,32.0006],[35.1737,32.0006],[35.1737,32.0007],[35.1737,32.0007],[35.1737,32.0007],[35.1737,32.0007],[35.1737,32.0007],[35.1737,32.0007],[35.1737,32.0007],[35.1737,32.0007],[35.1737,32.0007],[35.1737,32.0007],[35.1737,32.0007],[35.1737,32.0007],[35.1736,32.0007],[35.1736,32.0007],[35.1736,32.0007],[35.1736,32.0007],[35.1736,32.0007],[35.1736,32.0008],[35.1736,32.0008],[35.1736,32.0008],[35.1736,32.0008],[35.1736,32.0008],[35.1736,32.0008],[35.1736,32.0008],[35.1736,32.0008],[35.1736,32.0008],[35.1736,32.0008],[35.1736,32.0008],[35.1736,32.0008],[35.1736,32.0008],[35.1736,32.0008],[35.1736,32.0008],[35.1735,32.0009],[35.1735,32.0009],[35.1735,32.0009],[35.1735,32.0009],[35.1735,32.0009],[35.1735,32.001],[35.1735,32.001],[35.1735,32.001],[35.1735,32.001],[35.1734,32.001],[35.1734,32.0011],[35.1734,32.0011],[35.1734,32.0011],[35.1734,32.0011],[35.1734,32.0011],[35.1734,32.0011],[35.1734,32.0011],[35.1734,32.0011],[35.1734,32.0011],[35.1734,32.0011],[35.1734,32.0011],[35.1734,32.0011],[35.1734,32.0011],[35.1734,32.0011],[35.1734,32.0011],[35.1734,32.0012],[35.1734,32.0012],[35.1734,32.0012],[35.1734,32.0012],[35.1734,32.0012],[35.1734,32.0012],[35.1734,32.0012],[35.1734,32.0012],[35.1734,32.0012],[35.1734,32.0012],[35.1734,32.0012],[35.1734,32.0013],[35.1734,32.0013],[35.1734,32.0014],[35.1734,32.0015],[35.1734,32.0015],[35.1734,32.0015],[35.1734,32.0015],[35.1734,32.0015],[35.1734,32.0015],[35.1734,32.0016],[35.1734,32.0016],[35.1734,32.0016],[35.1734,32.0016],[35.1734,32.0016],[35.1734,32.0017],[35.1734,32.0017],[35.1734,32.0017],[35.1734,32.0017],[35.1734,32.0017],[35.1734,32.0017],[35.1734,32.0018],[35.1734,32.0018],[35.1734,32.0018],[35.1734,32.0018],[35.1734,32.0018],[35.1734,32.0018],[35.1734,32.0018],[35.1733,32.0019],[35.1733,32.0019],[35.1733,32.0019],[35.1733,32.0019],[35.1733,32.0019],[35.1733,32.0019],[35.1733,32.0019],[35.1733,32.002],[35.1733,32.002],[35.1733,32.002],[35.1733,32.0021],[35.1733,32.0021],[35.1733,32.0021],[35.1733,32.0021],[35.1733,32.0021],[35.1733,32.0021],[35.1733,32.0021],[35.1733,32.0021],[35.1733,32.0021],[35.1733,32.0021],[35.1733,32.0022],[35.1733,32.0022],[35.1733,32.0022],[35.1733,32.0022],[35.1733,32.0022],[35.1733,32.0022],[35.1733,32.0022],[35.1733,32.0022],[35.1733,32.0022],[35.1733,32.0022],[35.1733,32.0022],[35.1733,32.0023],[35.1733,32.0023],[35.1733,32.0023],[35.1733,32.0023],[35.1733,32.0023],[35.1733,32.0023],[35.1733,32.0023],[35.1733,32.0023],[35.1733,32.0023],[35.1733,32.0023],[35.1733,32.0023],[35.1733,32.0023],[35.1733,32.0024],[35.1733,32.0024],[35.1733,32.0024],[35.1733,32.0024],[35.1733,32.0024],[35.1733,32.0025],[35.1733,32.0025],[35.1733,32.0025],[35.1733,32.0025],[35.1733,32.0025],[35.1733,32.0025],[35.1733,32.0025],[35.1733,32.0025],[35.1733,32.0025],[35.1733,32.0025],[35.1733,32.0025],[35.1733,32.0026],[35.1733,32.0026],[35.1733,32.0026],[35.1733,32.0026],[35.1733,32.0026],[35.1733,32.0026],[35.1733,32.0026],[35.1733,32.0026],[35.1733,32.0026],[35.1733,32.0027],[35.1733,32.0027],[35.1733,32.0027],[35.1733,32.0027],[35.1733,32.0027],[35.1733,32.0027],[35.1734,32.0027],[35.1733,32.0028],[35.1733,32.0028],[35.1733,32.0029],[35.1733,32.0029],[35.1733,32.0029],[35.1733,32.0029],[35.1733,32.003],[35.1733,32.003],[35.1733,32.003],[35.1733,32.003],[35.1733,32.003],[35.1733,32.003],[35.1733,32.003],[35.1733,32.003],[35.1733,32.0031],[35.1733,32.0032],[35.1733,32.0033],[35.1734,32.0034],[35.1734,32.0036],[35.1734,32.0036],[35.1734,32.0036],[35.1734,32.0036],[35.1734,32.0037],[35.1734,32.0037],[35.1735,32.0037],[35.1735,32.0037],[35.1735,32.0037],[35.1735,32.0037],[35.1735,32.0037],[35.1735,32.0037],[35.1735,32.0038],[35.1735,32.0038],[35.1735,32.0038],[35.1735,32.0038],[35.1735,32.0038],[35.1735,32.0038],[35.1735,32.0038],[35.1735,32.0038],[35.1735,32.0038],[35.1735,32.0038],[35.1735,32.0038],[35.1735,32.0038],[35.1735,32.0038],[35.1736,32.0039]],[[35.1765,32.0051],[35.1767,32.0047],[35.1769,32.0046],[35.1769,32.0046],[35.177,32.0047],[35.1767,32.0052],[35.1765,32.0051]]]]}},{"type":"Feature","properties":{"name":"שטח סגור ליד איתמר","remarks":""},"geometry":{"type":"MultiPolygon","coordinates":[[[[35.2975,32.1834],[35.2977,32.1828],[35.2983,32.1816],[35.2989,32.1804],[35.2992,32.1792],[35.2994,32.178],[35.2994,32.1772],[35.2994,32.1762],[35.2993,32.1752],[35.299,32.1739],[35.2986,32.1726],[35.298,32.1713],[35.2974,32.1699],[35.2964,32.1684],[35.296,32.1677],[35.2948,32.1684],[35.2908,32.1707],[35.2848,32.1744],[35.2841,32.1749],[35.2868,32.1751],[35.2872,32.1756],[35.2878,32.1759],[35.2882,32.1761],[35.2897,32.1762],[35.2914,32.1763],[35.2923,32.1764],[35.2933,32.1766],[35.2934,32.1768],[35.2934,32.1771],[35.2934,32.1774],[35.2931,32.1776],[35.2926,32.178],[35.292,32.1783],[35.2915,32.1786],[35.291,32.179],[35.2907,32.1794],[35.2904,32.1799],[35.2902,32.1804],[35.2901,32.1809],[35.2975,32.1834]]]]}},{"type":"Feature","properties":{"name":"\"דרך אחרת\" הרחבת מעבר מזמורי","remarks":""},"geometry":{"type":"MultiPolygon","coordinates":[[[[35.2442,31.715],[35.2446,31.7151],[35.2446,31.7151],[35.2446,31.715],[35.2445,31.715],[35.2445,31.7149],[35.2445,31.7149],[35.2445,31.7148],[35.2445,31.7148],[35.2446,31.7148],[35.2446,31.7147],[35.2446,31.7147],[35.2446,31.7146],[35.2448,31.7143],[35.2448,31.7142],[35.2449,31.7142],[35.2449,31.7142],[35.2449,31.7142],[35.2449,31.7141],[35.2448,31.714],[35.2448,31.7139],[35.2442,31.715]]]]}},{"type":"Feature","properties":{"name":"שב\"מ הנדסי מעלה לבונה","remarks":""},"geometry":{"type":"MultiPolygon","coordinates":[[[[35.2389,32.0517],[35.2389,32.0517],[35.2389,32.0517],[35.2389,32.0517],[35.2388,32.0517],[35.2386,32.0517],[35.2386,32.0517],[35.2386,32.0517],[35.2385,32.0517],[35.2384,32.0518],[35.2384,32.0518],[35.2383,32.0518],[35.2383,32.0518],[35.2383,32.0518],[35.2382,32.0518],[35.2382,32.0518],[35.2382,32.0518],[35.2382,32.0518],[35.2382,32.0518],[35.2382,32.0518],[35.2382,32.0518],[35.2382,32.0518],[35.2382,32.0518],[35.2381,32.0518],[35.2381,32.0518],[35.2381,32.0518],[35.238,32.0518],[35.238,32.0518],[35.238,32.0518],[35.238,32.0518],[35.238,32.0518],[35.2379,32.0518],[35.2379,32.0518],[35.2379,32.0518],[35.2378,32.0518],[35.2378,32.0518],[35.2378,32.0518],[35.2378,32.0518],[35.2378,32.0518],[35.2378,32.0518],[35.2378,32.0518],[35.2378,32.0519],[35.2378,32.0519],[35.2378,32.0519],[35.2377,32.0519],[35.2377,32.0519],[35.2377,32.0519],[35.2377,32.0519],[35.2377,32.0519],[35.2376,32.0519],[35.2376,32.0519],[35.2376,32.0519],[35.2375,32.052],[35.2375,32.052],[35.2375,32.052],[35.2374,32.052],[35.2374,32.052],[35.2374,32.052],[35.2374,32.052],[35.2374,32.0521],[35.2374,32.0521],[35.2374,32.0521],[35.2373,32.0521],[35.2373,32.0521],[35.2373,32.0521],[35.2373,32.0521],[35.2373,32.0521],[35.2373,32.0521],[35.2373,32.0521],[35.2373,32.0521],[35.2373,32.0521],[35.2373,32.0521],[35.2373,32.0522],[35.2373,32.0522],[35.2373,32.0522],[35.2372,32.0522],[35.2372,32.0522],[35.2372,32.0522],[35.2372,32.0522],[35.2372,32.0522],[35.2372,32.0522],[35.2372,32.0523],[35.2372,32.0523],[35.2371,32.0523],[35.2371,32.0524],[35.2371,32.0524],[35.2369,32.0525],[35.2369,32.0525],[35.2369,32.0525],[35.2369,32.0525],[35.2369,32.0525],[35.2369,32.0525],[35.2369,32.0525],[35.2368,32.0526],[35.2368,32.0526],[35.2368,32.0527],[35.2367,32.0527],[35.2367,32.0527],[35.2367,32.0528],[35.2366,32.0528],[35.2366,32.0528],[35.2366,32.0529],[35.2366,32.0529],[35.2365,32.0529],[35.2365,32.053],[35.2365,32.053],[35.2365,32.053],[35.2365,32.053],[35.2365,32.053],[35.2365,32.053],[35.2365,32.053],[35.2365,32.0531],[35.2365,32.0531],[35.2365,32.0531],[35.2365,32.0531],[35.2365,32.0531],[35.2365,32.0531],[35.2365,32.0531],[35.2365,32.0531],[35.2365,32.0531],[35.2365,32.0531],[35.2365,32.0531],[35.2365,32.0531],[35.2364,32.0531],[35.2364,32.0531],[35.2364,32.0531],[35.2364,32.0531],[35.2364,32.0531],[35.2364,32.0531],[35.2364,32.0531],[35.2364,32.0531],[35.2364,32.0531],[35.2364,32.0531],[35.2364,32.0531],[35.2364,32.0532],[35.2363,32.0532],[35.2363,32.0532],[35.2363,32.0532],[35.2363,32.0532],[35.2363,32.0532],[35.2363,32.0532],[35.2363,32.0532],[35.2363,32.0533],[35.2362,32.0533],[35.2362,32.0533],[35.2362,32.0533],[35.2362,32.0533],[35.2362,32.0534],[35.2362,32.0534],[35.2362,32.0534],[35.2362,32.0534],[35.2362,32.0535],[35.2361,32.0535],[35.2361,32.0535],[35.2361,32.0535],[35.2361,32.0535],[35.2361,32.0536],[35.236,32.0536],[35.236,32.0536],[35.236,32.0537],[35.236,32.0537],[35.236,32.0537],[35.236,32.0537],[35.2359,32.0537],[35.2359,32.0538],[35.2359,32.0538],[35.2359,32.0538],[35.2359,32.0538],[35.2359,32.0538],[35.2359,32.0538],[35.2358,32.0539],[35.2358,32.0539],[35.2358,32.0539],[35.2358,32.054],[35.2357,32.054],[35.2357,32.054],[35.2356,32.0541],[35.2356,32.0541],[35.2356,32.0541],[35.2356,32.0541],[35.2356,32.0541],[35.2356,32.0542],[35.2355,32.0542],[35.2355,32.0542],[35.2355,32.0542],[35.2355,32.0542],[35.2355,32.0542],[35.2355,32.0542],[35.2355,32.0542],[35.2355,32.0542],[35.2354,32.0543],[35.2354,32.0543],[35.2354,32.0543],[35.2354,32.0543],[35.2354,32.0543],[35.2354,32.0543],[35.2353,32.0544],[35.2353,32.0544],[35.2353,32.0544],[35.2353,32.0544],[35.2353,32.0544],[35.2353,32.0544],[35.2352,32.0545],[35.2352,32.0545],[35.2352,32.0545],[35.2352,32.0545],[35.2352,32.0545],[35.2352,32.0545],[35.2352,32.0545],[35.2352,32.0546],[35.2351,32.0546],[35.2351,32.0546],[35.2351,32.0547],[35.2351,32.0547],[35.2351,32.0547],[35.2351,32.0547],[35.2351,32.0547],[35.2351,32.0547],[35.2351,32.0547],[35.2351,32.0547],[35.2351,32.0547],[35.2351,32.0548],[35.2351,32.0548],[35.235,32.0548],[35.235,32.0549],[35.235,32.0549],[35.235,32.0549],[35.235,32.055],[35.235,32.055],[35.235,32.055],[35.235,32.055],[35.235,32.0551],[35.235,32.0551],[35.235,32.0551],[35.235,32.0552],[35.235,32.0552],[35.235,32.0552],[35.235,32.0553],[35.235,32.0553],[35.235,32.0553],[35.235,32.0553],[35.235,32.0553],[35.235,32.0553],[35.235,32.0553],[35.235,32.0553],[35.235,32.0553],[35.235,32.0553],[35.235,32.0554],[35.235,32.0554],[35.235,32.0554],[35.235,32.0554],[35.235,32.0554],[35.235,32.0555],[35.235,32.0555],[35.235,32.0555],[35.235,32.0556],[35.235,32.0556],[35.235,32.0556],[35.235,32.0556],[35.235,32.0557],[35.235,32.0557],[35.235,32.0557],[35.235,32.0557],[35.235,32.0557],[35.235,32.0558],[35.2351,32.0558],[35.2351,32.0558],[35.2351,32.0558],[35.2351,32.0558],[35.2351,32.0558],[35.2351,32.0558],[35.2351,32.0559],[35.2351,32.0559],[35.2351,32.0559],[35.2351,32.0559],[35.2351,32.0559],[35.2351,32.056],[35.2352,32.056],[35.2352,32.056],[35.2352,32.0561],[35.2352,32.0561],[35.2352,32.0561],[35.2353,32.0561],[35.2353,32.0561],[35.2353,32.0561],[35.2353,32.0561],[35.2353,32.0561],[35.2353,32.0561],[35.2353,32.0561],[35.2354,32.0562],[35.2354,32.0562],[35.2354,32.0562],[35.2354,32.0562],[35.2355,32.0563],[35.2355,32.0563],[35.2355,32.0563],[35.2355,32.0563],[35.2355,32.0563],[35.2355,32.0563],[35.2355,32.0563],[35.2355,32.0563],[35.2355,32.0563],[35.2355,32.0563],[35.2356,32.0564],[35.2356,32.0564],[35.2356,32.0564],[35.2356,32.0564],[35.2356,32.0564],[35.2357,32.0564],[35.2357,32.0564],[35.2357,32.0565],[35.2358,32.0565],[35.2358,32.0565],[35.2358,32.0565],[35.2358,32.0565],[35.2358,32.0565],[35.2358,32.0565],[35.2359,32.0565],[35.2359,32.0566],[35.2359,32.0566],[35.2359,32.0566],[35.2359,32.0566],[35.236,32.0566],[35.236,32.0566],[35.2361,32.0567],[35.2361,32.0567],[35.2361,32.0567],[35.2361,32.0567],[35.2361,32.0567],[35.2361,32.0567],[35.2362,32.0567],[35.2362,32.0567],[35.2362,32.0568],[35.2362,32.0568],[35.2363,32.0568],[35.2363,32.0568],[35.2363,32.0568],[35.2363,32.0568],[35.2363,32.0568],[35.2363,32.0568],[35.2363,32.0568],[35.2363,32.0568],[35.2363,32.0568],[35.2363,32.0568],[35.2363,32.0568],[35.2363,32.0568],[35.2363,32.0568],[35.2364,32.0568],[35.2364,32.0568],[35.2364,32.0568],[35.2364,32.0568],[35.2364,32.0568],[35.2364,32.0568],[35.2364,32.0568],[35.2364,32.0568],[35.2364,32.0568],[35.2364,32.0568],[35.2364,32.0568],[35.2364,32.0568],[35.2364,32.0568],[35.2365,32.0568],[35.2365,32.0568],[35.2365,32.0568],[35.2365,32.0568],[35.2365,32.0569],[35.2365,32.0569],[35.2365,32.0569],[35.2365,32.0569],[35.2365,32.0569],[35.2365,32.0569],[35.2365,32.0569],[35.2365,32.0569],[35.2365,32.0569],[35.2365,32.0569],[35.2365,32.0569],[35.2365,32.0569],[35.2365,32.0569],[35.2365,32.0569],[35.2365,32.057],[35.2365,32.057],[35.2365,32.057],[35.2365,32.057],[35.2366,32.057],[35.2366,32.057],[35.2366,32.057],[35.2366,32.057],[35.2366,32.057],[35.2366,32.057],[35.2367,32.057],[35.2367,32.057],[35.2367,32.057],[35.2367,32.057],[35.2367,32.057],[35.2367,32.057],[35.2367,32.057],[35.2368,32.057],[35.2368,32.057],[35.2368,32.057],[35.2368,32.057],[35.2368,32.057],[35.2368,32.057],[35.2368,32.057],[35.2369,32.057],[35.2369,32.057],[35.2369,32.057],[35.2369,32.0569],[35.2369,32.0569],[35.2369,32.0569],[35.2369,32.0569],[35.2369,32.0569],[35.237,32.0569],[35.237,32.0569],[35.237,32.0569],[35.237,32.0569],[35.237,32.0569],[35.237,32.0569],[35.237,32.0569],[35.237,32.0569],[35.2371,32.0569],[35.2371,32.0569],[35.2371,32.0569],[35.2371,32.0569],[35.2372,32.0569],[35.2372,32.0569],[35.2372,32.0569],[35.2372,32.0569],[35.2372,32.0569],[35.2372,32.0569],[35.2372,32.0569],[35.2372,32.0569],[35.2372,32.0569],[35.2372,32.0569],[35.2372,32.0569],[35.2372,32.0569],[35.2373,32.0568],[35.2373,32.0568],[35.2373,32.0568],[35.2373,32.0568],[35.2373,32.0568],[35.2373,32.0568],[35.2373,32.0568],[35.2373,32.0568],[35.2373,32.0568],[35.2373,32.0568],[35.2373,32.0568],[35.2373,32.0568],[35.2373,32.0568],[35.2373,32.0568],[35.2373,32.0568],[35.2374,32.0568],[35.2374,32.0568],[35.2374,32.0568],[35.2374,32.0568],[35.2374,32.0568],[35.2374,32.0568],[35.2374,32.0568],[35.2374,32.0568],[35.2375,32.0568],[35.2375,32.0568],[35.2375,32.0568],[35.2375,32.0568],[35.2375,32.0568],[35.2375,32.0568],[35.2376,32.0568],[35.2376,32.0568],[35.2376,32.0568],[35.2376,32.0568],[35.2376,32.0568],[35.2376,32.0568],[35.2376,32.0568],[35.2376,32.0568],[35.2376,32.0568],[35.2376,32.0568],[35.2376,32.0568],[35.2376,32.0568],[35.2377,32.0568],[35.2377,32.0568],[35.2377,32.0568],[35.2377,32.0568],[35.2377,32.0568],[35.2377,32.0568],[35.2377,32.0568],[35.2377,32.0568],[35.2377,32.0568],[35.2377,32.0568],[35.2378,32.0568],[35.2378,32.0568],[35.2378,32.0568],[35.2378,32.0568],[35.2378,32.0568],[35.2378,32.0568],[35.2379,32.0568],[35.2379,32.0568],[35.2379,32.0568],[35.2379,32.0568],[35.2379,32.0568],[35.2379,32.0568],[35.2379,32.0568],[35.2379,32.0568],[35.238,32.0568],[35.238,32.0568],[35.238,32.0568],[35.238,32.0568],[35.238,32.0568],[35.238,32.0568],[35.2381,32.0569],[35.2381,32.0569],[35.2381,32.0569],[35.2381,32.0569],[35.2381,32.0569],[35.2381,32.0569],[35.2381,32.0569],[35.2382,32.0569],[35.2382,32.0569],[35.2383,32.0569],[35.2383,32.0569],[35.2383,32.057],[35.2383,32.057],[35.2383,32.057],[35.2383,32.057],[35.2383,32.057],[35.2383,32.057],[35.2383,32.057],[35.2383,32.057],[35.2383,32.057],[35.2383,32.057],[35.2383,32.057],[35.2384,32.057],[35.2384,32.057],[35.2384,32.057],[35.2384,32.057],[35.2384,32.057],[35.2384,32.057],[35.2384,32.057],[35.2384,32.057],[35.2384,32.057],[35.2384,32.057],[35.2384,32.057],[35.2384,32.057],[35.2384,32.057],[35.2384,32.057],[35.2384,32.057],[35.2384,32.057],[35.2384,32.057],[35.2384,32.057],[35.2384,32.057],[35.2384,32.057],[35.2384,32.057],[35.2384,32.057],[35.2385,32.057],[35.2385,32.057],[35.2385,32.057],[35.2385,32.0571],[35.2385,32.0571],[35.2385,32.0571],[35.2385,32.0571],[35.2385,32.0571],[35.2385,32.0571],[35.2386,32.0571],[35.2386,32.0571],[35.2386,32.0571],[35.2386,32.0571],[35.2386,32.0571],[35.2387,32.0571],[35.2387,32.0571],[35.2387,32.0571],[35.2387,32.0571],[35.2387,32.0571],[35.2387,32.0571],[35.2388,32.0571],[35.2388,32.0571],[35.2388,32.0571],[35.2388,32.0571],[35.2388,32.0571],[35.2388,32.0571],[35.2388,32.0571],[35.2388,32.0571],[35.2388,32.0571],[35.2389,32.0571],[35.2389,32.0571],[35.2389,32.0571],[35.2389,32.057],[35.2389,32.057],[35.2389,32.057],[35.2389,32.057],[35.2389,32.057],[35.239,32.057],[35.239,32.057],[35.239,32.057],[35.239,32.057],[35.239,32.057],[35.239,32.057],[35.2391,32.057],[35.2391,32.057],[35.2391,32.057],[35.2391,32.057],[35.2391,32.057],[35.2391,32.057],[35.2391,32.057],[35.2391,32.057],[35.2391,32.057],[35.2391,32.057],[35.2391,32.057],[35.2391,32.057],[35.2392,32.057],[35.2392,32.057],[35.2392,32.057],[35.2392,32.057],[35.2392,32.057],[35.2393,32.0569],[35.2393,32.0569],[35.2393,32.0569],[35.2393,32.0569],[35.2393,32.0569],[35.2393,32.0569],[35.2393,32.0569],[35.2393,32.0569],[35.2393,32.0569],[35.2393,32.0569],[35.2393,32.0569],[35.2393,32.0569],[35.2393,32.0569],[35.2393,32.0569],[35.2394,32.0569],[35.2394,32.0569],[35.2394,32.0569],[35.2394,32.0569],[35.2394,32.0569],[35.2394,32.0569],[35.2394,32.0569],[35.2394,32.0569],[35.2395,32.0569],[35.2395,32.0569],[35.2395,32.0569],[35.2395,32.0569],[35.2395,32.0569],[35.2396,32.0569],[35.2396,32.0569],[35.2396,32.0569],[35.2396,32.057],[35.2396,32.057],[35.2396,32.057],[35.2397,32.057],[35.2397,32.057],[35.2397,32.057],[35.2397,32.057],[35.2397,32.057],[35.2398,32.057],[35.2398,32.057],[35.2398,32.057],[35.2398,32.057],[35.2398,32.057],[35.2398,32.057],[35.2399,32.057],[35.2399,32.057],[35.2399,32.057],[35.2399,32.0571],[35.2399,32.0571],[35.2399,32.0571],[35.2399,32.0571],[35.2399,32.0571],[35.2399,32.0571],[35.2399,32.0571],[35.2399,32.0571],[35.2399,32.0571],[35.2399,32.0571],[35.2399,32.0571],[35.24,32.0571],[35.24,32.0571],[35.24,32.0571],[35.24,32.0571],[35.24,32.0571],[35.24,32.0571],[35.24,32.0571],[35.24,32.0571],[35.24,32.0572],[35.24,32.0572],[35.24,32.0572],[35.24,32.0572],[35.24,32.0572],[35.2401,32.0572],[35.2401,32.0572],[35.2401,32.0572],[35.2401,32.0572],[35.2401,32.0572],[35.2401,32.0572],[35.2402,32.0573],[35.2402,32.0573],[35.2403,32.0574],[35.2403,32.0574],[35.2403,32.0574],[35.2403,32.0574],[35.2403,32.0574],[35.2403,32.0575],[35.2403,32.0575],[35.2403,32.0575],[35.2403,32.0575],[35.2403,32.0575],[35.2403,32.0575],[35.2404,32.0575],[35.2404,32.0575],[35.2404,32.0576],[35.2404,32.0576],[35.2405,32.0576],[35.2405,32.0577],[35.2405,32.0577],[35.2405,32.0577],[35.2405,32.0577],[35.2405,32.0577],[35.2405,32.0577],[35.2405,32.0577],[35.2405,32.0577],[35.2405,32.0577],[35.2405,32.0577],[35.2406,32.0577],[35.2406,32.0577],[35.2406,32.0577],[35.2406,32.0578],[35.2406,32.0578],[35.2406,32.0578],[35.2406,32.0578],[35.2406,32.0578],[35.2406,32.0578],[35.2406,32.0578],[35.2406,32.0578],[35.2406,32.0578],[35.2406,32.0578],[35.2407,32.0578],[35.2407,32.0578],[35.2407,32.0578],[35.2407,32.0579],[35.2407,32.0579],[35.2407,32.0579],[35.2407,32.0579],[35.2407,32.0579],[35.2407,32.0579],[35.2407,32.0579],[35.2408,32.0579],[35.2408,32.0579],[35.2408,32.058],[35.2409,32.058],[35.2409,32.058],[35.2409,32.058],[35.2409,32.058],[35.241,32.058],[35.241,32.0581],[35.241,32.0581],[35.241,32.0581],[35.241,32.0581],[35.2411,32.0581],[35.2411,32.0581],[35.2411,32.0581],[35.2411,32.0581],[35.2411,32.0581],[35.2412,32.0581],[35.2412,32.0582],[35.2412,32.0582],[35.2412,32.0582],[35.2412,32.0582],[35.2412,32.0582],[35.2413,32.0582],[35.2413,32.0582],[35.2413,32.0582],[35.2413,32.0582],[35.2413,32.0582],[35.2413,32.0582],[35.2413,32.0582],[35.2413,32.0582],[35.2413,32.0582],[35.2413,32.0582],[35.2414,32.0582],[35.2414,32.0582],[35.2414,32.0582],[35.2414,32.0582],[35.2414,32.0582],[35.2414,32.0582],[35.2414,32.0582],[35.2415,32.0583],[35.2416,32.0583],[35.2416,32.0583],[35.2416,32.0583],[35.2417,32.0583],[35.2417,32.0583],[35.2417,32.0583],[35.2417,32.0583],[35.2417,32.0583],[35.2417,32.0583],[35.2417,32.0583],[35.2417,32.0583],[35.2417,32.0583],[35.2417,32.0583],[35.2418,32.0584],[35.2418,32.0584],[35.2418,32.0584],[35.2418,32.0584],[35.2418,32.0584],[35.2418,32.0584],[35.2419,32.0584],[35.2419,32.0584],[35.2419,32.0584],[35.2419,32.0584],[35.2419,32.0584],[35.2419,32.0584],[35.2419,32.0584],[35.2419,32.0584],[35.2419,32.0584],[35.2419,32.0584],[35.2419,32.0584],[35.2419,32.0584],[35.2419,32.0584],[35.2419,32.0584],[35.2419,32.0584],[35.2419,32.0584],[35.2419,32.0584],[35.2419,32.0584],[35.2419,32.0584],[35.2419,32.0584],[35.242,32.0585],[35.242,32.0585],[35.242,32.0585],[35.242,32.0585],[35.242,32.0585],[35.242,32.0585],[35.242,32.0585],[35.2421,32.0585],[35.2421,32.0585],[35.2421,32.0585],[35.2421,32.0585],[35.2421,32.0585],[35.2421,32.0585],[35.2421,32.0585],[35.2421,32.0585],[35.2421,32.0585],[35.2421,32.0585],[35.2422,32.0585],[35.2422,32.0585],[35.2422,32.0585],[35.2422,32.0585],[35.2422,32.0585],[35.2423,32.0585],[35.2423,32.0585],[35.2423,32.0585],[35.2423,32.0585],[35.2423,32.0585],[35.2423,32.0585],[35.2423,32.0585],[35.2423,32.0585],[35.2423,32.0585],[35.2424,32.0585],[35.2424,32.0585],[35.2424,32.0585],[35.2424,32.0585],[35.2424,32.0585],[35.2424,32.0585],[35.2425,32.0585],[35.2425,32.0585],[35.2425,32.0585],[35.2425,32.0585],[35.2425,32.0585],[35.2425,32.0585],[35.2425,32.0585],[35.2425,32.0585],[35.2425,32.0585],[35.2426,32.0585],[35.2426,32.0584],[35.2426,32.0584],[35.2426,32.0584],[35.2426,32.0584],[35.2427,32.0584],[35.2427,32.0584],[35.2427,32.0584],[35.2427,32.0584],[35.2427,32.0584],[35.2427,32.0584],[35.2427,32.0584],[35.2427,32.0584],[35.2427,32.0584],[35.2427,32.0584],[35.2427,32.0584],[35.2427,32.0584],[35.2427,32.0584],[35.2427,32.0584],[35.2427,32.0584],[35.2427,32.0584],[35.2427,32.0584],[35.2427,32.0584],[35.2427,32.0584],[35.2427,32.0584],[35.2427,32.0583],[35.2427,32.0583],[35.2428,32.0583],[35.2428,32.0582],[35.2428,32.0582],[35.2428,32.0582],[35.2429,32.0582],[35.2429,32.0581],[35.243,32.0581],[35.243,32.0581],[35.243,32.0581],[35.243,32.0581],[35.243,32.058],[35.243,32.058],[35.2431,32.058],[35.2431,32.058],[35.2431,32.058],[35.2431,32.058],[35.2431,32.0579],[35.2432,32.0578],[35.2433,32.0577],[35.2433,32.0577],[35.2434,32.0576],[35.2435,32.0575],[35.2435,32.0575],[35.2435,32.0575],[35.2435,32.0575],[35.2435,32.0575],[35.2436,32.0574],[35.2436,32.0574],[35.2436,32.0574],[35.2436,32.0574],[35.2436,32.0574],[35.2436,32.0574],[35.2436,32.0574],[35.2436,32.0574],[35.2437,32.0573],[35.2437,32.0573],[35.2437,32.0573],[35.2437,32.0573],[35.2437,32.0573],[35.2438,32.0572],[35.2438,32.0572],[35.2438,32.0572],[35.2438,32.0572],[35.2439,32.0571],[35.2439,32.0571],[35.2439,32.0571],[35.2439,32.0571],[35.2439,32.0571],[35.2439,32.0571],[35.2439,32.057],[35.244,32.057],[35.244,32.057],[35.244,32.057],[35.244,32.057],[35.244,32.0569],[35.244,32.0569],[35.2441,32.0569],[35.2441,32.0569],[35.2441,32.0568],[35.2441,32.0568],[35.2441,32.0568],[35.2441,32.0568],[35.2442,32.0567],[35.2442,32.0567],[35.2442,32.0567],[35.2442,32.0567],[35.2442,32.0566],[35.2442,32.0566],[35.2442,32.0566],[35.2442,32.0566],[35.2442,32.0566],[35.2442,32.0566],[35.2442,32.0566],[35.2442,32.0566],[35.2442,32.0566],[35.2442,32.0566],[35.2443,32.0565],[35.2443,32.0565],[35.2443,32.0565],[35.2443,32.0565],[35.2443,32.0565],[35.2443,32.0565],[35.2443,32.0565],[35.2443,32.0565],[35.2443,32.0565],[35.2443,32.0565],[35.2443,32.0564],[35.2443,32.0564],[35.2443,32.0564],[35.2443,32.0563],[35.2443,32.0563],[35.2444,32.0563],[35.2444,32.0563],[35.2444,32.0562],[35.2444,32.0562],[35.2444,32.0562],[35.2444,32.0561],[35.2444,32.0561],[35.2444,32.0561],[35.2444,32.0561],[35.2444,32.0561],[35.2444,32.0561],[35.2444,32.0561],[35.2444,32.056],[35.2444,32.056],[35.2444,32.056],[35.2444,32.056],[35.2444,32.056],[35.2444,32.056],[35.2444,32.056],[35.2444,32.056],[35.2444,32.056],[35.2444,32.056],[35.2444,32.056],[35.2444,32.0559],[35.2444,32.0559],[35.2444,32.0559],[35.2444,32.0559],[35.2444,32.0559],[35.2445,32.0559],[35.2445,32.0559],[35.2445,32.0559],[35.2445,32.0559],[35.2445,32.0559],[35.2445,32.0559],[35.2445,32.0559],[35.2445,32.0558],[35.2445,32.0558],[35.2445,32.0558],[35.2445,32.0558],[35.2445,32.0557],[35.2445,32.0557],[35.2445,32.0557],[35.2445,32.0556],[35.2445,32.0556],[35.2445,32.0556],[35.2445,32.0556],[35.2445,32.0556],[35.2445,32.0556],[35.2445,32.0556],[35.2445,32.0555],[35.2445,32.0555],[35.2445,32.0555],[35.2445,32.0555],[35.2445,32.0555],[35.2445,32.0555],[35.2445,32.0555],[35.2445,32.0555],[35.2445,32.0555],[35.2445,32.0554],[35.2445,32.0554],[35.2445,32.0554],[35.2445,32.0553],[35.2445,32.0553],[35.2445,32.0553],[35.2445,32.0552],[35.2445,32.0552],[35.2445,32.0552],[35.2445,32.0552],[35.2444,32.0551],[35.2444,32.0551],[35.2444,32.0551],[35.2444,32.0551],[35.2444,32.0551],[35.2444,32.0551],[35.2444,32.0551],[35.2444,32.055],[35.2444,32.055],[35.2444,32.055],[35.2444,32.055],[35.2444,32.055],[35.2444,32.0549],[35.2444,32.0549],[35.2444,32.0549],[35.2444,32.0549],[35.2444,32.0548],[35.2444,32.0548],[35.2443,32.0548],[35.2443,32.0548],[35.2443,32.0548],[35.2443,32.0547],[35.2443,32.0547],[35.2443,32.0547],[35.2443,32.0547],[35.2443,32.0547],[35.2443,32.0547],[35.2443,32.0547],[35.2443,32.0547],[35.2443,32.0546],[35.2443,32.0546],[35.2443,32.0546],[35.2443,32.0546],[35.2443,32.0546],[35.2443,32.0546],[35.2443,32.0546],[35.2442,32.0545],[35.2442,32.0545],[35.2442,32.0545],[35.2442,32.0545],[35.2442,32.0544],[35.2442,32.0544],[35.2442,32.0544],[35.2442,32.0544],[35.2442,32.0544],[35.2441,32.0544],[35.2441,32.0544],[35.2441,32.0544],[35.2441,32.0544],[35.2441,32.0544],[35.2441,32.0544],[35.2441,32.0544],[35.2441,32.0544],[35.2441,32.0544],[35.2441,32.0544],[35.244,32.0544],[35.244,32.0544],[35.244,32.0543],[35.244,32.0543],[35.244,32.0543],[35.244,32.0543],[35.244,32.0543],[35.244,32.0542],[35.2439,32.0542],[35.2439,32.0542],[35.2439,32.0542],[35.2439,32.0541],[35.2439,32.0541],[35.2439,32.0541],[35.2438,32.054],[35.2438,32.054],[35.2438,32.054],[35.2438,32.054],[35.2438,32.0539],[35.2437,32.0539],[35.2437,32.0539],[35.2437,32.0539],[35.2437,32.0539],[35.2437,32.0539],[35.2437,32.0539],[35.2437,32.0539],[35.2437,32.0539],[35.2437,32.0539],[35.2436,32.0537],[35.2436,32.0537],[35.2436,32.0537],[35.2435,32.0536],[35.2435,32.0536],[35.2435,32.0536],[35.2435,32.0536],[35.2435,32.0536],[35.2435,32.0536],[35.2435,32.0535],[35.2434,32.0535],[35.2434,32.0535],[35.2434,32.0534],[35.2434,32.0534],[35.2434,32.0534],[35.2434,32.0534],[35.2433,32.0533],[35.2433,32.0533],[35.2433,32.0532],[35.2433,32.0532],[35.2432,32.0532],[35.2432,32.0532],[35.2432,32.0532],[35.2432,32.0532],[35.2432,32.0532],[35.2432,32.0532],[35.2432,32.0532],[35.2432,32.0531],[35.2432,32.0531],[35.2432,32.0531],[35.2432,32.0531],[35.2432,32.0531],[35.2432,32.0531],[35.2432,32.0531],[35.2432,32.0531],[35.2432,32.0531],[35.2432,32.053],[35.2432,32.053],[35.2432,32.0529],[35.2432,32.0529],[35.2432,32.0529],[35.2432,32.0529],[35.2432,32.0529],[35.2432,32.0529],[35.2432,32.0529],[35.2432,32.0529],[35.2432,32.0529],[35.2432,32.0529],[35.2432,32.0529],[35.2433,32.0528],[35.2433,32.0528],[35.2433,32.0528],[35.2433,32.0528],[35.2433,32.0528],[35.2433,32.0528],[35.2433,32.0528],[35.2433,32.0528],[35.2433,32.0528],[35.2433,32.0528],[35.2433,32.0528],[35.2433,32.0527],[35.2433,32.0527],[35.2433,32.0527],[35.2433,32.0527],[35.2433,32.0527],[35.2433,32.0527],[35.2433,32.0527],[35.2433,32.0527],[35.2433,32.0527],[35.2433,32.0527],[35.2433,32.0527],[35.2433,32.0527],[35.2433,32.0527],[35.2433,32.0527],[35.2433,32.0527],[35.2433,32.0527],[35.2433,32.0527],[35.2432,32.0527],[35.2432,32.0527],[35.2432,32.0527],[35.2432,32.0527],[35.2432,32.0526],[35.2432,32.0526],[35.2432,32.0526],[35.2431,32.0526],[35.2431,32.0526],[35.2431,32.0526],[35.2431,32.0526],[35.2431,32.0526],[35.2431,32.0526],[35.2431,32.0526],[35.2431,32.0526],[35.2431,32.0526],[35.2431,32.0526],[35.243,32.0526],[35.243,32.0526],[35.243,32.0526],[35.243,32.0526],[35.243,32.0526],[35.243,32.0526],[35.2429,32.0526],[35.2429,32.0526],[35.2429,32.0526],[35.2429,32.0526],[35.2428,32.0526],[35.2428,32.0526],[35.2428,32.0526],[35.2428,32.0526],[35.2428,32.0526],[35.2427,32.0526],[35.2427,32.0526],[35.2426,32.0526],[35.2426,32.0526],[35.2426,32.0526],[35.2426,32.0526],[35.2426,32.0526],[35.2425,32.0526],[35.2425,32.0526],[35.2425,32.0526],[35.2424,32.0526],[35.2424,32.0526],[35.2424,32.0526],[35.2422,32.0526],[35.2422,32.0526],[35.2421,32.0526],[35.2421,32.0526],[35.2421,32.0526],[35.2421,32.0526],[35.242,32.0526],[35.242,32.0526],[35.242,32.0526],[35.2418,32.0526],[35.2418,32.0526],[35.2418,32.0526],[35.2418,32.0526],[35.2418,32.0526],[35.2418,32.0526],[35.2418,32.0526],[35.2418,32.0526],[35.2418,32.0526],[35.2418,32.0526],[35.2418,32.0526],[35.2418,32.0526],[35.2418,32.0526],[35.2418,32.0526],[35.2418,32.0526],[35.2418,32.0526],[35.2418,32.0526],[35.2418,32.0526],[35.2418,32.0526],[35.2418,32.0526],[35.2418,32.0526],[35.2418,32.0526],[35.2418,32.0526],[35.2418,32.0526],[35.2418,32.0526],[35.2418,32.0526],[35.2418,32.0526],[35.2417,32.0526],[35.2417,32.0526],[35.2417,32.0526],[35.2417,32.0526],[35.2417,32.0526],[35.2417,32.0526],[35.2417,32.0526],[35.2417,32.0526],[35.2417,32.0526],[35.2417,32.0526],[35.2417,32.0526],[35.2417,32.0526],[35.2417,32.0526],[35.2417,32.0526],[35.2417,32.0526],[35.2417,32.0526],[35.2417,32.0526],[35.2417,32.0526],[35.2417,32.0526],[35.2417,32.0526],[35.2417,32.0526],[35.2417,32.0526],[35.2417,32.0526],[35.2417,32.0526],[35.2417,32.0526],[35.2417,32.0526],[35.2417,32.0526],[35.2417,32.0526],[35.2417,32.0526],[35.2417,32.0526],[35.2417,32.0526],[35.2417,32.0526],[35.2417,32.0526],[35.2417,32.0526],[35.2417,32.0526],[35.2417,32.0526],[35.2417,32.0526],[35.2417,32.0526],[35.2417,32.0526],[35.2417,32.0526],[35.2417,32.0526],[35.2417,32.0526],[35.2417,32.0526],[35.2417,32.0526],[35.2417,32.0526],[35.2417,32.0526],[35.2417,32.0526],[35.2417,32.0526],[35.2417,32.0526],[35.2417,32.0526],[35.2417,32.0526],[35.2417,32.0526],[35.2417,32.0526],[35.2417,32.0526],[35.2417,32.0526],[35.2417,32.0526],[35.2417,32.0526],[35.2417,32.0526],[35.2417,32.0526],[35.2417,32.0526],[35.2417,32.0526],[35.2417,32.0526],[35.2417,32.0526],[35.2417,32.0526],[35.2417,32.0526],[35.2417,32.0526],[35.2417,32.0526],[35.2417,32.0526],[35.2417,32.0526],[35.2417,32.0526],[35.2417,32.0526],[35.2417,32.0526],[35.2417,32.0526],[35.2417,32.0526],[35.2417,32.0526],[35.2417,32.0526],[35.2417,32.0526],[35.2417,32.0526],[35.2417,32.0526],[35.2417,32.0526],[35.2417,32.0526],[35.2417,32.0526],[35.2417,32.0526],[35.2417,32.0526],[35.2417,32.0526],[35.2417,32.0526],[35.2417,32.0526],[35.2417,32.0526],[35.2417,32.0526],[35.2417,32.0526],[35.2417,32.0526],[35.2417,32.0526],[35.2417,32.0526],[35.2417,32.0526],[35.2417,32.0526],[35.2417,32.0526],[35.2417,32.0526],[35.2417,32.0526],[35.2417,32.0526],[35.2417,32.0526],[35.2417,32.0526],[35.2417,32.0526],[35.2417,32.0526],[35.2417,32.0526],[35.2417,32.0526],[35.2417,32.0526],[35.2417,32.0526],[35.2417,32.0526],[35.2417,32.0526],[35.2417,32.0526],[35.2417,32.0526],[35.2417,32.0526],[35.2417,32.0526],[35.2417,32.0526],[35.2417,32.0526],[35.2417,32.0526],[35.2417,32.0526],[35.2417,32.0526],[35.2417,32.0526],[35.2417,32.0526],[35.2417,32.0526],[35.2417,32.0526],[35.2417,32.0526],[35.2417,32.0526],[35.2417,32.0526],[35.2417,32.0526],[35.2417,32.0526],[35.2416,32.0526],[35.2416,32.0526],[35.2416,32.0526],[35.2416,32.0526],[35.2416,32.0526],[35.2416,32.0526],[35.2416,32.0526],[35.2416,32.0526],[35.2416,32.0526],[35.2416,32.0526],[35.2416,32.0526],[35.2416,32.0526],[35.2416,32.0526],[35.2416,32.0526],[35.2416,32.0526],[35.2416,32.0526],[35.2416,32.0525],[35.2416,32.0525],[35.2416,32.0525],[35.2415,32.0525],[35.2415,32.0525],[35.2415,32.0525],[35.2415,32.0525],[35.2415,32.0525],[35.2415,32.0525],[35.2415,32.0525],[35.2415,32.0525],[35.2415,32.0525],[35.2414,32.0524],[35.2414,32.0524],[35.2414,32.0524],[35.2414,32.0524],[35.2414,32.0524],[35.2414,32.0524],[35.2414,32.0524],[35.2414,32.0524],[35.2414,32.0524],[35.2414,32.0524],[35.2414,32.0523],[35.2414,32.0523],[35.2414,32.0523],[35.2414,32.0523],[35.2414,32.0523],[35.2414,32.0523],[35.2414,32.0523],[35.2414,32.0523],[35.2414,32.0523],[35.2414,32.0523],[35.2414,32.0522],[35.2414,32.0522],[35.2414,32.0522],[35.2413,32.0522],[35.2413,32.0522],[35.2413,32.0522],[35.2413,32.0522],[35.2414,32.0522],[35.2414,32.0522],[35.2414,32.0521],[35.2414,32.0521],[35.2414,32.0521],[35.2414,32.0521],[35.2414,32.0521],[35.2414,32.0521],[35.2414,32.0521],[35.2414,32.0521],[35.2414,32.0521],[35.2414,32.0521],[35.2414,32.0521],[35.2413,32.052],[35.2413,32.052],[35.2413,32.052],[35.2413,32.052],[35.2413,32.052],[35.2413,32.052],[35.2413,32.0519],[35.2413,32.0519],[35.2413,32.0519],[35.2413,32.0519],[35.2412,32.0519],[35.2412,32.0518],[35.2412,32.0518],[35.2412,32.0518],[35.2412,32.0518],[35.2412,32.0518],[35.2412,32.0518],[35.2412,32.0518],[35.2412,32.0518],[35.2412,32.0518],[35.2411,32.0518],[35.2411,32.0518],[35.2411,32.0518],[35.2411,32.0518],[35.2411,32.0517],[35.2411,32.0517],[35.2411,32.0517],[35.2411,32.0517],[35.241,32.0517],[35.241,32.0517],[35.241,32.0517],[35.241,32.0517],[35.241,32.0517],[35.241,32.0517],[35.241,32.0517],[35.241,32.0517],[35.241,32.0517],[35.241,32.0517],[35.241,32.0517],[35.241,32.0517],[35.241,32.0517],[35.241,32.0517],[35.2409,32.0517],[35.2409,32.0517],[35.2409,32.0517],[35.2409,32.0516],[35.2409,32.0516],[35.2409,32.0516],[35.2409,32.0516],[35.2409,32.0516],[35.2409,32.0516],[35.2409,32.0516],[35.2408,32.0516],[35.2408,32.0516],[35.2408,32.0516],[35.2408,32.0516],[35.2408,32.0516],[35.2408,32.0516],[35.2408,32.0516],[35.2407,32.0516],[35.2407,32.0516],[35.2406,32.0516],[35.2406,32.0516],[35.2406,32.0516],[35.2406,32.0516],[35.2406,32.0516],[35.2406,32.0516],[35.2406,32.0516],[35.2406,32.0516],[35.2406,32.0516],[35.2406,32.0516],[35.2406,32.0516],[35.2405,32.0516],[35.2405,32.0516],[35.2405,32.0516],[35.2405,32.0516],[35.2405,32.0516],[35.2405,32.0516],[35.2405,32.0516],[35.2405,32.0516],[35.2404,32.0516],[35.2404,32.0516],[35.2404,32.0516],[35.2404,32.0516],[35.2403,32.0516],[35.2403,32.0516],[35.2403,32.0516],[35.2403,32.0516],[35.2402,32.0517],[35.2401,32.0517],[35.2401,32.0517],[35.24,32.0517],[35.24,32.0517],[35.2399,32.0517],[35.2399,32.0517],[35.2399,32.0517],[35.2399,32.0517],[35.2399,32.0517],[35.2399,32.0517],[35.2399,32.0517],[35.2399,32.0517],[35.2399,32.0517],[35.2398,32.0517],[35.2398,32.0517],[35.2398,32.0517],[35.2397,32.0517],[35.2397,32.0517],[35.2396,32.0517],[35.2396,32.0517],[35.2396,32.0517],[35.2396,32.0517],[35.2396,32.0517],[35.2395,32.0517],[35.2395,32.0517],[35.2394,32.0517],[35.2394,32.0517],[35.2394,32.0517],[35.2394,32.0517],[35.2394,32.0517],[35.2393,32.0517],[35.2393,32.0517],[35.2393,32.0517],[35.2393,32.0517],[35.2393,32.0517],[35.2393,32.0517],[35.2393,32.0517],[35.2393,32.0517],[35.2393,32.0517],[35.2393,32.0517],[35.2392,32.0517],[35.2392,32.0517],[35.2392,32.0517],[35.2392,32.0517],[35.2392,32.0517],[35.2392,32.0517],[35.2391,32.0517],[35.2391,32.0517],[35.2391,32.0517],[35.2391,32.0517],[35.2391,32.0517],[35.2391,32.0517],[35.239,32.0517],[35.2389,32.0517]],[[35.2428,32.0535],[35.243,32.0537],[35.2431,32.0539],[35.2433,32.0542],[35.2433,32.0544],[35.2433,32.0548],[35.243,32.0551],[35.2428,32.0561],[35.2429,32.0564],[35.243,32.0567],[35.2427,32.0572],[35.2423,32.0574],[35.2421,32.0575],[35.2415,32.0575],[35.2411,32.0573],[35.2408,32.0571],[35.2405,32.0568],[35.24,32.0565],[35.2394,32.0563],[35.2389,32.0563],[35.2385,32.0561],[35.2384,32.056],[35.2379,32.0559],[35.2375,32.0557],[35.2372,32.0555],[35.2371,32.0553],[35.2371,32.0552],[35.237,32.055],[35.2371,32.0548],[35.2372,32.0545],[35.2374,32.0541],[35.2375,32.054],[35.2375,32.0538],[35.2376,32.0536],[35.2377,32.0535],[35.2379,32.0534],[35.2382,32.0532],[35.2384,32.0531],[35.2385,32.0529],[35.2387,32.0528],[35.2389,32.0526],[35.2392,32.0525],[35.2394,32.0524],[35.2397,32.0523],[35.24,32.0523],[35.2402,32.0524],[35.2404,32.0524],[35.2406,32.0526],[35.2408,32.0527],[35.241,32.0528],[35.2409,32.0529],[35.2414,32.0533],[35.2417,32.0534],[35.242,32.0533],[35.2421,32.0533],[35.2423,32.0533],[35.2425,32.0533],[35.2428,32.0535]]]]}},{"type":"Feature","properties":{"name":"איסור כניסה ושהייה חומש","remarks":"הארכת תוקף"},"geometry":{"type":"MultiPolygon","coordinates":[[[[35.206,32.3124],[35.2074,32.3119],[35.2079,32.3117],[35.2084,32.3111],[35.2085,32.3102],[35.208,32.309],[35.2074,32.3082],[35.2063,32.3069],[35.2056,32.3062],[35.2047,32.3057],[35.2038,32.305],[35.2023,32.3042],[35.2005,32.3036],[35.1991,32.3032],[35.1978,32.3031],[35.1971,32.3032],[35.1971,32.3036],[35.1961,32.3039],[35.1953,32.3039],[35.1944,32.3037],[35.1937,32.3035],[35.1931,32.3033],[35.1919,32.3035],[35.191,32.3038],[35.1909,32.3038],[35.1907,32.3038],[35.1894,32.3044],[35.1893,32.3044],[35.1891,32.3045],[35.1889,32.3045],[35.1887,32.3046],[35.1885,32.3047],[35.1884,32.3047],[35.1882,32.3048],[35.188,32.3049],[35.1879,32.305],[35.1877,32.3051],[35.1876,32.3052],[35.1874,32.3053],[35.1873,32.3054],[35.1871,32.3055],[35.187,32.3056],[35.1869,32.3058],[35.1867,32.306],[35.1865,32.3062],[35.1864,32.3064],[35.1862,32.3067],[35.1861,32.3069],[35.186,32.3071],[35.1859,32.3072],[35.1858,32.3073],[35.1856,32.3074],[35.1855,32.3074],[35.1854,32.3075],[35.1853,32.3076],[35.1851,32.3076],[35.185,32.3077],[35.1849,32.3077],[35.1847,32.3077],[35.1846,32.3078],[35.1844,32.3078],[35.1843,32.3078],[35.1842,32.3078],[35.184,32.3078],[35.1839,32.3078],[35.1837,32.3078],[35.1835,32.3078],[35.1833,32.3078],[35.183,32.3079],[35.1828,32.3079],[35.1826,32.3079],[35.1823,32.308],[35.1821,32.308],[35.1819,32.3081],[35.1817,32.3081],[35.1814,32.3082],[35.1812,32.3083],[35.1811,32.3083],[35.181,32.3083],[35.1809,32.3084],[35.1808,32.3084],[35.1807,32.3084],[35.1806,32.3084],[35.1804,32.3084],[35.1803,32.3084],[35.1802,32.3083],[35.1801,32.3083],[35.1797,32.3082],[35.1797,32.3083],[35.1797,32.3084],[35.1797,32.3085],[35.1797,32.3086],[35.1797,32.3087],[35.1798,32.3087],[35.1798,32.3088],[35.1798,32.3089],[35.1798,32.3089],[35.1799,32.309],[35.1799,32.309],[35.18,32.3091],[35.18,32.3091],[35.1801,32.3091],[35.1802,32.3091],[35.1804,32.3091],[35.1806,32.3092],[35.1808,32.3092],[35.1808,32.3092],[35.1814,32.3091],[35.1816,32.309],[35.1817,32.309],[35.1819,32.3089],[35.1821,32.3089],[35.1822,32.3089],[35.1824,32.3089],[35.1826,32.3088],[35.1827,32.3088],[35.1829,32.3088],[35.183,32.3088],[35.1831,32.3088],[35.1833,32.3088],[35.1834,32.3088],[35.1835,32.3088],[35.1836,32.3088],[35.1837,32.3088],[35.1838,32.3089],[35.1839,32.3089],[35.184,32.3089],[35.1841,32.309],[35.1842,32.309],[35.1843,32.3091],[35.1845,32.3092],[35.1846,32.3093],[35.1848,32.3095],[35.1849,32.3096],[35.1851,32.3097],[35.1853,32.3098],[35.1855,32.3099],[35.1856,32.3099],[35.1858,32.31],[35.186,32.3101],[35.1862,32.3102],[35.1864,32.3102],[35.1866,32.3103],[35.1868,32.3103],[35.187,32.3104],[35.1889,32.3111],[35.1901,32.3119],[35.1911,32.3125],[35.1925,32.3131],[35.1933,32.3134],[35.1943,32.3135],[35.1949,32.3135],[35.1956,32.3139],[35.1959,32.3144],[35.1961,32.3148],[35.1966,32.3154],[35.1969,32.3158],[35.1972,32.3158],[35.1983,32.3157],[35.1996,32.3154],[35.2009,32.315],[35.2023,32.3147],[35.2031,32.3145],[35.2038,32.3142],[35.2046,32.3136],[35.2052,32.313],[35.206,32.3124]],[[35.1989,32.3116],[35.1993,32.3109],[35.1995,32.3109],[35.2003,32.3113],[35.2004,32.3112],[35.2006,32.3111],[35.2011,32.3107],[35.2006,32.3103],[35.2008,32.3102],[35.2006,32.3099],[35.2008,32.3088],[35.2018,32.3084],[35.2018,32.3085],[35.2018,32.3085],[35.202,32.3086],[35.202,32.3086],[35.2024,32.3084],[35.203,32.3084],[35.2032,32.3085],[35.203,32.3092],[35.2032,32.3093],[35.2035,32.3095],[35.2039,32.3101],[35.2045,32.3107],[35.2044,32.3109],[35.2044,32.3109],[35.2044,32.3109],[35.2038,32.3111],[35.2038,32.3111],[35.203,32.3118],[35.2029,32.3118],[35.2019,32.312],[35.2018,32.312],[35.2018,32.3121],[35.2017,32.312],[35.2016,32.312],[35.199,32.3121],[35.1991,32.3118],[35.1989,32.3116]],[[35.1946,32.3082],[35.1943,32.3084],[35.194,32.3083],[35.194,32.3083],[35.1936,32.3082],[35.1934,32.3081],[35.1932,32.3081],[35.1931,32.3081],[35.1931,32.308],[35.1932,32.3075],[35.1924,32.307],[35.1921,32.3069],[35.1918,32.3068],[35.1915,32.3069],[35.1914,32.307],[35.1911,32.307],[35.191,32.307],[35.1908,32.3071],[35.1908,32.3071],[35.1903,32.3069],[35.1901,32.3069],[35.19,32.3068],[35.1898,32.3067],[35.1897,32.3066],[35.1896,32.3066],[35.1895,32.3065],[35.1895,32.3064],[35.1895,32.3064],[35.1901,32.3065],[35.1912,32.3066],[35.1913,32.3066],[35.1913,32.3066],[35.1917,32.3066],[35.1917,32.3066],[35.1922,32.3064],[35.1924,32.3063],[35.1932,32.3065],[35.1932,32.3065],[35.1935,32.3067],[35.194,32.3072],[35.194,32.3072],[35.1938,32.3073],[35.194,32.3075],[35.1945,32.3082],[35.1946,32.3082]],[[35.1987,32.3068],[35.1982,32.3072],[35.198,32.3075],[35.1982,32.3079],[35.1981,32.3079],[35.198,32.3081],[35.1978,32.3082],[35.1974,32.3074],[35.197,32.3074],[35.197,32.3071],[35.1971,32.307],[35.1977,32.3065],[35.1981,32.3061],[35.1982,32.3061],[35.1983,32.3059],[35.1974,32.3054],[35.1974,32.3053],[35.1966,32.3053],[35.1966,32.3052],[35.1964,32.3048],[35.1966,32.3045],[35.1966,32.3042],[35.1967,32.3041],[35.1967,32.3038],[35.1969,32.3037],[35.1979,32.3042],[35.1982,32.3043],[35.1982,32.3043],[35.1981,32.3048],[35.1981,32.3049],[35.1982,32.305],[35.1983,32.3051],[35.1983,32.3051],[35.1985,32.3048],[35.1985,32.3048],[35.1988,32.3047],[35.199,32.3051],[35.1996,32.3049],[35.1996,32.305],[35.1999,32.3056],[35.2001,32.306],[35.2001,32.306],[35.2001,32.3061],[35.2001,32.3061],[35.2,32.3063],[35.1998,32.3068],[35.1998,32.3068],[35.1999,32.307],[35.1997,32.3071],[35.1995,32.3071],[35.1994,32.3072],[35.1988,32.3067],[35.1987,32.3068]],[[35.2026,32.3053],[35.2032,32.3051],[35.2033,32.3052],[35.2033,32.3052],[35.2034,32.3053],[35.2034,32.3054],[35.2039,32.3058],[35.2041,32.3058],[35.2041,32.3058],[35.2045,32.3058],[35.2045,32.3058],[35.2046,32.3061],[35.2047,32.3062],[35.2047,32.3062],[35.2047,32.3062],[35.2053,32.3065],[35.206,32.3068],[35.2056,32.3071],[35.2053,32.3073],[35.2053,32.3074],[35.2052,32.3073],[35.2047,32.3071],[35.2037,32.3068],[35.2035,32.3067],[35.2035,32.3063],[35.2035,32.3063],[35.204,32.3062],[35.203,32.3055],[35.2026,32.3053]]]]}},{"type":"Feature","properties":{"name":"ציר תרפ\"ט","remarks":"סגירת מקום והגבלת תנועה לפל"},"geometry":{"type":"MultiPolygon","coordinates":[[[[35.1013,31.5254],[35.1016,31.5253],[35.1016,31.5252],[35.1011,31.5255],[35.101,31.5255],[35.101,31.5255],[35.101,31.5256],[35.1011,31.5258],[35.1015,31.5259],[35.1018,31.526],[35.1022,31.5262],[35.1024,31.5262],[35.1025,31.5263],[35.1026,31.5265],[35.1027,31.5265],[35.1025,31.5263],[35.1025,31.5262],[35.1024,31.5262],[35.1022,31.5261],[35.1019,31.526],[35.1012,31.5257],[35.1011,31.5257],[35.1011,31.5256],[35.1011,31.5255],[35.1013,31.5254]]],[[[35.1016,31.5253],[35.1016,31.5253],[35.1016,31.5253],[35.1016,31.5253]]]]}},{"type":"Feature","properties":{"name":"בית הדסה","remarks":"סגירת מקום והגבלת תנועה לפל"},"geometry":{"type":"MultiPolygon","coordinates":[[[[35.1046,31.5262],[35.1046,31.5262],[35.1043,31.5263],[35.1044,31.5263],[35.1044,31.5263],[35.1046,31.5262],[35.1046,31.5262]]]]}},{"type":"Feature","properties":{"name":"ציר דוד המלך (חלק א')","remarks":"סגירת מקום והגבלת תנועה לפל"},"geometry":{"type":"MultiPolygon","coordinates":[[[[35.1049,31.525],[35.1051,31.5251],[35.1056,31.5241],[35.1058,31.524],[35.1062,31.5237],[35.1066,31.5234],[35.107,31.5233],[35.1076,31.5231],[35.1076,31.523],[35.1071,31.5232],[35.1065,31.5233],[35.106,31.5237],[35.1056,31.5239],[35.1055,31.524],[35.1054,31.5241],[35.1053,31.5244],[35.1049,31.525]]]]}},{"type":"Feature","properties":{"name":"ציר דוד המלך (חלק ב')","remarks":"סגירת מקום והגבלת תנועה לפל"},"geometry":{"type":"MultiPolygon","coordinates":[[[[35.1027,31.5265],[35.1026,31.5265],[35.1027,31.5265],[35.1031,31.5264],[35.1036,31.5263],[35.1038,31.5262],[35.1041,31.526],[35.1042,31.5259],[35.1047,31.5254],[35.105,31.5251],[35.1053,31.5254],[35.1058,31.5257],[35.1059,31.5257],[35.1053,31.5253],[35.1051,31.5251],[35.1049,31.525],[35.1048,31.5252],[35.1047,31.5253],[35.1043,31.5258],[35.1041,31.5259],[35.1039,31.526],[35.1037,31.5262],[35.1035,31.5263],[35.1031,31.5264],[35.1028,31.5265],[35.1027,31.5265],[35.1027,31.5265],[35.1027,31.5265]]]]}},{"type":"Feature","properties":{"name":"מערת המכפלה-ציר בית מרקחת-א","remarks":"הגבלת תנועה לפלסטינים"},"geometry":{"type":"MultiPolygon","coordinates":[[[[35.1127,31.5221],[35.1125,31.522],[35.1124,31.522],[35.1123,31.5221],[35.1122,31.5222],[35.112,31.5224],[35.1119,31.5224],[35.1119,31.5225],[35.1116,31.5227],[35.1113,31.5229],[35.111,31.523],[35.1109,31.523],[35.1104,31.5227],[35.1103,31.5227],[35.1101,31.5226],[35.1099,31.5226],[35.1097,31.5226],[35.1096,31.5226],[35.1095,31.5225],[35.1095,31.5225],[35.1094,31.5224],[35.1093,31.5225],[35.1091,31.5226],[35.109,31.5227],[35.1088,31.5227],[35.1083,31.5229],[35.1077,31.523],[35.1076,31.523],[35.1076,31.5231],[35.1084,31.5229],[35.1088,31.5228],[35.109,31.5227],[35.1092,31.5227],[35.1094,31.5225],[35.1096,31.5226],[35.1099,31.5226],[35.1101,31.5226],[35.1102,31.5227],[35.1106,31.5228],[35.1109,31.523],[35.1109,31.523],[35.1111,31.523],[35.1112,31.523],[35.1114,31.5229],[35.1116,31.5228],[35.1117,31.5227],[35.1119,31.5226],[35.1121,31.5224],[35.1122,31.5222],[35.1123,31.5221],[35.1124,31.5221],[35.1125,31.5221],[35.1126,31.5222],[35.1128,31.5222],[35.113,31.5223],[35.1131,31.5224],[35.1131,31.5225],[35.1132,31.5226],[35.1133,31.5227],[35.1134,31.5228],[35.1135,31.5233],[35.1136,31.5233],[35.1136,31.5234],[35.1136,31.5236],[35.1136,31.5237],[35.1137,31.5237],[35.1137,31.5236],[35.1137,31.5234],[35.1136,31.5233],[35.1135,31.5231],[35.1135,31.5229],[35.1134,31.5228],[35.1134,31.5227],[35.1133,31.5226],[35.1132,31.5225],[35.1132,31.5225],[35.1131,31.5224],[35.1131,31.5223],[35.113,31.5222],[35.1127,31.5221]]],[[[35.1122,31.5242],[35.1123,31.5242],[35.1125,31.524],[35.1125,31.5239],[35.1126,31.5239],[35.1126,31.5239],[35.1127,31.5239],[35.1128,31.5239],[35.113,31.5239],[35.1131,31.524],[35.1132,31.524],[35.1133,31.524],[35.1134,31.5239],[35.1133,31.5239],[35.1132,31.5239],[35.1131,31.5239],[35.1129,31.5239],[35.1128,31.5239],[35.1127,31.5238],[35.1126,31.5238],[35.1125,31.5238],[35.1125,31.5239],[35.1124,31.5239],[35.1123,31.5241],[35.1122,31.5242],[35.1122,31.5242],[35.1121,31.5242],[35.112,31.5242],[35.1119,31.5242],[35.1119,31.5241],[35.1118,31.5241],[35.1117,31.5241],[35.1116,31.5241],[35.1115,31.5241],[35.1114,31.5242],[35.1114,31.5242],[35.1113,31.5241],[35.1113,31.5241],[35.1112,31.5242],[35.1114,31.5242],[35.1114,31.5242],[35.1115,31.5241],[35.1117,31.5241],[35.1118,31.5241],[35.1119,31.5242],[35.112,31.5242],[35.1121,31.5243],[35.1122,31.5243],[35.1122,31.5242]]],[[[35.1106,31.5238],[35.1106,31.5236],[35.1103,31.5237],[35.1101,31.5237],[35.11,31.5237],[35.11,31.5238],[35.11,31.5239],[35.11,31.524],[35.11,31.5241],[35.11,31.5245],[35.11,31.5245],[35.1101,31.5245],[35.1101,31.5241],[35.1101,31.5238],[35.1106,31.5238]]]]}},{"type":"Feature","properties":{"name":"ציר ציון (חלק א)","remarks":"הגבלת תנועה לפלסטינים"},"geometry":{"type":"MultiPolygon","coordinates":[[[[35.1134,31.5271],[35.1134,31.5273],[35.1134,31.5275],[35.1133,31.528],[35.1132,31.5283],[35.1132,31.5287],[35.1132,31.5288],[35.1132,31.5292],[35.1132,31.5295],[35.1132,31.5297],[35.1132,31.53],[35.1132,31.5303],[35.1132,31.5306],[35.1131,31.5309],[35.113,31.5314],[35.113,31.5315],[35.1129,31.5317],[35.1128,31.5319],[35.1127,31.5323],[35.1127,31.5324],[35.1127,31.5324],[35.1126,31.5325],[35.1126,31.5325],[35.1125,31.5325],[35.1121,31.5324],[35.112,31.5324],[35.1116,31.5324],[35.1113,31.5324],[35.1109,31.5324],[35.1109,31.5325],[35.1112,31.5325],[35.1116,31.5324],[35.1118,31.5324],[35.1119,31.5324],[35.112,31.5324],[35.1121,31.5324],[35.1122,31.5324],[35.1125,31.5325],[35.1126,31.5325],[35.1127,31.5325],[35.1128,31.5325],[35.1128,31.5323],[35.1129,31.532],[35.113,31.5318],[35.1131,31.5315],[35.1132,31.5311],[35.1133,31.5305],[35.1133,31.5304],[35.1133,31.5301],[35.1133,31.5299],[35.1132,31.5295],[35.1132,31.5294],[35.1132,31.5292],[35.1132,31.529],[35.1133,31.5287],[35.1133,31.5286],[35.1133,31.5284],[35.1133,31.5282],[35.1133,31.528],[35.1134,31.5278],[35.1134,31.5276],[35.1135,31.5274],[35.1135,31.5273],[35.1135,31.5271],[35.1134,31.5271]]]]}},{"type":"Feature","properties":{"name":"ציר ציון (חלק ב)","remarks":"הגבלת תנועה לפלסטינים"},"geometry":{"type":"MultiPolygon","coordinates":[[[[35.1137,31.5237],[35.1136,31.5237],[35.1136,31.5237],[35.1135,31.5238],[35.1135,31.5238],[35.1134,31.5239],[35.1133,31.524],[35.1133,31.5242],[35.1132,31.5243],[35.1132,31.5245],[35.1133,31.5247],[35.1133,31.5249],[35.1134,31.525],[35.1134,31.5252],[35.1134,31.5254],[35.1134,31.5258],[35.1134,31.5261],[35.1134,31.5262],[35.1134,31.5267],[35.1134,31.5271],[35.1135,31.5271],[35.1135,31.5269],[35.1135,31.5267],[35.1135,31.5266],[35.1135,31.5264],[35.1134,31.526],[35.1134,31.5258],[35.1134,31.5253],[35.1134,31.525],[35.1134,31.5249],[35.1133,31.5247],[35.1133,31.5246],[35.1133,31.5246],[35.1133,31.5243],[35.1133,31.5242],[35.1134,31.524],[35.1135,31.5239],[35.1137,31.5238],[35.1137,31.5237]]]]}},{"type":"Feature","properties":{"name":"השלאלה הקטנה","remarks":"הגבלת תנועה לפלסטינים"},"geometry":{"type":"MultiPolygon","coordinates":[[[[35.1058,31.5257],[35.1058,31.5257],[35.1057,31.5257],[35.1054,31.5257],[35.1051,31.5258],[35.1051,31.5258],[35.105,31.5259],[35.1048,31.526],[35.1046,31.5262],[35.1046,31.5262],[35.1048,31.5261],[35.1048,31.5261],[35.105,31.5259],[35.1052,31.5258],[35.1053,31.5258],[35.1056,31.5257],[35.1058,31.5257]]],[[[35.1043,31.5263],[35.1043,31.5263],[35.1036,31.5266],[35.1037,31.5266],[35.1043,31.5264],[35.1043,31.5263]]]]}},{"type":"Feature","properties":{"name":"ציר המתפללים","remarks":"הגבלת תנועה לפלסטינים"},"geometry":{"type":"MultiPolygon","coordinates":[[[[35.1154,31.5248],[35.1154,31.5248],[35.1152,31.5247],[35.1149,31.5247],[35.1148,31.5247],[35.1146,31.5247],[35.1145,31.5246],[35.1144,31.5245],[35.1142,31.5244],[35.1142,31.5244],[35.1141,31.5242],[35.114,31.5241],[35.1138,31.5238],[35.1137,31.5238],[35.1136,31.5238],[35.1135,31.5239],[35.1134,31.524],[35.1135,31.524],[35.1137,31.5239],[35.1137,31.5239],[35.1138,31.5239],[35.1139,31.5241],[35.114,31.5243],[35.1142,31.5245],[35.1143,31.5246],[35.1144,31.5246],[35.1145,31.5247],[35.1147,31.5247],[35.1149,31.5248],[35.1152,31.5248],[35.1154,31.5248],[35.1154,31.5248]]]]}},{"type":"Feature","properties":{"name":"מרחב שכונת גבעת האבות","remarks":"סגירת שטח לפלסטינים"},"geometry":{"type":"MultiPolygon","coordinates":[[[[35.1113,31.5324],[35.1114,31.532],[35.1115,31.5309],[35.1117,31.5306],[35.1111,31.5303],[35.1111,31.5301],[35.1113,31.5298],[35.111,31.5297],[35.1108,31.5297],[35.1102,31.5299],[35.1102,31.5303],[35.111,31.5306],[35.1106,31.5317],[35.1106,31.5324],[35.1107,31.5324],[35.1109,31.5324],[35.1113,31.5324]]]]}},{"type":"Feature","properties":{"name":"מרחב מערת המכפלה","remarks":"סגירת שטח לפלסטינים"},"geometry":{"type":"MultiPolygon","coordinates":[[[[35.1113,31.5241],[35.1106,31.5238],[35.1101,31.5238],[35.1101,31.5245],[35.11,31.5246],[35.1104,31.5248],[35.1107,31.5244],[35.1108,31.5244],[35.111,31.5246],[35.1112,31.5242],[35.1113,31.5241]]]]}},{"type":"Feature","properties":{"name":"מרחב שכונת אברהם אבינו","remarks":"סגירת שטח לפלסטינים"},"geometry":{"type":"MultiPolygon","coordinates":[[[[35.1066,31.5234],[35.1068,31.5236],[35.107,31.5238],[35.107,31.5241],[35.107,31.5243],[35.1077,31.5244],[35.1078,31.5239],[35.1082,31.524],[35.1084,31.5238],[35.1085,31.5235],[35.108,31.5234],[35.1078,31.5233],[35.1074,31.5232],[35.1066,31.5234]]]]}},{"type":"Feature","properties":{"name":"מרחב שכונת תל רומידה","remarks":"סגירת שטח לפלסטינים"},"geometry":{"type":"MultiPolygon","coordinates":[[[[35.1016,31.5253],[35.1016,31.5253],[35.1022,31.5254],[35.1028,31.5251],[35.1025,31.5244],[35.1016,31.5248],[35.1018,31.5251],[35.1016,31.5252],[35.1016,31.5253],[35.1016,31.5253]]]]}},{"type":"Feature","properties":{"name":"מרחב בית רומנו","remarks":"סגירת שטח לפלסטינים"},"geometry":{"type":"MultiPolygon","coordinates":[[[[35.1051,31.5251],[35.1058,31.5256],[35.1061,31.5252],[35.1057,31.5248],[35.1058,31.5246],[35.1054,31.5244],[35.1051,31.5251]]]]}},{"type":"Feature","properties":{"name":"שטח סגור אזור הג'יפטליק","remarks":"תיקון גבולות"},"geometry":{"type":"MultiPolygon","coordinates":[[[[35.4968,32.1107],[35.4968,32.1107],[35.4968,32.1107],[35.4968,32.1108],[35.4968,32.1108],[35.4967,32.1108],[35.4967,32.1109],[35.4967,32.111],[35.4967,32.111],[35.4967,32.111],[35.4966,32.1111],[35.4966,32.1111],[35.4966,32.1112],[35.4965,32.1113],[35.4965,32.1113],[35.4965,32.1113],[35.4965,32.1114],[35.4965,32.1114],[35.4965,32.1115],[35.4965,32.1115],[35.4965,32.1116],[35.4965,32.1116],[35.4965,32.1116],[35.4965,32.1117],[35.4965,32.1117],[35.4964,32.1118],[35.4964,32.1119],[35.4964,32.1119],[35.4964,32.112],[35.4964,32.1121],[35.4964,32.1121],[35.4963,32.1122],[35.4963,32.1123],[35.4963,32.1123],[35.4963,32.1124],[35.4963,32.1124],[35.4962,32.1125],[35.4962,32.1125],[35.4962,32.1126],[35.4962,32.1126],[35.4962,32.1126],[35.4962,32.1127],[35.4961,32.1127],[35.4961,32.1127],[35.4961,32.1128],[35.496,32.1128],[35.496,32.1129],[35.496,32.1129],[35.496,32.1129],[35.496,32.113],[35.4959,32.113],[35.4959,32.113],[35.4958,32.1131],[35.4958,32.1131],[35.4958,32.1132],[35.4958,32.1132],[35.4957,32.1132],[35.4957,32.1133],[35.4956,32.1133],[35.4956,32.1133],[35.4956,32.1133],[35.4955,32.1134],[35.4955,32.1134],[35.4955,32.1135],[35.4954,32.1136],[35.4954,32.1136],[35.4953,32.1137],[35.4953,32.1137],[35.4953,32.1137],[35.4953,32.1138],[35.4953,32.1138],[35.4953,32.1139],[35.4953,32.1139],[35.4953,32.114],[35.4953,32.114],[35.4953,32.1141],[35.4953,32.1141],[35.4953,32.1141],[35.4953,32.1142],[35.4953,32.1142],[35.4953,32.1142],[35.4953,32.1143],[35.4953,32.1143],[35.4953,32.1143],[35.4953,32.1143],[35.4951,32.1143],[35.4946,32.1143],[35.4944,32.1142],[35.4939,32.1142],[35.4939,32.1144],[35.4938,32.1144],[35.4934,32.1144],[35.4931,32.1143],[35.4929,32.1149],[35.4928,32.1154],[35.4926,32.1166],[35.4919,32.1184],[35.4917,32.1192],[35.4906,32.121],[35.4894,32.1228],[35.4879,32.1251],[35.4867,32.1273],[35.4853,32.1296],[35.4841,32.1319],[35.4829,32.1343],[35.4846,32.137],[35.4863,32.1395],[35.4882,32.1418],[35.4893,32.143],[35.4901,32.1437],[35.4917,32.1446],[35.494,32.1457],[35.4946,32.1449],[35.4947,32.1447],[35.495,32.1443],[35.4959,32.144],[35.4966,32.1436],[35.4971,32.143],[35.4975,32.1421],[35.4977,32.1411],[35.498,32.1403],[35.4984,32.1397],[35.4989,32.139],[35.4997,32.1384],[35.5002,32.1377],[35.5006,32.1367],[35.5015,32.1359],[35.5022,32.1354],[35.5032,32.135],[35.5041,32.1346],[35.5049,32.134],[35.5056,32.1333],[35.5061,32.1324],[35.5066,32.1322],[35.5071,32.1319],[35.5077,32.1316],[35.508,32.1312],[35.5081,32.1303],[35.5081,32.1291],[35.5083,32.1282],[35.509,32.127],[35.5099,32.1263],[35.5092,32.1254],[35.5083,32.1245],[35.5077,32.1242],[35.5067,32.1239],[35.5052,32.1229],[35.504,32.1217],[35.503,32.1206],[35.5023,32.1197],[35.5015,32.1184],[35.5008,32.1174],[35.4996,32.1155],[35.4988,32.114],[35.498,32.1126],[35.4978,32.1122],[35.497,32.111],[35.4968,32.1107]]]]}},{"type":"Feature","properties":{"name":"שטח סגור 918","remarks":""},"geometry":{"type":"MultiPolygon","coordinates":[[[[35.2036,31.4115],[35.2034,31.41],[35.2036,31.4081],[35.204,31.4052],[35.2042,31.4024],[35.2041,31.3998],[35.2038,31.3976],[35.2036,31.3961],[35.2031,31.3946],[35.2025,31.394],[35.2006,31.3926],[35.1994,31.3927],[35.1989,31.3929],[35.1983,31.3928],[35.1981,31.3925],[35.1984,31.3911],[35.199,31.3895],[35.2,31.3876],[35.2014,31.3848],[35.2024,31.3819],[35.2033,31.3787],[35.2036,31.3763],[35.2036,31.3742],[35.2032,31.3729],[35.2022,31.3728],[35.2015,31.3733],[35.2012,31.374],[35.2001,31.3746],[35.199,31.3747],[35.1977,31.3748],[35.1969,31.3746],[35.1964,31.3739],[35.196,31.3734],[35.1952,31.3711],[35.1934,31.3686],[35.192,31.3687],[35.1894,31.3687],[35.1874,31.3682],[35.1853,31.367],[35.1836,31.3657],[35.183,31.3653],[35.1717,31.3642],[35.1679,31.3649],[35.1678,31.3645],[35.1674,31.3638],[35.1597,31.363],[35.1519,31.361],[35.1454,31.3594],[35.1436,31.3591],[35.142,31.3589],[35.1402,31.3586],[35.1392,31.3584],[35.1382,31.3584],[35.1373,31.3583],[35.1361,31.358],[35.135,31.3573],[35.1335,31.3554],[35.1325,31.3564],[35.129,31.3592],[35.1243,31.3631],[35.1252,31.3646],[35.1278,31.3687],[35.131,31.3732],[35.1336,31.3775],[35.135,31.3801],[35.1401,31.3917],[35.1406,31.3932],[35.1421,31.3984],[35.1422,31.4012],[35.1422,31.4046],[35.1419,31.4052],[35.1414,31.4067],[35.1412,31.4078],[35.1427,31.4077],[35.1438,31.4077],[35.1459,31.4077],[35.1525,31.4079],[35.1568,31.408],[35.1614,31.4083],[35.1665,31.4092],[35.1701,31.4098],[35.1748,31.4109],[35.1758,31.4111],[35.1769,31.4114],[35.1779,31.4116],[35.1789,31.4117],[35.1798,31.4119],[35.181,31.4122],[35.1823,31.4126],[35.1836,31.4129],[35.185,31.4133],[35.1873,31.414],[35.1917,31.4149],[35.1931,31.4152],[35.1941,31.4152],[35.1952,31.4146],[35.1966,31.4132],[35.1975,31.4118],[35.198,31.411],[35.1988,31.4109],[35.1994,31.4109],[35.1999,31.4114],[35.2002,31.4122],[35.2007,31.4136],[35.2012,31.4144],[35.2017,31.4151],[35.2022,31.4154],[35.2029,31.4154],[35.2035,31.4143],[35.2039,31.4125],[35.2036,31.4115]]]]}},{"type":"Feature","properties":{"name":"שטח אימונים 930","remarks":""},"geometry":{"type":"MultiPolygon","coordinates":[[[[35.1318,31.5227],[35.1314,31.5226],[35.1309,31.5227],[35.1305,31.5229],[35.1303,31.5231],[35.1269,31.5257],[35.1271,31.5259],[35.1275,31.5262],[35.1276,31.5267],[35.129,31.5272],[35.13,31.5269],[35.1307,31.5265],[35.1317,31.5259],[35.1326,31.525],[35.1331,31.5243],[35.1332,31.5239],[35.1323,31.5231],[35.1318,31.5227]]]]}},{"type":"Feature","properties":{"name":"שטח סגור 309 א'","remarks":""},"geometry":{"type":"MultiPolygon","coordinates":[[[[34.971,31.5768],[34.9709,31.5709],[34.9704,31.5706],[34.97,31.5701],[34.9698,31.5699],[34.9697,31.5696],[34.9696,31.5689],[34.9693,31.5691],[34.9683,31.5698],[34.9677,31.5701],[34.9674,31.5702],[34.967,31.5702],[34.9666,31.5702],[34.9663,31.5701],[34.9659,31.57],[34.9656,31.5698],[34.9654,31.5696],[34.9653,31.5695],[34.9636,31.5702],[34.9624,31.5708],[34.9611,31.5711],[34.96,31.5711],[34.9588,31.5707],[34.9581,31.5701],[34.9569,31.5688],[34.9564,31.5675],[34.9565,31.5666],[34.9571,31.565],[34.9578,31.5639],[34.9591,31.5623],[34.9613,31.5601],[34.9609,31.56],[34.9607,31.5598],[34.9601,31.559],[34.9599,31.5587],[34.9598,31.5583],[34.9597,31.5575],[34.9597,31.5572],[34.9598,31.5569],[34.96,31.5566],[34.9603,31.5562],[34.9598,31.5559],[34.9596,31.5556],[34.9594,31.5553],[34.9593,31.555],[34.9593,31.5547],[34.9593,31.5544],[34.9594,31.5538],[34.9596,31.5533],[34.9599,31.553],[34.9601,31.5528],[34.9604,31.5526],[34.9606,31.5525],[34.9582,31.5508],[34.9554,31.5492],[34.9505,31.5475],[34.9458,31.5464],[34.9442,31.5462],[34.9417,31.5461],[34.9417,31.5514],[34.9431,31.5537],[34.9428,31.5616],[34.9447,31.5636],[34.9467,31.574],[34.9481,31.5813],[34.9523,31.5948],[34.9567,31.5985],[34.9577,31.5952],[34.9602,31.5904],[34.9619,31.5878],[34.9653,31.5849],[34.9661,31.5841],[34.9673,31.583],[34.9694,31.5821],[34.9704,31.5807],[34.971,31.5768]]]]}},{"type":"Feature","properties":{"name":"צו סגירת שטח תקוע","remarks":""},"geometry":{"type":"MultiPolygon","coordinates":[[[[35.2331,31.6574],[35.2331,31.657],[35.2328,31.6552],[35.2327,31.6547],[35.233,31.654],[35.2343,31.6518],[35.2351,31.6507],[35.2357,31.6499],[35.2362,31.6494],[35.2366,31.649],[35.2368,31.6488],[35.2369,31.6486],[35.237,31.6485],[35.237,31.6484],[35.237,31.6482],[35.2369,31.6481],[35.2367,31.648],[35.2364,31.6479],[35.2361,31.648],[35.2358,31.6481],[35.2355,31.6482],[35.2351,31.6484],[35.2342,31.6489],[35.2336,31.6492],[35.2331,31.6494],[35.2328,31.6496],[35.2323,31.6497],[35.2318,31.6497],[35.2317,31.6498],[35.2313,31.6498],[35.2301,31.6497],[35.229,31.6496],[35.2287,31.6496],[35.2284,31.6496],[35.2278,31.6496],[35.2274,31.6497],[35.2273,31.6497],[35.2272,31.6498],[35.2271,31.65],[35.2269,31.6501],[35.2263,31.651],[35.2257,31.6518],[35.2251,31.6524],[35.2246,31.6528],[35.2243,31.653],[35.224,31.6532],[35.2232,31.6537],[35.2231,31.6538],[35.2229,31.6539],[35.2229,31.6541],[35.2229,31.6542],[35.2231,31.6544],[35.2232,31.6546],[35.2235,31.6548],[35.2238,31.655],[35.2242,31.6552],[35.2248,31.6554],[35.2262,31.6559],[35.2264,31.656],[35.2265,31.6562],[35.2268,31.6569],[35.227,31.6572],[35.2272,31.6574],[35.2277,31.6575],[35.2281,31.6575],[35.2292,31.6573],[35.2299,31.6574],[35.2306,31.6577],[35.2314,31.6581],[35.2318,31.6582],[35.2323,31.6583],[35.2326,31.6583],[35.2329,31.658],[35.2331,31.6574]]]]}},{"type":"Feature","properties":{"name":"שטח סגור 929","remarks":""},"geometry":{"type":"MultiPolygon","coordinates":[[[[35.3541,31.9101],[35.3559,31.9098],[35.3595,31.9102],[35.3605,31.9099],[35.3612,31.9096],[35.3637,31.9091],[35.3659,31.9086],[35.3674,31.9083],[35.3686,31.9081],[35.3696,31.9079],[35.3708,31.9076],[35.3735,31.9074],[35.3746,31.9071],[35.3761,31.9069],[35.3777,31.9069],[35.379,31.907],[35.3801,31.9071],[35.381,31.9077],[35.3817,31.908],[35.3831,31.9083],[35.3868,31.9088],[35.3877,31.9089],[35.389,31.9091],[35.39,31.9092],[35.3916,31.9093],[35.3937,31.9095],[35.3968,31.9098],[35.398,31.91],[35.3987,31.9102],[35.3996,31.9104],[35.4015,31.9106],[35.4037,31.9108],[35.4049,31.9108],[35.4059,31.9103],[35.4064,31.9098],[35.4078,31.9083],[35.4095,31.9066],[35.4119,31.9044],[35.4135,31.9022],[35.4139,31.9013],[35.4158,31.8986],[35.4178,31.8957],[35.4172,31.8956],[35.4166,31.8956],[35.4162,31.8956],[35.4153,31.8961],[35.4139,31.8967],[35.413,31.897],[35.4123,31.897],[35.4121,31.8969],[35.4121,31.8967],[35.412,31.8965],[35.4118,31.8963],[35.4114,31.8964],[35.4108,31.8966],[35.4103,31.8966],[35.41,31.8965],[35.4099,31.8964],[35.41,31.8962],[35.4098,31.896],[35.4096,31.896],[35.4089,31.8959],[35.4085,31.8958],[35.4082,31.8957],[35.4082,31.8955],[35.4082,31.8954],[35.408,31.8952],[35.4075,31.8948],[35.4073,31.8947],[35.4072,31.8944],[35.4071,31.8943],[35.407,31.8942],[35.4069,31.8942],[35.4066,31.8942],[35.4064,31.8943],[35.4063,31.8943],[35.4061,31.8942],[35.406,31.8941],[35.4059,31.894],[35.4058,31.8938],[35.4059,31.8935],[35.406,31.8934],[35.406,31.8933],[35.4063,31.8931],[35.4064,31.8929],[35.4063,31.8928],[35.4062,31.8928],[35.406,31.8928],[35.4059,31.893],[35.4057,31.8931],[35.4055,31.8931],[35.4053,31.8931],[35.4051,31.8929],[35.4051,31.8927],[35.4052,31.8925],[35.4052,31.8921],[35.4051,31.8919],[35.4049,31.8918],[35.4046,31.8918],[35.4044,31.8918],[35.4041,31.8918],[35.404,31.8917],[35.4039,31.8915],[35.4038,31.8912],[35.4034,31.8911],[35.4032,31.891],[35.4032,31.8907],[35.4032,31.8905],[35.4032,31.8903],[35.4032,31.89],[35.4032,31.8899],[35.4029,31.8897],[35.4025,31.8895],[35.4022,31.8893],[35.402,31.8891],[35.4017,31.8889],[35.4015,31.8888],[35.4013,31.8887],[35.401,31.8886],[35.4007,31.8886],[35.4004,31.8886],[35.4001,31.8886],[35.4,31.8885],[35.3997,31.8882],[35.3995,31.888],[35.3994,31.8879],[35.3993,31.8878],[35.3991,31.8877],[35.399,31.8876],[35.3989,31.8876],[35.3988,31.8877],[35.3987,31.8879],[35.3987,31.8882],[35.3986,31.8884],[35.3985,31.8886],[35.3984,31.8887],[35.3981,31.8889],[35.3978,31.889],[35.3976,31.889],[35.3974,31.889],[35.3972,31.8889],[35.397,31.8888],[35.3967,31.8886],[35.3963,31.8884],[35.3959,31.8881],[35.3955,31.8878],[35.3952,31.8876],[35.3949,31.8875],[35.3945,31.8875],[35.3941,31.8874],[35.394,31.8874],[35.3937,31.8872],[35.3934,31.8871],[35.3931,31.887],[35.3929,31.8868],[35.3928,31.8866],[35.393,31.8862],[35.3932,31.8854],[35.3933,31.8853],[35.3933,31.8851],[35.3931,31.8849],[35.3928,31.8848],[35.3929,31.8846],[35.3929,31.8842],[35.3929,31.884],[35.3927,31.8838],[35.3926,31.8835],[35.3926,31.8833],[35.3926,31.8831],[35.3927,31.8829],[35.393,31.8825],[35.3934,31.8821],[35.3937,31.8817],[35.3938,31.8814],[35.3937,31.8809],[35.3941,31.8801],[35.3946,31.8792],[35.3951,31.8786],[35.3957,31.878],[35.3961,31.8774],[35.3961,31.877],[35.3963,31.8767],[35.3963,31.8764],[35.3964,31.8762],[35.3966,31.876],[35.397,31.876],[35.3977,31.8761],[35.3981,31.8762],[35.3986,31.8763],[35.399,31.8763],[35.3993,31.8763],[35.3997,31.8762],[35.4002,31.876],[35.4009,31.8755],[35.4016,31.8748],[35.4022,31.8743],[35.4034,31.8735],[35.4041,31.8732],[35.4042,31.8732],[35.405,31.8729],[35.4054,31.8729],[35.4058,31.8728],[35.4061,31.8726],[35.4067,31.8725],[35.4092,31.8724],[35.4121,31.8724],[35.4152,31.8723],[35.4175,31.8723],[35.4205,31.8723],[35.4233,31.8723],[35.4247,31.8723],[35.4247,31.8706],[35.4246,31.8631],[35.4243,31.8513],[35.4236,31.8506],[35.4222,31.8498],[35.4208,31.8493],[35.4191,31.8486],[35.4177,31.8477],[35.4154,31.8466],[35.4123,31.8445],[35.4109,31.8438],[35.4092,31.843],[35.4085,31.8429],[35.4074,31.8425],[35.4061,31.8421],[35.4046,31.8416],[35.4033,31.8411],[35.4019,31.8406],[35.4002,31.8401],[35.3986,31.8393],[35.3951,31.8382],[35.3933,31.838],[35.3917,31.8378],[35.3899,31.8377],[35.3872,31.8376],[35.3866,31.8376],[35.3859,31.8377],[35.3853,31.8376],[35.3845,31.8377],[35.3839,31.8378],[35.3837,31.8377],[35.3832,31.8378],[35.3822,31.838],[35.3802,31.838],[35.3794,31.8381],[35.3787,31.8381],[35.3777,31.8382],[35.3757,31.839],[35.3748,31.8392],[35.374,31.8399],[35.3726,31.8406],[35.3715,31.8411],[35.3708,31.8413],[35.3699,31.8417],[35.3686,31.8422],[35.3671,31.8427],[35.3655,31.8429],[35.3639,31.8431],[35.3627,31.8431],[35.3615,31.843],[35.3604,31.8428],[35.3595,31.8426],[35.3582,31.8425],[35.3561,31.8421],[35.3538,31.8421],[35.3522,31.842],[35.3511,31.8421],[35.3502,31.8422],[35.3498,31.8435],[35.3494,31.8458],[35.3487,31.8474],[35.3473,31.8487],[35.3459,31.8491],[35.3429,31.8498],[35.3411,31.8503],[35.3401,31.8506],[35.3386,31.8516],[35.3364,31.8529],[35.3346,31.855],[35.3325,31.8581],[35.3294,31.8618],[35.3278,31.8637],[35.3265,31.8651],[35.3245,31.8692],[35.3228,31.8731],[35.3223,31.8768],[35.3221,31.8813],[35.3228,31.8855],[35.3239,31.8892],[35.3256,31.8939],[35.3278,31.897],[35.3294,31.9],[35.3312,31.9023],[35.3365,31.907],[35.338,31.9082],[35.3432,31.9113],[35.3461,31.9123],[35.3477,31.9124],[35.3497,31.9117],[35.3522,31.9107],[35.3541,31.9101]]]]}},{"type":"Feature","properties":{"name":"תיקון גבולות ש.א. 934","remarks":""},"geometry":{"type":"MultiPolygon","coordinates":[[[[35.0795,31.9079],[35.08,31.9079],[35.0806,31.9079],[35.0817,31.9078],[35.0827,31.9076],[35.0832,31.9076],[35.0836,31.9075],[35.0841,31.9077],[35.0844,31.9078],[35.0849,31.9081],[35.0857,31.9084],[35.0862,31.9079],[35.0865,31.9082],[35.0881,31.9079],[35.089,31.9077],[35.09,31.9078],[35.0909,31.9078],[35.0918,31.9079],[35.0925,31.908],[35.0933,31.9077],[35.0942,31.9072],[35.0948,31.9068],[35.0957,31.9066],[35.0965,31.9065],[35.0973,31.9069],[35.0977,31.9069],[35.0981,31.907],[35.0985,31.9074],[35.0987,31.9075],[35.099,31.9078],[35.0996,31.9079],[35.1001,31.9082],[35.1005,31.9085],[35.1008,31.9091],[35.1011,31.9097],[35.102,31.9098],[35.1024,31.9098],[35.1032,31.9099],[35.1038,31.9101],[35.1048,31.9099],[35.1048,31.9125],[35.1051,31.9126],[35.1066,31.9122],[35.1079,31.9121],[35.1094,31.9122],[35.1103,31.9104],[35.1124,31.9075],[35.1139,31.9059],[35.1163,31.9045],[35.118,31.9041],[35.1248,31.9033],[35.1299,31.9029],[35.134,31.9024],[35.1385,31.9015],[35.1419,31.901],[35.1455,31.8992],[35.149,31.8967],[35.1516,31.8947],[35.1547,31.8922],[35.1564,31.8903],[35.1574,31.8886],[35.158,31.8867],[35.1582,31.8848],[35.1579,31.8824],[35.1569,31.8805],[35.1556,31.8792],[35.154,31.878],[35.1516,31.8768],[35.1497,31.8763],[35.1469,31.8758],[35.1444,31.8756],[35.141,31.876],[35.1363,31.877],[35.1336,31.8776],[35.1314,31.8779],[35.1285,31.8789],[35.126,31.8807],[35.125,31.8824],[35.1244,31.8838],[35.1233,31.8854],[35.1206,31.8874],[35.119,31.8884],[35.1169,31.8901],[35.1156,31.8908],[35.1143,31.8908],[35.1129,31.8907],[35.1118,31.8909],[35.1107,31.891],[35.1085,31.8927],[35.1044,31.8929],[35.1015,31.8934],[35.0982,31.8941],[35.0965,31.8946],[35.0961,31.895],[35.0958,31.8963],[35.0954,31.8973],[35.0942,31.8981],[35.0932,31.8983],[35.0928,31.8983],[35.0922,31.8985],[35.091,31.8984],[35.0897,31.8981],[35.0882,31.8981],[35.0862,31.9002],[35.0851,31.9014],[35.084,31.9017],[35.0827,31.9019],[35.0796,31.9029],[35.0769,31.9041],[35.0744,31.9055],[35.0718,31.9075],[35.0699,31.9098],[35.0681,31.9125],[35.0673,31.9152],[35.0677,31.9162],[35.0696,31.918],[35.0702,31.9179],[35.0709,31.9176],[35.0715,31.9174],[35.0722,31.9173],[35.0728,31.9172],[35.0734,31.9171],[35.0737,31.9169],[35.0742,31.9165],[35.0746,31.9161],[35.0748,31.9157],[35.075,31.9153],[35.0749,31.915],[35.0745,31.9147],[35.0742,31.9143],[35.074,31.9137],[35.0737,31.9131],[35.0735,31.9126],[35.0735,31.9122],[35.0737,31.912],[35.0742,31.9116],[35.0745,31.9114],[35.0751,31.9113],[35.0757,31.911],[35.076,31.9108],[35.0765,31.9102],[35.0768,31.9096],[35.0769,31.9094],[35.0772,31.9089],[35.0776,31.9086],[35.0778,31.9084],[35.0782,31.9082],[35.0788,31.908],[35.0792,31.9079],[35.0795,31.9079]]]]}},{"type":"Feature","properties":{"name":"שטח סגור 906","remarks":""},"geometry":{"type":"MultiPolygon","coordinates":[[[[35.3551,31.9562],[35.3551,31.9562],[35.3562,31.9558],[35.3562,31.9558],[35.3562,31.9558],[35.3573,31.9557],[35.3574,31.9556],[35.3574,31.9556],[35.3574,31.9556],[35.3574,31.9556],[35.3575,31.9556],[35.3575,31.9556],[35.3575,31.9556],[35.3575,31.9556],[35.3576,31.9556],[35.3586,31.9557],[35.3586,31.9558],[35.3587,31.9558],[35.3587,31.9558],[35.3594,31.9562],[35.36,31.9563],[35.36,31.9563],[35.36,31.9563],[35.3601,31.9563],[35.3601,31.9563],[35.3602,31.9564],[35.3602,31.9564],[35.3609,31.9569],[35.3609,31.9569],[35.3609,31.9569],[35.3609,31.9569],[35.3609,31.9569],[35.3609,31.957],[35.361,31.957],[35.3609,31.957],[35.3609,31.9571],[35.3609,31.9571],[35.3609,31.9571],[35.3609,31.9571],[35.3609,31.9572],[35.3606,31.9573],[35.3606,31.9573],[35.3606,31.9573],[35.3597,31.9577],[35.3597,31.9577],[35.3597,31.9577],[35.3596,31.9577],[35.3596,31.9577],[35.3596,31.9577],[35.3596,31.9576],[35.3595,31.9576],[35.3595,31.9576],[35.3595,31.9576],[35.3595,31.9576],[35.3595,31.9575],[35.3592,31.9566],[35.3585,31.9561],[35.3577,31.956],[35.3577,31.9564],[35.3577,31.9564],[35.3577,31.9564],[35.3578,31.9564],[35.3578,31.9565],[35.3579,31.9566],[35.3579,31.9566],[35.3579,31.9566],[35.3579,31.9566],[35.3579,31.9566],[35.358,31.9567],[35.358,31.9567],[35.3581,31.9567],[35.3581,31.9567],[35.3582,31.9568],[35.3582,31.9568],[35.3583,31.9568],[35.3583,31.9568],[35.3583,31.9568],[35.3584,31.9568],[35.3587,31.957],[35.3587,31.957],[35.3587,31.957],[35.3588,31.957],[35.3588,31.957],[35.3588,31.9571],[35.3589,31.9571],[35.3589,31.9571],[35.3589,31.9571],[35.3589,31.9571],[35.3589,31.9572],[35.3589,31.9572],[35.359,31.9572],[35.359,31.9572],[35.359,31.9572],[35.359,31.9573],[35.359,31.9573],[35.359,31.9574],[35.359,31.9574],[35.359,31.9574],[35.359,31.9574],[35.359,31.9575],[35.359,31.9575],[35.359,31.9575],[35.359,31.9575],[35.359,31.9576],[35.359,31.9576],[35.359,31.9576],[35.359,31.9576],[35.3589,31.9577],[35.3589,31.9577],[35.3589,31.9577],[35.3589,31.9577],[35.3589,31.9578],[35.3588,31.9578],[35.3588,31.9578],[35.3588,31.9578],[35.3588,31.9578],[35.3587,31.9578],[35.3587,31.9579],[35.3587,31.9579],[35.3587,31.9579],[35.3586,31.9579],[35.3584,31.958],[35.3584,31.958],[35.3584,31.958],[35.3584,31.9581],[35.3584,31.9582],[35.3583,31.9584],[35.3583,31.9585],[35.3582,31.9585],[35.3582,31.9586],[35.3582,31.9586],[35.3582,31.9588],[35.3582,31.9588],[35.3582,31.9588],[35.3582,31.9589],[35.3582,31.9589],[35.3582,31.9589],[35.3582,31.959],[35.3582,31.959],[35.3582,31.959],[35.3582,31.9591],[35.3582,31.9591],[35.3582,31.9592],[35.3582,31.9592],[35.3581,31.9593],[35.3581,31.9594],[35.3581,31.9594],[35.3581,31.9594],[35.358,31.9594],[35.358,31.9594],[35.358,31.9595],[35.3579,31.9595],[35.3579,31.9595],[35.3579,31.9595],[35.3578,31.9594],[35.3577,31.9594],[35.3577,31.9594],[35.3577,31.9595],[35.3577,31.9595],[35.3577,31.9595],[35.3576,31.9595],[35.3576,31.9595],[35.3576,31.9596],[35.357,31.9597],[35.3572,31.9602],[35.3575,31.9612],[35.3574,31.9622],[35.3552,31.9662],[35.3537,31.9685],[35.3527,31.9699],[35.35,31.9745],[35.3477,31.9792],[35.3476,31.9806],[35.3477,31.9815],[35.3479,31.9823],[35.3567,31.9866],[35.3597,31.9881],[35.3612,31.9886],[35.3632,31.9893],[35.3654,31.9901],[35.3668,31.9907],[35.3677,31.9919],[35.3684,31.9935],[35.3693,31.9963],[35.3703,31.9992],[35.3707,32.001],[35.3711,32.0033],[35.3713,32.006],[35.3715,32.0074],[35.3716,32.0116],[35.3714,32.0132],[35.3714,32.0152],[35.3712,32.0156],[35.3702,32.0157],[35.3669,32.0156],[35.3659,32.0156],[35.3653,32.0161],[35.3652,32.0174],[35.3649,32.0203],[35.3649,32.0213],[35.3678,32.0237],[35.3691,32.025],[35.3692,32.0258],[35.3692,32.0288],[35.369,32.0328],[35.3687,32.034],[35.3685,32.0348],[35.3686,32.0361],[35.3691,32.0372],[35.3699,32.0377],[35.3709,32.0383],[35.372,32.0385],[35.3753,32.0393],[35.3793,32.0398],[35.3831,32.0403],[35.3869,32.0407],[35.3969,32.0414],[35.4031,32.0421],[35.4088,32.0424],[35.4131,32.0428],[35.4167,32.0431],[35.4197,32.0431],[35.4224,32.0431],[35.425,32.0431],[35.4298,32.0429],[35.4301,32.0375],[35.4307,32.0328],[35.431,32.0287],[35.4313,32.0273],[35.4316,32.0243],[35.4319,32.0214],[35.432,32.0169],[35.4317,32.0113],[35.4316,32.008],[35.4314,32.0046],[35.4315,32.0022],[35.4317,32.0003],[35.432,31.9972],[35.4322,31.9947],[35.4322,31.9924],[35.4324,31.991],[35.4337,31.9873],[35.435,31.9845],[35.4364,31.9811],[35.4378,31.9785],[35.4387,31.9767],[35.4397,31.975],[35.4411,31.9729],[35.4427,31.9703],[35.4438,31.9685],[35.4452,31.966],[35.4459,31.9645],[35.4477,31.9617],[35.4492,31.9596],[35.4506,31.958],[35.4526,31.9556],[35.4538,31.9544],[35.4511,31.9501],[35.4497,31.95],[35.4481,31.9495],[35.4466,31.949],[35.4448,31.9479],[35.4432,31.9466],[35.4417,31.9449],[35.4393,31.9449],[35.437,31.9448],[35.4349,31.9448],[35.4331,31.9448],[35.4318,31.9447],[35.4309,31.9448],[35.4304,31.9463],[35.4297,31.948],[35.4284,31.9504],[35.4269,31.9521],[35.4246,31.9536],[35.4219,31.9555],[35.4199,31.9568],[35.4183,31.9577],[35.4171,31.9579],[35.4155,31.9573],[35.414,31.9569],[35.4126,31.9565],[35.4111,31.9564],[35.4097,31.9563],[35.409,31.9562],[35.4078,31.9562],[35.4068,31.9567],[35.4054,31.9575],[35.4043,31.9582],[35.4026,31.9589],[35.4009,31.9596],[35.3995,31.9596],[35.398,31.959],[35.3967,31.9585],[35.3953,31.9575],[35.394,31.9559],[35.3929,31.954],[35.392,31.9519],[35.3912,31.9498],[35.3908,31.948],[35.3906,31.9468],[35.3911,31.9458],[35.3924,31.9445],[35.3938,31.9429],[35.3945,31.9417],[35.3954,31.9406],[35.3966,31.94],[35.3995,31.9391],[35.4033,31.9378],[35.406,31.9369],[35.4077,31.9365],[35.41,31.9359],[35.4131,31.9351],[35.4153,31.9345],[35.4175,31.9341],[35.4184,31.9338],[35.4191,31.9334],[35.4188,31.9321],[35.4157,31.9233],[35.4155,31.9228],[35.4141,31.923],[35.4118,31.9234],[35.4099,31.9237],[35.4075,31.9235],[35.4047,31.923],[35.4016,31.9222],[35.3987,31.9216],[35.3958,31.9214],[35.3937,31.9213],[35.3917,31.9212],[35.3898,31.921],[35.3883,31.92],[35.3864,31.9188],[35.3841,31.918],[35.3825,31.9176],[35.3797,31.917],[35.3773,31.9166],[35.3763,31.9165],[35.3758,31.9166],[35.3754,31.9165],[35.3729,31.9164],[35.371,31.9166],[35.3696,31.9167],[35.3681,31.917],[35.3664,31.9175],[35.3648,31.9178],[35.3629,31.9184],[35.3616,31.9188],[35.3597,31.9195],[35.3582,31.9202],[35.3565,31.9214],[35.3546,31.9229],[35.3532,31.9242],[35.3516,31.9258],[35.3501,31.9272],[35.3487,31.9284],[35.3473,31.9298],[35.3466,31.9307],[35.3458,31.9321],[35.3453,31.9331],[35.3446,31.9346],[35.3436,31.9361],[35.343,31.938],[35.3431,31.9401],[35.3433,31.9416],[35.3436,31.9432],[35.3445,31.9449],[35.3455,31.9462],[35.347,31.9477],[35.3485,31.949],[35.3498,31.9503],[35.3509,31.9515],[35.3516,31.9522],[35.3527,31.9531],[35.3541,31.9546],[35.3551,31.9562]]]]}},{"type":"Feature","properties":{"name":"שטח אש 904","remarks":""},"geometry":{"type":"MultiPolygon","coordinates":[[[[35.4777,32.1316],[35.4737,32.1293],[35.4735,32.1371],[35.4782,32.1364],[35.4783,32.1364],[35.4783,32.1364],[35.4798,32.1359],[35.4798,32.1359],[35.4807,32.1338],[35.4799,32.1329],[35.4777,32.1316]]]]}},{"type":"Feature","properties":{"name":"916 א","remarks":""},"geometry":{"type":"MultiPolygon","coordinates":[[[[35.3508,31.496],[35.3562,31.4922],[35.3608,31.4897],[35.3572,31.4747],[35.3599,31.4715],[35.3638,31.4667],[35.3638,31.4667],[35.361,31.4649],[35.3572,31.4621],[35.3569,31.4619],[35.351,31.4581],[35.3442,31.4538],[35.3423,31.4526],[35.3157,31.4361],[35.3139,31.4351],[35.3132,31.4364],[35.3109,31.4412],[35.3081,31.4463],[35.3071,31.4476],[35.3062,31.4495],[35.3036,31.4558],[35.3025,31.4595],[35.3022,31.4613],[35.3034,31.4663],[35.3025,31.4653],[35.3003,31.4645],[35.2974,31.4638],[35.2939,31.4633],[35.2909,31.4621],[35.2876,31.4621],[35.2811,31.4633],[35.278,31.4644],[35.2589,31.4689],[35.2602,31.4774],[35.2559,31.4782],[35.2554,31.4776],[35.2553,31.4776],[35.2559,31.4782],[35.2565,31.4789],[35.2587,31.4807],[35.261,31.4816],[35.2632,31.4822],[35.2652,31.4829],[35.267,31.4833],[35.2687,31.4837],[35.2699,31.4842],[35.2709,31.4843],[35.2714,31.4847],[35.2722,31.4853],[35.273,31.4858],[35.2736,31.4861],[35.2745,31.4865],[35.2753,31.4868],[35.2762,31.487],[35.2764,31.4873],[35.2786,31.4869],[35.2805,31.4868],[35.2826,31.4868],[35.3094,31.4803],[35.3133,31.497],[35.313,31.5011],[35.3138,31.5045],[35.3142,31.509],[35.3168,31.5201],[35.3508,31.496]]]]}},{"type":"Feature","properties":{"name":"שטח אש 904","remarks":""},"geometry":{"type":"MultiPolygon","coordinates":[[[[35.4677,32.1494],[35.47,32.1471],[35.4729,32.1438],[35.4734,32.1393],[35.4737,32.1279],[35.4742,32.1257],[35.4759,32.1156],[35.4764,32.1149],[35.4807,32.1105],[35.4806,32.1004],[35.4809,32.0993],[35.4812,32.098],[35.482,32.0966],[35.4843,32.0937],[35.489,32.087],[35.4901,32.0849],[35.4905,32.0822],[35.4906,32.0808],[35.4896,32.0801],[35.4859,32.0786],[35.477,32.0743],[35.4663,32.068],[35.4626,32.0656],[35.4583,32.0613],[35.4578,32.0608],[35.4563,32.0585],[35.4516,32.0559],[35.4516,32.056],[35.4513,32.0563],[35.4508,32.0569],[35.4506,32.0573],[35.4503,32.0576],[35.4501,32.058],[35.45,32.0583],[35.45,32.0584],[35.4499,32.0588],[35.4498,32.0592],[35.4498,32.0598],[35.4497,32.0603],[35.4497,32.0609],[35.4498,32.061],[35.45,32.0614],[35.4502,32.0617],[35.4506,32.0626],[35.4508,32.0633],[35.4509,32.0642],[35.4507,32.0654],[35.4504,32.0664],[35.4501,32.0667],[35.4497,32.0672],[35.4493,32.0676],[35.4489,32.0678],[35.4484,32.0681],[35.448,32.0682],[35.4477,32.0683],[35.4474,32.0684],[35.4471,32.0684],[35.4467,32.0683],[35.4465,32.0682],[35.446,32.0685],[35.4451,32.0693],[35.4442,32.0702],[35.443,32.0712],[35.442,32.0722],[35.442,32.0742],[35.4441,32.0768],[35.4455,32.0784],[35.4464,32.0796],[35.4408,32.0821],[35.4402,32.0813],[35.4392,32.0803],[35.4383,32.079],[35.4371,32.0774],[35.4368,32.0769],[35.4361,32.0761],[35.4355,32.0754],[35.4357,32.0705],[35.4364,32.0703],[35.4369,32.0703],[35.4377,32.0702],[35.4409,32.0667],[35.4408,32.0655],[35.4407,32.0643],[35.4406,32.0639],[35.4406,32.0635],[35.4409,32.0627],[35.4411,32.062],[35.4414,32.0613],[35.4418,32.0607],[35.4422,32.0601],[35.4424,32.0599],[35.4428,32.0596],[35.4431,32.0593],[35.4434,32.0592],[35.4437,32.0591],[35.4445,32.0591],[35.4451,32.0591],[35.4453,32.0591],[35.4456,32.0591],[35.4468,32.0594],[35.4474,32.0596],[35.4477,32.0597],[35.448,32.0598],[35.4486,32.0601],[35.4486,32.0601],[35.449,32.0604],[35.4492,32.0605],[35.4492,32.0603],[35.4492,32.0597],[35.4493,32.0592],[35.4493,32.0587],[35.4494,32.0584],[35.4496,32.0581],[35.4497,32.0577],[35.4499,32.0574],[35.4501,32.0571],[35.4504,32.0567],[35.4507,32.0562],[35.451,32.0559],[35.4511,32.0557],[35.4512,32.0556],[35.4479,32.0537],[35.4478,32.0537],[35.4398,32.054],[35.4375,32.0558],[35.4362,32.057],[35.4307,32.0624],[35.4284,32.0641],[35.4264,32.0653],[35.4244,32.0666],[35.4223,32.069],[35.4218,32.0699],[35.4214,32.0707],[35.4214,32.071],[35.4214,32.0712],[35.4214,32.0713],[35.4216,32.0715],[35.4219,32.0718],[35.4228,32.0724],[35.4241,32.0735],[35.4244,32.0746],[35.4229,32.0759],[35.4196,32.0777],[35.4162,32.0787],[35.4137,32.0788],[35.4094,32.0793],[35.4076,32.0799],[35.4063,32.081],[35.4058,32.0829],[35.4061,32.0908],[35.4064,32.0931],[35.4072,32.0949],[35.4079,32.0952],[35.4089,32.0957],[35.4094,32.0957],[35.4118,32.097],[35.414,32.0981],[35.4166,32.0997],[35.4207,32.1025],[35.4235,32.105],[35.4238,32.1066],[35.4227,32.1082],[35.4223,32.1103],[35.4217,32.1111],[35.4196,32.1121],[35.4177,32.1133],[35.4158,32.1145],[35.4143,32.1157],[35.4133,32.1179],[35.4127,32.1204],[35.4124,32.1234],[35.4123,32.1272],[35.4122,32.1306],[35.4122,32.1331],[35.4129,32.1396],[35.4152,32.1439],[35.4181,32.1475],[35.4215,32.1508],[35.4232,32.152],[35.4243,32.1527],[35.4253,32.1528],[35.4258,32.1529],[35.4265,32.1529],[35.4275,32.1527],[35.4284,32.152],[35.4305,32.1507],[35.4323,32.1499],[35.4334,32.1493],[35.4357,32.1484],[35.4366,32.1479],[35.4402,32.1473],[35.4459,32.1525],[35.4523,32.1575],[35.4542,32.1588],[35.4559,32.16],[35.4569,32.1604],[35.4587,32.1617],[35.4598,32.1621],[35.4609,32.1626],[35.4621,32.1626],[35.4629,32.1624],[35.4638,32.1619],[35.4646,32.1609],[35.4652,32.1584],[35.4665,32.1526],[35.4666,32.1505],[35.4671,32.1499],[35.4677,32.1494]]]]}},{"type":"Feature","properties":{"name":"שטח מחנה שומרון","remarks":""},"geometry":{"type":"MultiPolygon","coordinates":[[[[35.1817,32.2593],[35.1817,32.2589],[35.1821,32.259],[35.1829,32.2591],[35.1835,32.2592],[35.1839,32.2589],[35.1844,32.2587],[35.1849,32.2586],[35.1848,32.258],[35.1845,32.2579],[35.1843,32.2575],[35.1839,32.2574],[35.1829,32.2576],[35.1821,32.2577],[35.1812,32.2581],[35.1803,32.2584],[35.1796,32.259],[35.1796,32.2593],[35.1801,32.2597],[35.1806,32.2601],[35.1813,32.2601],[35.1817,32.2599],[35.1817,32.2593]]]]}},{"type":"Feature","properties":{"name":"914","remarks":""},"geometry":{"type":"MultiPolygon","coordinates":[[[[35.397,31.6327],[35.3398,31.6373],[35.3329,31.6223],[35.3224,31.6222],[35.3218,31.6243],[35.3217,31.6246],[35.3216,31.6248],[35.3216,31.625],[35.3215,31.6253],[35.3214,31.6255],[35.3214,31.6257],[35.3213,31.6259],[35.3213,31.6262],[35.3213,31.6264],[35.3212,31.6266],[35.3212,31.6269],[35.3212,31.6271],[35.3212,31.6274],[35.3211,31.6276],[35.3211,31.6278],[35.3211,31.6281],[35.3211,31.6283],[35.3212,31.6285],[35.3211,31.6287],[35.3212,31.6288],[35.3216,31.6356],[35.3216,31.6357],[35.3216,31.6358],[35.3216,31.636],[35.3216,31.6361],[35.3217,31.6363],[35.3217,31.6364],[35.3217,31.6366],[35.3217,31.6367],[35.3217,31.6369],[35.3218,31.637],[35.3218,31.6372],[35.3219,31.6373],[35.3219,31.6375],[35.3219,31.6376],[35.3223,31.6384],[35.3233,31.6402],[35.3209,31.643],[35.3183,31.6433],[35.3162,31.6438],[35.315,31.6445],[35.314,31.6452],[35.3128,31.6464],[35.312,31.6476],[35.3116,31.6489],[35.3114,31.6505],[35.3114,31.653],[35.3114,31.6545],[35.3115,31.6549],[35.3116,31.6557],[35.3117,31.6561],[35.312,31.6568],[35.3122,31.6572],[35.3125,31.6577],[35.3127,31.6579],[35.3138,31.6594],[35.3146,31.6603],[35.3154,31.6609],[35.3162,31.6616],[35.3171,31.6624],[35.3167,31.6628],[35.3158,31.6636],[35.3154,31.6639],[35.315,31.6643],[35.3147,31.6649],[35.3144,31.6652],[35.3142,31.6655],[35.314,31.6659],[35.3143,31.6661],[35.3139,31.6676],[35.3135,31.6694],[35.3138,31.6708],[35.3139,31.6711],[35.314,31.6714],[35.3152,31.6738],[35.3155,31.6741],[35.3159,31.6746],[35.3162,31.6751],[35.3167,31.6756],[35.3172,31.676],[35.3176,31.6763],[35.3183,31.6767],[35.3187,31.677],[35.3194,31.6772],[35.3206,31.6777],[35.3233,31.6785],[35.3237,31.6786],[35.3248,31.6789],[35.3251,31.679],[35.3267,31.6794],[35.3253,31.6816],[35.3251,31.6819],[35.3243,31.6834],[35.3241,31.6842],[35.324,31.6854],[35.3242,31.6864],[35.3243,31.6872],[35.3245,31.6881],[35.3213,31.6899],[35.3203,31.6903],[35.3199,31.6906],[35.3184,31.6914],[35.318,31.6918],[35.3177,31.6921],[35.3168,31.6928],[35.3161,31.6935],[35.3155,31.6943],[35.3154,31.6947],[35.315,31.6955],[35.3148,31.6964],[35.3147,31.6976],[35.3148,31.6987],[35.3152,31.6999],[35.3159,31.6987],[35.3167,31.6978],[35.3192,31.6956],[35.3216,31.6953],[35.3221,31.6952],[35.324,31.6952],[35.3242,31.695],[35.3251,31.6946],[35.3257,31.6939],[35.3262,31.6935],[35.3272,31.6925],[35.3279,31.692],[35.3299,31.6919],[35.33,31.692],[35.3316,31.6928],[35.3332,31.6945],[35.3343,31.696],[35.3343,31.6959],[35.3344,31.6933],[35.3344,31.689],[35.3349,31.6538],[35.3633,31.654],[35.3754,31.6568],[35.3807,31.658],[35.3979,31.6462],[35.3961,31.6442],[35.395,31.6426],[35.3945,31.6404],[35.3964,31.6371],[35.3969,31.6336],[35.397,31.6327]]]]}},{"type":"Feature","properties":{"name":"916","remarks":""},"geometry":{"type":"MultiPolygon","coordinates":[[[[35.3168,31.5201],[35.3142,31.509],[35.3138,31.5045],[35.313,31.5011],[35.3133,31.497],[35.3094,31.4803],[35.2826,31.4868],[35.2805,31.4868],[35.2786,31.4869],[35.2764,31.4873],[35.2774,31.4884],[35.2777,31.4887],[35.2789,31.4899],[35.2796,31.4904],[35.2803,31.4908],[35.2809,31.4918],[35.2814,31.4923],[35.2818,31.4927],[35.2823,31.4932],[35.2837,31.4941],[35.2842,31.4943],[35.2864,31.4967],[35.2876,31.4987],[35.2882,31.4993],[35.2903,31.5018],[35.2908,31.5023],[35.2937,31.5053],[35.2955,31.5073],[35.2966,31.5095],[35.2977,31.5119],[35.2989,31.5142],[35.2991,31.5148],[35.2994,31.515],[35.2997,31.5154],[35.3002,31.5158],[35.301,31.5164],[35.3015,31.5171],[35.3017,31.5178],[35.3041,31.5215],[35.3047,31.5225],[35.3055,31.5236],[35.3058,31.5241],[35.3062,31.5246],[35.3077,31.5264],[35.3082,31.5269],[35.3102,31.5286],[35.3106,31.529],[35.312,31.5299],[35.3137,31.5318],[35.3138,31.5341],[35.3139,31.5353],[35.3139,31.5353],[35.3138,31.5341],[35.314,31.534],[35.3143,31.5212],[35.3156,31.5209],[35.3168,31.5201]]]]}},{"type":"Feature","properties":{"name":"שטח אש 901","remarks":""},"geometry":{"type":"MultiPolygon","coordinates":[[[[35.4185,32.3257],[35.4192,32.3256],[35.4197,32.3257],[35.4205,32.3255],[35.4219,32.3255],[35.4235,32.3253],[35.4255,32.325],[35.4289,32.3247],[35.4304,32.3247],[35.4306,32.3247],[35.4307,32.3248],[35.4308,32.3248],[35.4309,32.3249],[35.431,32.3249],[35.4311,32.325],[35.4312,32.325],[35.4313,32.3251],[35.4314,32.3251],[35.4315,32.3252],[35.4316,32.3252],[35.4317,32.3253],[35.4318,32.3253],[35.4319,32.3254],[35.432,32.3254],[35.4321,32.3255],[35.4322,32.3255],[35.4323,32.3255],[35.4324,32.3256],[35.4325,32.3256],[35.4326,32.3256],[35.4327,32.3257],[35.4328,32.3257],[35.4329,32.3257],[35.433,32.3258],[35.4331,32.3258],[35.4332,32.3259],[35.4333,32.3259],[35.4334,32.326],[35.4335,32.326],[35.4336,32.326],[35.4337,32.326],[35.4338,32.3259],[35.4339,32.3259],[35.434,32.3259],[35.4341,32.3258],[35.4343,32.3258],[35.4344,32.3258],[35.4345,32.3257],[35.4346,32.3257],[35.4347,32.3257],[35.4348,32.3257],[35.4349,32.3257],[35.435,32.3256],[35.4351,32.3256],[35.4352,32.3255],[35.4353,32.3255],[35.4354,32.3254],[35.4355,32.3254],[35.4356,32.3253],[35.4357,32.3253],[35.4358,32.3252],[35.4359,32.3252],[35.4359,32.3251],[35.436,32.325],[35.4361,32.325],[35.4362,32.3249],[35.4363,32.3249],[35.4364,32.3248],[35.4365,32.3248],[35.4366,32.3247],[35.4367,32.3247],[35.4368,32.3246],[35.4369,32.3246],[35.4369,32.3245],[35.437,32.3244],[35.4371,32.3244],[35.4372,32.3243],[35.4373,32.3243],[35.4374,32.3242],[35.4375,32.3242],[35.4376,32.3241],[35.4377,32.324],[35.4378,32.324],[35.4378,32.3239],[35.4379,32.3239],[35.438,32.3238],[35.4381,32.3238],[35.4382,32.3237],[35.4383,32.3236],[35.4383,32.3235],[35.4384,32.3235],[35.4385,32.3234],[35.4386,32.3234],[35.4387,32.3233],[35.4388,32.3233],[35.4389,32.3233],[35.439,32.3232],[35.4391,32.3232],[35.4392,32.3232],[35.4393,32.3232],[35.4395,32.3231],[35.4396,32.3231],[35.4397,32.3231],[35.4398,32.3231],[35.4399,32.3231],[35.44,32.3231],[35.4401,32.3231],[35.4402,32.3231],[35.4403,32.3231],[35.4405,32.3231],[35.4406,32.3231],[35.4407,32.3231],[35.4408,32.3231],[35.4409,32.3232],[35.441,32.3232],[35.4411,32.3232],[35.4412,32.3233],[35.4413,32.3233],[35.4414,32.3234],[35.4415,32.3234],[35.4416,32.3234],[35.4417,32.3235],[35.4418,32.3235],[35.4419,32.3236],[35.442,32.3236],[35.4421,32.3237],[35.4422,32.3237],[35.4423,32.3238],[35.4424,32.3238],[35.4425,32.3239],[35.4426,32.3239],[35.4427,32.324],[35.4427,32.324],[35.4428,32.3241],[35.4429,32.3241],[35.443,32.3242],[35.4431,32.3242],[35.4432,32.3243],[35.4433,32.3243],[35.4434,32.3243],[35.4436,32.3244],[35.4437,32.3244],[35.4438,32.3244],[35.4439,32.3245],[35.444,32.3245],[35.4441,32.3245],[35.4442,32.3245],[35.4443,32.3245],[35.4444,32.3245],[35.4445,32.3245],[35.4447,32.3245],[35.4448,32.3245],[35.4449,32.3245],[35.445,32.3245],[35.4451,32.3245],[35.4452,32.3245],[35.4453,32.3244],[35.4454,32.3244],[35.4455,32.3244],[35.4457,32.3244],[35.4458,32.3244],[35.4459,32.3244],[35.446,32.3244],[35.4461,32.3244],[35.4462,32.3243],[35.4463,32.3243],[35.4464,32.3243],[35.4465,32.3243],[35.4467,32.3243],[35.4468,32.3243],[35.4469,32.3243],[35.447,32.3242],[35.4471,32.3242],[35.4472,32.3242],[35.4473,32.3242],[35.4496,32.3236],[35.4528,32.3234],[35.4592,32.3238],[35.4613,32.3242],[35.4645,32.3247],[35.4694,32.3258],[35.4713,32.3263],[35.4725,32.3265],[35.4736,32.3264],[35.4745,32.3262],[35.4751,32.3254],[35.4759,32.3252],[35.4773,32.3255],[35.4799,32.3268],[35.4826,32.328],[35.4846,32.3282],[35.4873,32.3279],[35.4899,32.3263],[35.4912,32.3257],[35.4924,32.3254],[35.4938,32.325],[35.4948,32.3249],[35.4972,32.325],[35.4989,32.3251],[35.4992,32.3249],[35.4961,32.3217],[35.4948,32.3194],[35.4945,32.3174],[35.4941,32.3156],[35.4925,32.3142],[35.4912,32.3116],[35.4912,32.3099],[35.4913,32.3074],[35.4915,32.3071],[35.4917,32.3066],[35.492,32.3052],[35.4921,32.304],[35.4917,32.3031],[35.4894,32.3009],[35.4882,32.2996],[35.4877,32.2986],[35.4873,32.2971],[35.4875,32.2954],[35.4882,32.2913],[35.4854,32.2846],[35.4849,32.2835],[35.4854,32.2834],[35.4858,32.2834],[35.4859,32.2834],[35.4859,32.2834],[35.4862,32.2834],[35.4865,32.2832],[35.4868,32.283],[35.4871,32.2828],[35.4874,32.2827],[35.4877,32.2825],[35.4878,32.2824],[35.4878,32.2824],[35.4877,32.2822],[35.4875,32.2821],[35.4873,32.2817],[35.4871,32.2813],[35.4869,32.2811],[35.4867,32.281],[35.4865,32.2809],[35.4865,32.2809],[35.4862,32.2808],[35.4861,32.2807],[35.4856,32.2806],[35.4856,32.2805],[35.4854,32.2804],[35.4853,32.2803],[35.4852,32.2803],[35.4851,32.2802],[35.485,32.28],[35.4849,32.2797],[35.4847,32.2794],[35.4846,32.2794],[35.4846,32.2793],[35.4843,32.279],[35.4842,32.279],[35.484,32.2788],[35.484,32.2787],[35.4837,32.2785],[35.4835,32.2715],[35.4833,32.2707],[35.4827,32.2701],[35.4805,32.2678],[35.4804,32.264],[35.4799,32.261],[35.4793,32.2567],[35.4786,32.255],[35.4776,32.2539],[35.476,32.2529],[35.4726,32.252],[35.4709,32.2526],[35.4691,32.2539],[35.4656,32.2575],[35.4634,32.2595],[35.4615,32.2613],[35.4595,32.2639],[35.4582,32.2657],[35.4565,32.2668],[35.4527,32.2697],[35.4473,32.2739],[35.4466,32.2744],[35.4455,32.2742],[35.4448,32.2739],[35.443,32.2749],[35.4366,32.2781],[35.4282,32.2813],[35.4203,32.2842],[35.4139,32.2871],[35.4143,32.2874],[35.4148,32.2885],[35.4139,32.289],[35.4126,32.2895],[35.4096,32.2908],[35.4053,32.2925],[35.4034,32.2934],[35.4016,32.2942],[35.3997,32.2956],[35.4003,32.2965],[35.4019,32.2987],[35.4027,32.3003],[35.4033,32.3017],[35.4034,32.3026],[35.4032,32.304],[35.4026,32.3051],[35.4006,32.3068],[35.3979,32.3092],[35.3967,32.3108],[35.3947,32.3127],[35.3911,32.317],[35.3911,32.3177],[35.3915,32.3184],[35.3938,32.3208],[35.3982,32.3244],[35.4053,32.3298],[35.4082,32.3314],[35.4111,32.3308],[35.4147,32.3308],[35.4164,32.3299],[35.4166,32.3293],[35.4161,32.3278],[35.4162,32.3274],[35.4165,32.327],[35.417,32.3265],[35.418,32.3259],[35.4185,32.3257]]]]}},{"type":"Feature","properties":{"name":"סגירת שטח ליד מחנה תקוע","remarks":""},"geometry":{"type":"MultiPolygon","coordinates":[[[[35.2319,31.6456],[35.2311,31.6455],[35.2304,31.6456],[35.2297,31.6459],[35.2292,31.6465],[35.2289,31.6472],[35.2289,31.6481],[35.2283,31.6483],[35.2286,31.6491],[35.2287,31.6496],[35.2288,31.6501],[35.23,31.6501],[35.2315,31.65],[35.2316,31.65],[35.2317,31.6498],[35.2319,31.6491],[35.2325,31.6484],[35.2329,31.6477],[35.2329,31.6471],[35.2328,31.6464],[35.2323,31.6459],[35.2319,31.6456]]]]}},{"type":"Feature","properties":{"name":"שטח סגור 203","remarks":""},"geometry":{"type":"MultiPolygon","coordinates":[[[[35.0307,32.0928],[35.0302,32.0904],[35.0302,32.0904],[35.0299,32.0885],[35.0298,32.087],[35.0291,32.0851],[35.0285,32.0837],[35.0278,32.0825],[35.0273,32.0811],[35.0263,32.0798],[35.0254,32.0783],[35.0244,32.0768],[35.0235,32.075],[35.0222,32.0732],[35.0211,32.0714],[35.0202,32.0702],[35.0195,32.0695],[35.019,32.0692],[35.0184,32.0692],[35.0175,32.0693],[35.0166,32.0696],[35.0158,32.0699],[35.0154,32.0699],[35.0151,32.0696],[35.0142,32.0688],[35.0143,32.068],[35.0142,32.0672],[35.0147,32.0662],[35.0156,32.0651],[35.0163,32.0645],[35.0173,32.0642],[35.0186,32.064],[35.0197,32.0639],[35.021,32.0635],[35.022,32.0625],[35.023,32.0613],[35.0242,32.0601],[35.0249,32.0594],[35.0266,32.0591],[35.0282,32.0589],[35.0295,32.0588],[35.0308,32.0585],[35.0322,32.0581],[35.0327,32.0579],[35.0331,32.0577],[35.0335,32.0574],[35.0338,32.0571],[35.0342,32.0568],[35.0345,32.0563],[35.0348,32.056],[35.0349,32.0556],[35.035,32.0555],[35.035,32.0553],[35.035,32.0552],[35.0351,32.0542],[35.0349,32.053],[35.0344,32.0515],[35.0336,32.0499],[35.0328,32.0487],[35.0323,32.0474],[35.0318,32.0458],[35.0312,32.0442],[35.0305,32.043],[35.0294,32.0422],[35.0279,32.0413],[35.0264,32.0406],[35.0251,32.0404],[35.0237,32.04],[35.022,32.0398],[35.0207,32.0399],[35.0196,32.0402],[35.0188,32.0407],[35.0178,32.0417],[35.0166,32.0425],[35.0156,32.043],[35.015,32.043],[35.0145,32.0424],[35.0137,32.0418],[35.0128,32.0411],[35.0119,32.0408],[35.0109,32.0408],[35.0098,32.0413],[35.0083,32.0424],[35.0075,32.0425],[35.007,32.0419],[35.0067,32.0414],[35.0066,32.0413],[35.0056,32.0416],[35.0055,32.0417],[35.0055,32.0417],[35.0055,32.0417],[35.0054,32.0417],[35.0054,32.0417],[35.0054,32.0417],[35.0054,32.0416],[35.0054,32.0416],[35.005,32.0414],[35.0046,32.0412],[35.0041,32.0414],[35.0039,32.0415],[35.0037,32.0416],[35.0033,32.0417],[35.0029,32.0418],[35.0025,32.0419],[35.002,32.0419],[34.9864,32.089],[34.9851,32.0889],[34.9841,32.089],[34.9836,32.0891],[34.9831,32.0896],[34.9829,32.0903],[34.9829,32.0911],[34.9832,32.0919],[34.9834,32.0925],[34.984,32.0934],[34.9848,32.0944],[34.9853,32.0951],[34.9856,32.096],[34.9856,32.0962],[34.9857,32.0962],[34.9869,32.0961],[34.9881,32.0961],[34.9894,32.0961],[34.9906,32.0961],[34.9918,32.0961],[34.9931,32.0961],[34.9933,32.097],[34.9939,32.0969],[34.9943,32.0967],[34.9951,32.0964],[34.9958,32.0961],[34.9966,32.0957],[34.997,32.0954],[34.9972,32.0952],[34.9972,32.0951],[34.9971,32.0948],[34.997,32.0946],[34.997,32.0941],[34.9972,32.0939],[34.9975,32.0939],[34.9978,32.0939],[34.9981,32.094],[34.9984,32.094],[34.9987,32.0939],[34.9994,32.0935],[35.0003,32.0931],[35.0003,32.0931],[35.0003,32.093],[35.0003,32.0929],[35.0001,32.0921],[35.0006,32.092],[35.0015,32.0919],[35.0021,32.0919],[35.003,32.0918],[35.0034,32.0917],[35.0034,32.0917],[35.0034,32.0917],[35.0034,32.0917],[35.004,32.0915],[35.004,32.0915],[35.0041,32.0915],[35.0042,32.0914],[35.0042,32.0914],[35.0042,32.0914],[35.0043,32.0914],[35.0062,32.0918],[35.0062,32.0918],[35.0061,32.0918],[35.0061,32.0918],[35.0061,32.0919],[35.006,32.0921],[35.006,32.0921],[35.006,32.0921],[35.0061,32.0936],[35.0063,32.0936],[35.0064,32.0936],[35.0065,32.0936],[35.0075,32.0937],[35.0085,32.0937],[35.0096,32.0938],[35.0106,32.0938],[35.0106,32.094],[35.0106,32.0943],[35.0109,32.0954],[35.0112,32.0967],[35.0112,32.0969],[35.0115,32.0975],[35.0116,32.0984],[35.0117,32.099],[35.0117,32.0997],[35.0116,32.1004],[35.0113,32.1013],[35.0109,32.1021],[35.0097,32.1031],[35.0082,32.1035],[35.0067,32.1039],[35.005,32.1044],[35.0042,32.1049],[35.0037,32.1054],[35.0037,32.1059],[35.0038,32.1059],[35.0038,32.1065],[35.0043,32.1067],[35.0053,32.107],[35.006,32.1072],[35.0083,32.1074],[35.0111,32.1077],[35.012,32.1078],[35.0131,32.1078],[35.0142,32.1078],[35.0148,32.1077],[35.0194,32.1071],[35.0204,32.1068],[35.0223,32.1063],[35.0244,32.1057],[35.026,32.1049],[35.0275,32.1044],[35.0288,32.1038],[35.0302,32.1031],[35.0311,32.1028],[35.0314,32.1017],[35.0315,32.1012],[35.0315,32.1006],[35.0315,32.099],[35.0316,32.0972],[35.0314,32.096],[35.031,32.0946],[35.0307,32.0928]]],[[[34.9971,31.9638],[34.9968,31.9636],[34.9969,31.9636],[34.9923,31.9583],[34.9907,31.9606],[34.9895,31.9631],[34.9895,31.9631],[34.9892,31.9634],[34.9971,31.9638]]],[[[35.017,32.0221],[35.0248,32.0161],[35.0272,32.0144],[35.0271,32.0143],[35.0269,32.0144],[35.0266,32.0145],[35.0261,32.0147],[35.0257,32.0145],[35.0256,32.0145],[35.0249,32.0142],[35.025,32.014],[35.0251,32.0138],[35.025,32.0136],[35.0249,32.0135],[35.0247,32.0131],[35.0244,32.0125],[35.0238,32.0126],[35.0237,32.0128],[35.0234,32.0129],[35.023,32.013],[35.0224,32.0131],[35.022,32.0131],[35.0222,32.0133],[35.0222,32.0135],[35.0223,32.0138],[35.0224,32.0141],[35.0225,32.0144],[35.0216,32.0147],[35.0213,32.015],[35.021,32.0152],[35.0207,32.0154],[35.0204,32.0157],[35.0203,32.0158],[35.0203,32.0161],[35.0203,32.0167],[35.0201,32.017],[35.0196,32.0171],[35.0194,32.017],[35.019,32.0167],[35.0189,32.0165],[35.0187,32.0162],[35.0186,32.0159],[35.0184,32.0158],[35.0181,32.0155],[35.0179,32.0155],[35.0176,32.0156],[35.0174,32.0158],[35.017,32.0152],[35.0169,32.0148],[35.0169,32.0143],[35.0171,32.0139],[35.0173,32.0136],[35.0174,32.0136],[35.0177,32.0133],[35.0181,32.0131],[35.0183,32.0129],[35.0186,32.0126],[35.0189,32.0124],[35.0189,32.0124],[35.0192,32.0122],[35.0195,32.012],[35.0195,32.012],[35.0199,32.0117],[35.0202,32.0114],[35.0205,32.0111],[35.0206,32.0108],[35.0208,32.0104],[35.0211,32.01],[35.0215,32.0099],[35.0218,32.0097],[35.0222,32.0095],[35.0224,32.0094],[35.0228,32.0093],[35.0234,32.0093],[35.0238,32.0093],[35.0242,32.0094],[35.0245,32.0095],[35.0246,32.0095],[35.0249,32.0096],[35.0251,32.0098],[35.0253,32.01],[35.0253,32.0103],[35.0254,32.0105],[35.0255,32.0106],[35.0257,32.0108],[35.0259,32.0109],[35.0262,32.0111],[35.0265,32.0112],[35.0267,32.0111],[35.0268,32.0111],[35.027,32.0111],[35.027,32.0111],[35.0272,32.011],[35.0274,32.0109],[35.0276,32.0109],[35.0278,32.0109],[35.028,32.0109],[35.0283,32.0109],[35.0285,32.011],[35.0288,32.0112],[35.0292,32.0113],[35.0296,32.0114],[35.0299,32.0115],[35.0302,32.0116],[35.0305,32.0117],[35.0309,32.0115],[35.0309,32.0115],[35.0311,32.0113],[35.0311,32.0109],[35.031,32.0106],[35.0311,32.0102],[35.0313,32.01],[35.0316,32.0098],[35.0316,32.0098],[35.0319,32.0098],[35.0322,32.0098],[35.0325,32.0099],[35.0325,32.0099],[35.0328,32.01],[35.0342,32.009],[35.0341,32.009],[35.034,32.009],[35.0336,32.009],[35.0332,32.0088],[35.0328,32.0086],[35.0323,32.0085],[35.0318,32.0084],[35.0318,32.0084],[35.0315,32.0082],[35.0313,32.0079],[35.0313,32.0075],[35.0314,32.0073],[35.0316,32.0071],[35.0319,32.0069],[35.0323,32.0069],[35.0325,32.0068],[35.033,32.0067],[35.0334,32.0066],[35.0339,32.0062],[35.0343,32.0059],[35.0345,32.0057],[35.035,32.0053],[35.035,32.0051],[35.035,32.0051],[35.0335,32.0054],[35.0329,32.0055],[35.0324,32.0056],[35.032,32.0056],[35.0316,32.0056],[35.0314,32.0055],[35.0311,32.0054],[35.0308,32.005],[35.031,32.0045],[35.0312,32.0041],[35.0315,32.0038],[35.0317,32.0035],[35.032,32.0032],[35.0327,32.003],[35.0331,32.0028],[35.0339,32.0025],[35.0342,32.0025],[35.0338,32.0014],[35.0334,32.0008],[35.033,32.0003],[35.0319,31.9999],[35.0305,31.9997],[35.0286,31.9998],[35.0264,31.9998],[35.0245,31.9987],[35.023,31.9977],[35.0212,31.9965],[35.0194,31.9954],[35.017,31.9947],[35.0153,31.9944],[35.0147,31.9944],[35.0135,31.9955],[35.0081,31.9979],[35.0073,31.9978],[35.0066,31.9973],[35.0052,31.9965],[35.0052,31.9965],[35.0053,31.9964],[35.0054,31.9962],[35.0055,31.9961],[35.0056,31.9959],[35.0057,31.9957],[35.0057,31.9956],[35.0058,31.9955],[35.0058,31.9954],[35.0058,31.9953],[35.0058,31.9953],[35.0058,31.9951],[35.0057,31.995],[35.0056,31.9949],[35.0055,31.9948],[35.0054,31.9948],[35.0053,31.9947],[35.0051,31.9947],[35.005,31.9947],[35.0048,31.9946],[35.0045,31.9945],[35.0042,31.9945],[35.004,31.9944],[35.0038,31.9944],[35.0038,31.9944],[35.0034,31.994],[35.0022,31.9924],[35.002,31.992],[35.0021,31.9922],[35.0022,31.9917],[35.0022,31.9915],[35.0023,31.9911],[35.0023,31.9908],[35.0022,31.9904],[35.0023,31.9903],[35.0022,31.9902],[35.0022,31.9899],[35.0021,31.9899],[35.0021,31.9897],[35.0021,31.9896],[35.002,31.9895],[35.0019,31.9893],[35.0018,31.989],[35.0015,31.9885],[35.0012,31.988],[35.001,31.9876],[35.0006,31.987],[35.0002,31.9863],[35.0,31.9858],[34.9998,31.9855],[34.9998,31.9853],[34.9996,31.9851],[34.9992,31.9844],[34.999,31.984],[34.9987,31.9836],[34.9984,31.9832],[34.9983,31.9829],[34.9981,31.9827],[34.9979,31.9826],[34.9977,31.9825],[34.9975,31.9824],[34.9973,31.9824],[34.997,31.9824],[34.9967,31.9824],[34.9967,31.9824],[34.997,31.9836],[34.9974,31.985],[34.9978,31.9871],[34.9981,31.9886],[34.9981,31.9886],[34.9975,31.9892],[34.9981,31.9901],[34.9985,31.9909],[34.9986,31.9913],[34.9989,31.992],[34.999,31.9926],[34.9992,31.9935],[34.9992,31.9938],[34.9993,31.9949],[34.9993,31.9952],[34.9993,31.9955],[34.9994,31.996],[34.9994,31.9963],[34.9994,31.9966],[34.9992,31.9976],[34.9987,31.9999],[34.9988,32.0015],[34.9987,32.0039],[34.9987,32.0074],[34.9988,32.0111],[34.9987,32.013],[34.9986,32.0144],[34.9988,32.0159],[34.9989,32.0161],[34.999,32.0164],[34.9994,32.0174],[35.0003,32.0182],[35.0015,32.0182],[35.0025,32.0186],[35.0035,32.019],[35.0044,32.0197],[35.005,32.0204],[35.0054,32.0213],[35.0054,32.0219],[35.0049,32.0248],[35.0071,32.0249],[35.0115,32.0251],[35.0126,32.0248],[35.0141,32.0241],[35.0157,32.0231],[35.0162,32.0227],[35.017,32.0221]],[[35.0282,32.0044],[35.0286,32.0044],[35.0291,32.0044],[35.0294,32.0044],[35.0297,32.0042],[35.0299,32.0041],[35.03,32.004],[35.0302,32.0039],[35.0304,32.0037],[35.0306,32.0038],[35.0307,32.0038],[35.0308,32.0038],[35.0309,32.0039],[35.0308,32.0041],[35.0306,32.0044],[35.0305,32.0046],[35.0304,32.0048],[35.0303,32.005],[35.03,32.0053],[35.0298,32.0056],[35.0296,32.0057],[35.0292,32.0059],[35.0288,32.006],[35.0287,32.006],[35.0285,32.006],[35.0281,32.006],[35.028,32.0059],[35.0275,32.0058],[35.0272,32.0056],[35.0272,32.0054],[35.0271,32.0052],[35.0272,32.005],[35.0274,32.0047],[35.0276,32.0046],[35.0279,32.0045],[35.0282,32.0044]]]]}},{"type":"Feature","properties":{"name":"הרחבת שטח אימונים מס'929 של מ","remarks":""},"geometry":{"type":"MultiPolygon","coordinates":[[[[35.0426,31.4795],[35.0428,31.4793],[35.0434,31.4788],[35.0439,31.4787],[35.0447,31.4794],[35.0448,31.4794],[35.0445,31.4785],[35.044,31.4774],[35.0434,31.4769],[35.0428,31.4764],[35.0422,31.476],[35.0418,31.477],[35.0413,31.4779],[35.0408,31.4786],[35.0406,31.4787],[35.0398,31.4786],[35.039,31.4786],[35.0388,31.4788],[35.0386,31.4789],[35.038,31.4799],[35.0375,31.4809],[35.0376,31.4811],[35.0383,31.4815],[35.0389,31.4817],[35.0385,31.48],[35.0385,31.4799],[35.0392,31.4804],[35.0395,31.48],[35.0398,31.4799],[35.0402,31.4797],[35.0407,31.4801],[35.0412,31.4803],[35.0414,31.4799],[35.042,31.4795],[35.0424,31.4789],[35.0429,31.4788],[35.0429,31.4788],[35.0426,31.4794],[35.0426,31.4795]]]]}},{"type":"Feature","properties":{"name":"שטח 929 דר' לאדוריים","remarks":""},"geometry":{"type":"MultiPolygon","coordinates":[[[[35.0448,31.4801],[35.0449,31.4797],[35.0447,31.4794],[35.0439,31.4787],[35.0434,31.4788],[35.0428,31.4793],[35.0426,31.4795],[35.0429,31.4796],[35.043,31.4796],[35.0436,31.4798],[35.0437,31.48],[35.0445,31.4801],[35.0448,31.4801]]]]}},{"type":"Feature","properties":{"name":"ש.א. 900","remarks":""},"geometry":{"type":"MultiPolygon","coordinates":[[[[35.503,32.3652],[35.5024,32.3648],[35.5022,32.3647],[35.5022,32.3642],[35.5029,32.3635],[35.5022,32.3634],[35.501,32.3613],[35.5047,32.3575],[35.5057,32.3572],[35.5074,32.3582],[35.5103,32.36],[35.5103,32.36],[35.5103,32.36],[35.5103,32.3599],[35.5105,32.3587],[35.5105,32.3575],[35.5105,32.3569],[35.5106,32.3555],[35.5108,32.354],[35.5108,32.3525],[35.5106,32.3512],[35.5106,32.3495],[35.5104,32.3481],[35.5104,32.347],[35.5104,32.344],[35.5104,32.3434],[35.5104,32.3429],[35.5102,32.3419],[35.5099,32.3407],[35.5097,32.3396],[35.5091,32.3374],[35.5085,32.3362],[35.5083,32.335],[35.5081,32.3341],[35.5079,32.3331],[35.5079,32.3315],[35.5078,32.3308],[35.5073,32.3297],[35.5067,32.329],[35.5062,32.3287],[35.5055,32.3284],[35.5044,32.3282],[35.5027,32.328],[35.5007,32.3279],[35.4988,32.328],[35.4972,32.3281],[35.4961,32.3283],[35.495,32.3289],[35.4938,32.3296],[35.4923,32.3306],[35.4909,32.3313],[35.4896,32.3317],[35.4883,32.332],[35.4873,32.3322],[35.4859,32.3322],[35.484,32.332],[35.4827,32.3317],[35.4817,32.3317],[35.4807,32.3317],[35.4798,32.3317],[35.4779,32.3317],[35.4762,32.3318],[35.4745,32.332],[35.4732,32.332],[35.4719,32.332],[35.471,32.3318],[35.4699,32.3314],[35.4688,32.3308],[35.468,32.3303],[35.4673,32.3298],[35.4669,32.3295],[35.466,32.3294],[35.4652,32.3295],[35.4635,32.3301],[35.4625,32.3305],[35.4614,32.3306],[35.4603,32.3305],[35.4594,32.3302],[35.4584,32.3297],[35.4575,32.3291],[35.4566,32.3284],[35.4555,32.328],[35.454,32.3276],[35.4529,32.3274],[35.4514,32.3273],[35.4505,32.3272],[35.4488,32.3272],[35.4475,32.3273],[35.4464,32.3274],[35.4452,32.3275],[35.444,32.3279],[35.4427,32.3285],[35.4409,32.3295],[35.44,32.3301],[35.4388,32.3307],[35.4379,32.3309],[35.4366,32.3309],[35.436,32.3309],[35.4342,32.3308],[35.4333,32.3305],[35.4323,32.3299],[35.4311,32.3293],[35.4303,32.329],[35.4295,32.329],[35.4285,32.329],[35.4276,32.3295],[35.4263,32.33],[35.4254,32.3303],[35.4246,32.3303],[35.4239,32.3305],[35.4233,32.331],[35.4228,32.3315],[35.4218,32.3318],[35.4208,32.3321],[35.4198,32.3324],[35.419,32.3326],[35.4176,32.3336],[35.4167,32.3343],[35.4154,32.3354],[35.4145,32.336],[35.4129,32.3369],[35.4117,32.3378],[35.4107,32.3387],[35.409,32.3403],[35.408,32.3416],[35.4072,32.3425],[35.4076,32.3441],[35.407,32.3464],[35.4064,32.347],[35.4073,32.3475],[35.408,32.3477],[35.4083,32.3485],[35.4087,32.3493],[35.4088,32.3496],[35.4097,32.3495],[35.4105,32.3499],[35.4105,32.3505],[35.4109,32.3508],[35.4114,32.3506],[35.412,32.3508],[35.413,32.3516],[35.4118,32.3523],[35.4105,32.3534],[35.4095,32.3538],[35.407,32.3542],[35.4065,32.3544],[35.405,32.3546],[35.4042,32.3546],[35.4038,32.3547],[35.4033,32.3549],[35.4026,32.3549],[35.4019,32.355],[35.4016,32.3553],[35.4011,32.3557],[35.4004,32.3557],[35.3998,32.3557],[35.399,32.3556],[35.3982,32.3562],[35.3978,32.357],[35.3974,32.358],[35.3972,32.3587],[35.3975,32.3594],[35.3981,32.3602],[35.4005,32.3627],[35.4014,32.3638],[35.4022,32.3648],[35.4028,32.3658],[35.4033,32.367],[35.404,32.3689],[35.4048,32.3701],[35.4051,32.3707],[35.4063,32.3727],[35.407,32.374],[35.4075,32.3752],[35.4081,32.3762],[35.4084,32.3773],[35.4086,32.3777],[35.4059,32.3791],[35.405,32.3795],[35.404,32.3799],[35.4029,32.3802],[35.4017,32.3807],[35.4009,32.3811],[35.3997,32.3817],[35.398,32.3829],[35.3963,32.3841],[35.3945,32.3853],[35.393,32.3863],[35.3916,32.3875],[35.3893,32.3892],[35.3876,32.3904],[35.3866,32.3912],[35.3859,32.3918],[35.3857,32.3923],[35.3865,32.3928],[35.3871,32.3933],[35.3877,32.3941],[35.3882,32.3948],[35.3889,32.3954],[35.3907,32.3971],[35.3919,32.3981],[35.3931,32.3993],[35.3965,32.402],[35.3994,32.4047],[35.4025,32.4075],[35.4042,32.4092],[35.4053,32.4101],[35.4091,32.4133],[35.4105,32.4144],[35.4119,32.4155],[35.4127,32.4163],[35.4137,32.4171],[35.4149,32.4182],[35.4155,32.4184],[35.4164,32.4174],[35.4176,32.4166],[35.4188,32.4157],[35.42,32.415],[35.4218,32.4141],[35.423,32.4135],[35.4236,32.4133],[35.4241,32.4129],[35.4305,32.4091],[35.4363,32.4067],[35.4371,32.4063],[35.4403,32.4058],[35.443,32.4071],[35.4442,32.4084],[35.4449,32.4114],[35.4505,32.4118],[35.4533,32.4128],[35.4536,32.4123],[35.4548,32.4101],[35.4557,32.4088],[35.4566,32.4077],[35.4571,32.407],[35.4576,32.4061],[35.4582,32.4051],[35.4593,32.4038],[35.4599,32.4028],[35.4609,32.401],[35.4624,32.3987],[35.4637,32.397],[35.4647,32.3959],[35.4661,32.3944],[35.4671,32.3936],[35.4682,32.3921],[35.4696,32.3902],[35.4709,32.3886],[35.4724,32.3866],[35.4733,32.3853],[35.4742,32.3842],[35.4743,32.3839],[35.4747,32.3836],[35.4755,32.3826],[35.4769,32.381],[35.4782,32.3794],[35.4802,32.3773],[35.4817,32.3757],[35.483,32.3744],[35.4842,32.3732],[35.4855,32.372],[35.4867,32.3712],[35.4885,32.3704],[35.4905,32.3695],[35.4933,32.3686],[35.4957,32.3679],[35.4971,32.3674],[35.5008,32.366],[35.503,32.3652]]]]}},{"type":"Feature","properties":{"name":"ש.א. 902","remarks":""},"geometry":{"type":"MultiPolygon","coordinates":[[[[35.5003,32.3049],[35.5089,32.3053],[35.5174,32.3118],[35.5182,32.3124],[35.512,32.3188],[35.5134,32.3199],[35.515,32.3211],[35.516,32.322],[35.517,32.323],[35.5181,32.3239],[35.5196,32.3245],[35.5217,32.3252],[35.5238,32.326],[35.5253,32.3266],[35.5264,32.3273],[35.5276,32.3282],[35.5288,32.3293],[35.5302,32.3304],[35.5316,32.3315],[35.5325,32.3321],[35.5339,32.3329],[35.5351,32.333],[35.5361,32.3328],[35.5365,32.332],[35.5364,32.3305],[35.5363,32.3273],[35.5363,32.3258],[35.5362,32.3242],[35.536,32.3213],[35.5359,32.3197],[35.5358,32.3184],[35.5357,32.3175],[35.5353,32.3168],[35.5342,32.3157],[35.5331,32.3148],[35.5318,32.3138],[35.5303,32.3124],[35.5297,32.3118],[35.5286,32.3108],[35.527,32.3093],[35.5247,32.3071],[35.523,32.3052],[35.5212,32.3033],[35.5197,32.3019],[35.519,32.3012],[35.5183,32.3005],[35.5172,32.2995],[35.5167,32.2988],[35.5158,32.2978],[35.5147,32.2971],[35.5138,32.2964],[35.5124,32.2955],[35.5113,32.2948],[35.5103,32.2941],[35.5094,32.2934],[35.5088,32.2927],[35.5081,32.2919],[35.5079,32.2911],[35.5077,32.2899],[35.5076,32.2889],[35.508,32.2877],[35.5087,32.2867],[35.5093,32.2857],[35.5097,32.2847],[35.5098,32.284],[35.5097,32.2824],[35.5096,32.2812],[35.5096,32.2795],[35.5093,32.2791],[35.5081,32.279],[35.506,32.2789],[35.5032,32.2788],[35.502,32.2786],[35.5008,32.2786],[35.5001,32.2787],[35.4982,32.2806],[35.4967,32.2824],[35.4955,32.2836],[35.4945,32.2845],[35.4941,32.2849],[35.4931,32.2858],[35.4923,32.2869],[35.4921,32.2877],[35.4924,32.2888],[35.4929,32.2898],[35.4944,32.2917],[35.4951,32.2927],[35.4959,32.2937],[35.4962,32.2945],[35.4959,32.2953],[35.4952,32.296],[35.4945,32.2971],[35.4941,32.2982],[35.4941,32.2991],[35.4947,32.2999],[35.4958,32.3009],[35.4968,32.3016],[35.4979,32.3022],[35.4988,32.3023],[35.4994,32.3027],[35.5002,32.3038],[35.5003,32.3048],[35.5003,32.3049]]]]}},{"type":"Feature","properties":{"name":"ש.א. א904","remarks":""},"geometry":{"type":"MultiPolygon","coordinates":[[[[35.3659,32.1563],[35.3658,32.1563],[35.3657,32.1563],[35.366,32.157],[35.3663,32.1574],[35.3664,32.1577],[35.3673,32.1593],[35.3678,32.1606],[35.3685,32.1618],[35.3691,32.1629],[35.3695,32.1638],[35.3701,32.1647],[35.3712,32.1671],[35.3714,32.1675],[35.372,32.1671],[35.3738,32.1653],[35.3744,32.1652],[35.3749,32.1642],[35.3755,32.1632],[35.3761,32.1623],[35.3766,32.1619],[35.3787,32.1618],[35.3792,32.1609],[35.3797,32.1594],[35.3804,32.1585],[35.3812,32.1582],[35.3817,32.1583],[35.3828,32.1586],[35.3839,32.1595],[35.3841,32.1605],[35.3836,32.1625],[35.3835,32.164],[35.3838,32.1648],[35.385,32.1657],[35.3858,32.1666],[35.3861,32.1679],[35.3862,32.169],[35.3862,32.1699],[35.3853,32.171],[35.3848,32.1727],[35.3856,32.1744],[35.3865,32.1753],[35.3874,32.1769],[35.3876,32.1785],[35.3874,32.1796],[35.3868,32.1806],[35.3866,32.1809],[35.3858,32.182],[35.3855,32.1833],[35.3842,32.1839],[35.3836,32.1845],[35.3829,32.1848],[35.3819,32.1857],[35.3817,32.1869],[35.3816,32.187],[35.3818,32.187],[35.3839,32.1874],[35.3857,32.1878],[35.3873,32.1893],[35.3873,32.1904],[35.3871,32.1917],[35.3862,32.1924],[35.3844,32.1938],[35.3836,32.1949],[35.3835,32.1961],[35.3847,32.1977],[35.3852,32.1986],[35.3858,32.1994],[35.3862,32.1999],[35.3875,32.2017],[35.3885,32.2028],[35.3892,32.2035],[35.3907,32.2051],[35.392,32.2063],[35.3933,32.2075],[35.3935,32.2077],[35.3949,32.2075],[35.3956,32.2078],[35.3964,32.2086],[35.3968,32.2094],[35.3971,32.2099],[35.3976,32.2105],[35.3991,32.2109],[35.4007,32.2116],[35.4014,32.2118],[35.4027,32.2124],[35.4038,32.2129],[35.4046,32.2133],[35.4053,32.2137],[35.4057,32.2136],[35.4062,32.2135],[35.407,32.2139],[35.4088,32.2142],[35.4093,32.2142],[35.4097,32.2142],[35.4108,32.214],[35.4115,32.2139],[35.4117,32.2136],[35.4126,32.2123],[35.4135,32.211],[35.4143,32.2098],[35.4154,32.2081],[35.4162,32.2068],[35.4174,32.2057],[35.4184,32.2045],[35.4186,32.2041],[35.4203,32.2014],[35.4212,32.2],[35.4216,32.1987],[35.422,32.1977],[35.4223,32.1969],[35.4225,32.196],[35.4228,32.1948],[35.4228,32.194],[35.4229,32.1933],[35.4232,32.1924],[35.4241,32.1914],[35.4248,32.1905],[35.4257,32.1895],[35.4263,32.1884],[35.4266,32.1877],[35.4265,32.1867],[35.4264,32.1857],[35.4262,32.1847],[35.426,32.1835],[35.4258,32.1827],[35.4257,32.1819],[35.4255,32.181],[35.4255,32.1801],[35.4254,32.1792],[35.4255,32.1783],[35.4257,32.1775],[35.4261,32.1769],[35.4269,32.1759],[35.4277,32.1749],[35.4283,32.1743],[35.4289,32.1738],[35.4294,32.1731],[35.4295,32.1725],[35.4293,32.1719],[35.429,32.1714],[35.4283,32.1711],[35.4274,32.1708],[35.4263,32.1707],[35.4246,32.1704],[35.4232,32.1705],[35.4217,32.1705],[35.4198,32.1705],[35.4187,32.1703],[35.4176,32.1701],[35.4168,32.1698],[35.4157,32.1693],[35.4147,32.1687],[35.4139,32.1679],[35.4133,32.1672],[35.4127,32.1661],[35.4122,32.1652],[35.4116,32.1642],[35.4114,32.1637],[35.4111,32.163],[35.4106,32.1618],[35.4103,32.1608],[35.41,32.1597],[35.41,32.1587],[35.4097,32.1578],[35.4096,32.1569],[35.4095,32.1561],[35.4095,32.155],[35.4095,32.1539],[35.4095,32.1521],[35.4095,32.1511],[35.4095,32.1495],[35.4096,32.1477],[35.4095,32.1467],[35.4093,32.1457],[35.4091,32.1454],[35.4083,32.145],[35.4071,32.1445],[35.4059,32.1438],[35.4051,32.1434],[35.4044,32.1429],[35.404,32.1424],[35.4037,32.142],[35.4036,32.1415],[35.4035,32.1403],[35.4036,32.1389],[35.4037,32.1379],[35.4036,32.1367],[35.4037,32.1357],[35.4038,32.1346],[35.4038,32.1334],[35.4038,32.1324],[35.404,32.1314],[35.4042,32.1301],[35.4043,32.1291],[35.4044,32.1283],[35.4044,32.1273],[35.4044,32.1262],[35.4047,32.1254],[35.4048,32.1244],[35.4047,32.1235],[35.4046,32.1223],[35.4045,32.1209],[35.4044,32.12],[35.4044,32.119],[35.4043,32.1175],[35.4043,32.1167],[35.4045,32.1161],[35.4047,32.1154],[35.4046,32.1149],[35.4043,32.1138],[35.404,32.1131],[35.4039,32.1126],[35.4036,32.112],[35.4036,32.1112],[35.4035,32.1106],[35.4033,32.1101],[35.4027,32.1099],[35.4007,32.1099],[35.3997,32.1098],[35.3985,32.1096],[35.3969,32.1093],[35.3955,32.109],[35.3943,32.1086],[35.3935,32.1084],[35.3921,32.108],[35.3908,32.1075],[35.3896,32.107],[35.3887,32.1065],[35.3876,32.1059],[35.3869,32.1054],[35.3863,32.1049],[35.3854,32.1042],[35.3844,32.1035],[35.3833,32.1027],[35.382,32.1015],[35.381,32.1005],[35.38,32.0995],[35.379,32.0985],[35.3781,32.0973],[35.3775,32.0965],[35.3769,32.0957],[35.3764,32.0952],[35.376,32.0947],[35.3755,32.0941],[35.3749,32.0935],[35.3743,32.0935],[35.3739,32.0943],[35.3732,32.0956],[35.3723,32.0971],[35.3716,32.098],[35.3709,32.0992],[35.3703,32.1007],[35.3697,32.1018],[35.3689,32.1031],[35.3669,32.1059],[35.3661,32.1068],[35.3653,32.1077],[35.3646,32.1088],[35.3637,32.1101],[35.3628,32.1115],[35.3623,32.1125],[35.3615,32.1138],[35.3612,32.1143],[35.3616,32.1149],[35.3618,32.1153],[35.3628,32.1146],[35.3637,32.1142],[35.3646,32.1141],[35.3652,32.1147],[35.3656,32.1156],[35.3657,32.117],[35.3657,32.118],[35.3658,32.1193],[35.366,32.1203],[35.3662,32.1219],[35.3662,32.1226],[35.3664,32.1238],[35.367,32.1248],[35.3673,32.127],[35.3676,32.1284],[35.3683,32.13],[35.3686,32.1317],[35.3685,32.1331],[35.3682,32.1345],[35.3687,32.1349],[35.3684,32.1354],[35.368,32.1357],[35.3675,32.136],[35.3666,32.1363],[35.3663,32.1365],[35.366,32.1367],[35.3652,32.1374],[35.3649,32.1376],[35.365,32.1385],[35.3649,32.1397],[35.3648,32.1407],[35.3646,32.1414],[35.3646,32.1421],[35.3645,32.1428],[35.3645,32.1436],[35.3644,32.1452],[35.3645,32.1463],[35.3645,32.1467],[35.3645,32.1467],[35.3645,32.1467],[35.3646,32.1467],[35.3646,32.1467],[35.3648,32.1467],[35.3648,32.1467],[35.3649,32.1466],[35.365,32.1466],[35.365,32.1466],[35.365,32.1466],[35.3651,32.1466],[35.3652,32.1466],[35.3653,32.1466],[35.3653,32.1466],[35.3654,32.1466],[35.3655,32.1466],[35.3655,32.1466],[35.3656,32.1466],[35.3656,32.1466],[35.3656,32.1466],[35.3657,32.1465],[35.3657,32.1465],[35.3657,32.1465],[35.3657,32.1465],[35.3658,32.1466],[35.3659,32.1465],[35.366,32.1465],[35.366,32.1465],[35.366,32.1464],[35.3661,32.1464],[35.3661,32.1464],[35.3661,32.1464],[35.3661,32.1464],[35.3662,32.1463],[35.3663,32.1463],[35.3665,32.1463],[35.3665,32.1463],[35.3666,32.1463],[35.3667,32.1463],[35.3668,32.1463],[35.3668,32.1463],[35.3669,32.1463],[35.3669,32.1463],[35.367,32.1464],[35.367,32.1464],[35.3686,32.1465],[35.3688,32.1465],[35.3688,32.1465],[35.3689,32.1465],[35.369,32.1466],[35.369,32.1466],[35.369,32.1467],[35.3691,32.1468],[35.3692,32.1469],[35.3691,32.147],[35.3691,32.1471],[35.3692,32.1473],[35.3692,32.1475],[35.3692,32.1477],[35.3692,32.1478],[35.3693,32.148],[35.3693,32.1481],[35.3694,32.1483],[35.3695,32.1485],[35.3698,32.1491],[35.3699,32.1493],[35.37,32.1497],[35.37,32.1498],[35.3701,32.1502],[35.3701,32.1503],[35.3701,32.1504],[35.37,32.1504],[35.37,32.1507],[35.3701,32.1509],[35.3703,32.1512],[35.3703,32.1512],[35.3703,32.1512],[35.3702,32.1512],[35.3704,32.1514],[35.3704,32.1514],[35.3709,32.1518],[35.3709,32.1519],[35.371,32.1521],[35.3712,32.1522],[35.3712,32.1523],[35.3712,32.1524],[35.3714,32.1525],[35.3715,32.1526],[35.3715,32.1527],[35.3714,32.1528],[35.3714,32.1528],[35.3714,32.1529],[35.3714,32.1529],[35.3714,32.153],[35.3714,32.1531],[35.3713,32.1532],[35.3713,32.1532],[35.3713,32.1533],[35.3714,32.1534],[35.3714,32.1534],[35.3715,32.1534],[35.3716,32.1535],[35.3717,32.1535],[35.3717,32.1535],[35.3717,32.1535],[35.3717,32.1536],[35.3717,32.1537],[35.3717,32.1537],[35.3717,32.1537],[35.3717,32.1538],[35.3718,32.1539],[35.3718,32.1539],[35.3718,32.154],[35.3718,32.1541],[35.3718,32.1541],[35.3719,32.1544],[35.3721,32.1545],[35.3723,32.1547],[35.3724,32.1549],[35.3724,32.1549],[35.3724,32.1549],[35.3725,32.1549],[35.3725,32.155],[35.3725,32.155],[35.3726,32.1552],[35.3727,32.1553],[35.3729,32.1553],[35.373,32.1553],[35.3729,32.1553],[35.3729,32.1553],[35.373,32.1554],[35.373,32.1554],[35.3731,32.1554],[35.3731,32.1554],[35.3731,32.1554],[35.3731,32.1553],[35.3731,32.1553],[35.3731,32.1553],[35.3732,32.1553],[35.3732,32.1553],[35.3733,32.1553],[35.3733,32.1553],[35.3733,32.1553],[35.3733,32.1553],[35.3734,32.1554],[35.3734,32.1554],[35.3734,32.1554],[35.3734,32.1554],[35.3734,32.1555],[35.3734,32.1555],[35.3734,32.1556],[35.3734,32.1556],[35.3733,32.1557],[35.3731,32.1558],[35.3731,32.1558],[35.373,32.1558],[35.373,32.1558],[35.373,32.1559],[35.3729,32.1559],[35.3729,32.1559],[35.3728,32.156],[35.3728,32.156],[35.3728,32.156],[35.3728,32.1561],[35.3728,32.1561],[35.3728,32.1561],[35.3728,32.1561],[35.3728,32.1561],[35.3728,32.1562],[35.3728,32.1562],[35.3729,32.1561],[35.3729,32.1562],[35.3729,32.1562],[35.3729,32.1563],[35.3729,32.1563],[35.3729,32.1564],[35.3728,32.1565],[35.3728,32.1565],[35.3726,32.1565],[35.3724,32.1565],[35.3724,32.1566],[35.3723,32.1566],[35.3723,32.1566],[35.3723,32.1565],[35.3722,32.1565],[35.3721,32.1563],[35.3719,32.1563],[35.3718,32.1563],[35.3718,32.1563],[35.3718,32.1564],[35.3717,32.1565],[35.3717,32.1565],[35.3717,32.1566],[35.3716,32.1566],[35.3715,32.1566],[35.3713,32.1566],[35.3712,32.1567],[35.3711,32.1567],[35.3711,32.1567],[35.3709,32.1567],[35.3708,32.1567],[35.3707,32.1566],[35.3707,32.1566],[35.3706,32.1566],[35.3705,32.1566],[35.3705,32.1566],[35.3705,32.1566],[35.3704,32.1566],[35.3703,32.1565],[35.3701,32.1565],[35.3701,32.1565],[35.37,32.1565],[35.3699,32.1565],[35.3698,32.1565],[35.3697,32.1563],[35.3695,32.1563],[35.3693,32.1562],[35.3692,32.1562],[35.369,32.1561],[35.3688,32.1561],[35.3685,32.1561],[35.3682,32.1562],[35.3682,32.1562],[35.3681,32.1562],[35.368,32.1563],[35.368,32.1564],[35.3679,32.1564],[35.3678,32.1564],[35.3676,32.1565],[35.3678,32.1565],[35.3676,32.1566],[35.3675,32.1566],[35.3673,32.1566],[35.3672,32.1566],[35.3672,32.1566],[35.367,32.1566],[35.367,32.1566],[35.367,32.1566],[35.3669,32.1566],[35.3669,32.1566],[35.3667,32.1566],[35.3667,32.1566],[35.3666,32.1565],[35.3666,32.1565],[35.3666,32.1566],[35.3665,32.1565],[35.3665,32.1565],[35.3665,32.1565],[35.3664,32.1565],[35.3662,32.1565],[35.3661,32.1564],[35.3661,32.1564],[35.366,32.1563],[35.3659,32.1563],[35.3659,32.1563]]]]}},{"type":"Feature","properties":{"name":"912 א","remarks":""},"geometry":{"type":"MultiPolygon","coordinates":[[[[35.4099,31.795],[35.4099,31.795],[35.4096,31.7944],[35.4077,31.7905],[35.4074,31.7898],[35.404,31.7825],[35.4009,31.7779],[35.398,31.7743],[35.3965,31.7711],[35.3954,31.769],[35.3941,31.7663],[35.393,31.7648],[35.3923,31.762],[35.3914,31.761],[35.3903,31.7589],[35.3899,31.7572],[35.3887,31.7551],[35.3861,31.7527],[35.3849,31.7505],[35.3812,31.7466],[35.3862,31.7445],[35.3888,31.7243],[35.389,31.7196],[35.3903,31.7165],[35.3903,31.7136],[35.3917,31.7111],[35.3933,31.7061],[35.3943,31.7019],[35.3961,31.6952],[35.391,31.6938],[35.397,31.6823],[35.3822,31.671],[35.3819,31.6583],[35.3807,31.658],[35.3633,31.654],[35.3349,31.6538],[35.3344,31.689],[35.3344,31.6933],[35.3343,31.6959],[35.3343,31.696],[35.3347,31.6966],[35.3373,31.7013],[35.3397,31.7067],[35.3397,31.7098],[35.3392,31.713],[35.3385,31.7158],[35.3377,31.7191],[35.3363,31.7225],[35.3351,31.7248],[35.3344,31.7257],[35.3344,31.7257],[35.3376,31.7257],[35.356,31.7255],[35.3629,31.7545],[35.3649,31.7576],[35.3673,31.7618],[35.3695,31.7655],[35.371,31.7687],[35.3737,31.7717],[35.377,31.7769],[35.3792,31.7806],[35.3823,31.7852],[35.3868,31.7897],[35.3889,31.7928],[35.3912,31.797],[35.3937,31.8018],[35.3938,31.802],[35.3949,31.8041],[35.3953,31.8037],[35.3973,31.8013],[35.3993,31.7993],[35.4002,31.7987],[35.4014,31.7987],[35.4029,31.7988],[35.4037,31.7981],[35.405,31.7967],[35.4079,31.7958],[35.4085,31.7956],[35.4099,31.795]]]]}},{"type":"Feature","properties":{"name":"ש.א. 903","remarks":""},"geometry":{"type":"MultiPolygon","coordinates":[[[[35.5302,32.2538],[35.5305,32.2541],[35.5308,32.2542],[35.5308,32.2546],[35.5308,32.255],[35.5308,32.2552],[35.5306,32.2556],[35.5305,32.2559],[35.5296,32.2565],[35.5287,32.257],[35.5275,32.2577],[35.5267,32.258],[35.5259,32.2579],[35.5252,32.2574],[35.5246,32.2567],[35.5246,32.2562],[35.5248,32.2557],[35.5249,32.2554],[35.5251,32.2553],[35.5255,32.2551],[35.5256,32.2549],[35.5255,32.2547],[35.5253,32.2545],[35.5252,32.2545],[35.5244,32.254],[35.5236,32.2532],[35.5232,32.2527],[35.5231,32.2527],[35.5229,32.2528],[35.5226,32.253],[35.5221,32.2531],[35.5216,32.2531],[35.521,32.253],[35.5206,32.2527],[35.5206,32.252],[35.5208,32.2516],[35.5211,32.2513],[35.5214,32.251],[35.5216,32.2509],[35.5202,32.2514],[35.5194,32.2523],[35.519,32.2527],[35.5187,32.2533],[35.5183,32.2538],[35.5177,32.2543],[35.5169,32.255],[35.5165,32.2555],[35.5162,32.2562],[35.516,32.257],[35.5158,32.2579],[35.5156,32.2587],[35.5153,32.2591],[35.5146,32.2593],[35.5139,32.2592],[35.5129,32.2592],[35.5121,32.2591],[35.5116,32.2591],[35.5108,32.2591],[35.51,32.2594],[35.509,32.2598],[35.508,32.2601],[35.5073,32.2603],[35.5067,32.2605],[35.5061,32.2609],[35.5059,32.2615],[35.5063,32.2623],[35.5068,32.2628],[35.5076,32.2632],[35.5088,32.2638],[35.5099,32.2645],[35.511,32.2653],[35.5124,32.2662],[35.5137,32.267],[35.5146,32.2677],[35.5152,32.2683],[35.5155,32.2689],[35.5157,32.2697],[35.516,32.2706],[35.5164,32.2722],[35.5166,32.2733],[35.5167,32.2742],[35.517,32.2753],[35.5171,32.276],[35.5174,32.2769],[35.5176,32.2776],[35.5177,32.2783],[35.5177,32.2787],[35.5178,32.2795],[35.5179,32.2804],[35.518,32.2815],[35.5182,32.2829],[35.5184,32.2842],[35.5186,32.2853],[35.5189,32.2864],[35.5195,32.2873],[35.5201,32.2887],[35.5206,32.29],[35.521,32.2912],[35.5215,32.2928],[35.522,32.2938],[35.5226,32.295],[35.5231,32.2962],[35.5241,32.2979],[35.5249,32.2991],[35.5259,32.3004],[35.527,32.3018],[35.5281,32.3031],[35.5293,32.3042],[35.5304,32.3051],[35.5316,32.3059],[35.5328,32.3065],[35.5341,32.3067],[35.5358,32.3068],[35.5373,32.3068],[35.5385,32.3064],[35.5396,32.3059],[35.5403,32.3054],[35.5407,32.3047],[35.5408,32.3041],[35.5407,32.302],[35.5409,32.3004],[35.5411,32.2986],[35.5414,32.2963],[35.5413,32.2953],[35.542,32.2936],[35.5429,32.2923],[35.544,32.2912],[35.5449,32.2899],[35.5456,32.2884],[35.5462,32.2868],[35.5465,32.285],[35.5467,32.2834],[35.547,32.2817],[35.5476,32.2795],[35.5482,32.2778],[35.5489,32.2761],[35.5495,32.2743],[35.5497,32.273],[35.5494,32.2717],[35.5487,32.2706],[35.5474,32.2693],[35.5461,32.2683],[35.5453,32.2675],[35.5444,32.2664],[35.5437,32.2653],[35.543,32.2639],[35.5427,32.2629],[35.542,32.2614],[35.5416,32.2598],[35.5415,32.2584],[35.5416,32.2571],[35.542,32.2555],[35.5424,32.2543],[35.5428,32.253],[35.5432,32.2517],[35.544,32.2505],[35.5452,32.2491],[35.5458,32.2482],[35.5468,32.2456],[35.5476,32.2444],[35.5485,32.243],[35.5487,32.242],[35.5485,32.2411],[35.5477,32.2401],[35.5466,32.2387],[35.5455,32.2371],[35.5445,32.2355],[35.5435,32.2338],[35.5425,32.2326],[35.5416,32.2312],[35.5409,32.23],[35.54,32.2288],[35.5395,32.2276],[35.5394,32.2265],[35.5399,32.2247],[35.5406,32.2226],[35.5416,32.221],[35.5426,32.2192],[35.5438,32.2171],[35.5448,32.2153],[35.5459,32.2135],[35.5466,32.212],[35.5466,32.21],[35.5463,32.2087],[35.5461,32.2073],[35.5455,32.2059],[35.5446,32.2045],[35.5433,32.2029],[35.5414,32.2011],[35.5396,32.1994],[35.5371,32.1971],[35.5348,32.195],[35.5331,32.1936],[35.5317,32.1925],[35.5307,32.1918],[35.5293,32.1905],[35.5281,32.1894],[35.5271,32.1885],[35.5253,32.1869],[35.5236,32.1852],[35.5225,32.1838],[35.5212,32.1819],[35.5202,32.1801],[35.5188,32.178],[35.5182,32.1767],[35.5176,32.1751],[35.5168,32.1736],[35.5157,32.1717],[35.5143,32.1697],[35.5135,32.1679],[35.5125,32.1662],[35.5114,32.164],[35.5104,32.1621],[35.5097,32.161],[35.5094,32.1603],[35.5086,32.1586],[35.5084,32.1571],[35.5085,32.1553],[35.5086,32.1535],[35.5093,32.1512],[35.5096,32.1494],[35.5101,32.1477],[35.5104,32.1463],[35.5108,32.1447],[35.5114,32.1425],[35.5117,32.1416],[35.5116,32.1402],[35.5108,32.1382],[35.5102,32.1367],[35.5093,32.1347],[35.509,32.1339],[35.5088,32.1336],[35.5077,32.1345],[35.5074,32.1353],[35.5069,32.136],[35.5063,32.1367],[35.5053,32.1376],[35.5048,32.1384],[35.5042,32.139],[35.5033,32.1398],[35.5023,32.141],[35.5016,32.142],[35.5012,32.1429],[35.5011,32.1441],[35.5009,32.1449],[35.5004,32.1458],[35.4994,32.1464],[35.4981,32.1469],[35.4971,32.1477],[35.4959,32.1493],[35.494,32.1527],[35.4926,32.1555],[35.4912,32.1581],[35.4905,32.1596],[35.4897,32.1606],[35.4878,32.1617],[35.4863,32.1624],[35.485,32.1629],[35.484,32.1635],[35.4831,32.1644],[35.4826,32.1657],[35.4821,32.1668],[35.481,32.1675],[35.4797,32.1684],[35.4781,32.1696],[35.4763,32.1705],[35.4745,32.1712],[35.4727,32.1719],[35.4704,32.1729],[35.4689,32.1736],[35.4676,32.1746],[35.4664,32.1757],[35.4658,32.1769],[35.4654,32.1785],[35.464,32.1799],[35.4633,32.1811],[35.4625,32.1827],[35.462,32.1838],[35.4613,32.1856],[35.4605,32.1879],[35.4598,32.1894],[35.4594,32.1912],[35.4588,32.1932],[35.4583,32.1949],[35.4568,32.1974],[35.4555,32.1992],[35.4547,32.2003],[35.4538,32.2015],[35.4534,32.2022],[35.4529,32.2035],[35.453,32.205],[35.453,32.2071],[35.4529,32.2094],[35.4531,32.2112],[35.4533,32.2129],[35.4531,32.2141],[35.4528,32.2149],[35.4528,32.2159],[35.4528,32.219],[35.4528,32.2205],[35.4524,32.2215],[35.4524,32.2224],[35.4523,32.2236],[35.4522,32.2243],[35.4518,32.225],[35.4513,32.2258],[35.45,32.2278],[35.4495,32.2285],[35.4484,32.2296],[35.4476,32.2307],[35.4471,32.232],[35.4463,32.2331],[35.4461,32.2341],[35.4469,32.2349],[35.4487,32.2352],[35.4502,32.2354],[35.4522,32.2358],[35.4549,32.2367],[35.4577,32.2378],[35.4611,32.2388],[35.4628,32.2392],[35.465,32.2398],[35.4674,32.24],[35.4693,32.24],[35.4707,32.2399],[35.4724,32.2393],[35.474,32.2385],[35.4756,32.2379],[35.4768,32.2375],[35.4777,32.2373],[35.4786,32.237],[35.4799,32.2362],[35.4815,32.2346],[35.4833,32.2329],[35.4854,32.2313],[35.487,32.2304],[35.4889,32.2291],[35.4908,32.2281],[35.4932,32.2266],[35.4946,32.2256],[35.4953,32.2251],[35.4968,32.2242],[35.4984,32.2234],[35.5001,32.2226],[35.5014,32.222],[35.5022,32.2219],[35.5017,32.2236],[35.5015,32.2256],[35.5009,32.2289],[35.5008,32.2321],[35.5007,32.2347],[35.5009,32.236],[35.5017,32.237],[35.503,32.2379],[35.5035,32.2392],[35.5035,32.2407],[35.5033,32.2417],[35.5026,32.2428],[35.5023,32.2436],[35.5023,32.2446],[35.5028,32.2457],[35.5036,32.2471],[35.5041,32.248],[35.505,32.2494],[35.5055,32.2509],[35.5062,32.252],[35.5071,32.2526],[35.508,32.2527],[35.5093,32.2527],[35.5104,32.2526],[35.5113,32.2526],[35.512,32.2528],[35.5124,32.2533],[35.5124,32.2542],[35.5123,32.2554],[35.5126,32.2563],[35.5133,32.2569],[35.5139,32.2565],[35.5144,32.2556],[35.5151,32.2543],[35.5158,32.2528],[35.5167,32.2514],[35.517,32.2503],[35.5175,32.2495],[35.5185,32.2486],[35.5199,32.2476],[35.5205,32.2473],[35.5214,32.2473],[35.523,32.2475],[35.524,32.2475],[35.525,32.2473],[35.526,32.2468],[35.527,32.2465],[35.528,32.2463],[35.5292,32.2464],[35.5301,32.2467],[35.5309,32.2472],[35.5316,32.2488],[35.5319,32.25],[35.532,32.2514],[35.5318,32.2524],[35.5312,32.2532],[35.5302,32.2538]]]]}},{"type":"Feature","properties":{"name":"915 א","remarks":""},"geometry":{"type":"MultiPolygon","coordinates":[[[[35.397,31.6327],[35.3971,31.6312],[35.3974,31.63],[35.3947,31.6183],[35.3928,31.6163],[35.3889,31.6141],[35.3848,31.5968],[35.3807,31.5935],[35.3736,31.5948],[35.3715,31.5946],[35.3693,31.5938],[35.3673,31.5941],[35.3667,31.5943],[35.3655,31.595],[35.3645,31.5964],[35.3613,31.597],[35.3604,31.596],[35.3596,31.5926],[35.3586,31.5916],[35.3572,31.5913],[35.3541,31.5895],[35.3523,31.5875],[35.3506,31.5861],[35.3499,31.5833],[35.3501,31.581],[35.3498,31.5799],[35.3254,31.5798],[35.3254,31.5799],[35.3251,31.5804],[35.3244,31.5808],[35.3242,31.5815],[35.3243,31.5824],[35.3241,31.5828],[35.3238,31.5833],[35.3238,31.5838],[35.3238,31.5844],[35.3234,31.5847],[35.323,31.586],[35.3223,31.5871],[35.3219,31.5884],[35.3218,31.5903],[35.3217,31.5918],[35.3215,31.593],[35.3215,31.595],[35.3211,31.5979],[35.3211,31.5995],[35.3207,31.5998],[35.3202,31.5999],[35.3195,31.6002],[35.3192,31.6007],[35.3192,31.6014],[35.3203,31.602],[35.3199,31.603],[35.3194,31.604],[35.3192,31.6047],[35.3228,31.6142],[35.3234,31.6175],[35.3234,31.6176],[35.3235,31.6177],[35.3235,31.6179],[35.3235,31.6179],[35.3235,31.6181],[35.3235,31.6183],[35.3235,31.6184],[35.3235,31.6186],[35.3235,31.6187],[35.3234,31.6189],[35.3234,31.619],[35.3234,31.6192],[35.3234,31.6193],[35.3233,31.6194],[35.3232,31.6199],[35.3224,31.6222],[35.3329,31.6223],[35.3398,31.6373],[35.397,31.6327]]]]}},{"type":"Feature","properties":{"name":"913","remarks":""},"geometry":{"type":"MultiPolygon","coordinates":[[[[35.4537,31.7402],[35.4336,31.7251],[35.4327,31.7217],[35.4267,31.699],[35.4259,31.6957],[35.4234,31.6938],[35.4211,31.6925],[35.4181,31.6913],[35.4161,31.6916],[35.4141,31.6914],[35.4128,31.6917],[35.4107,31.6914],[35.4051,31.6907],[35.4067,31.6887],[35.4085,31.6878],[35.412,31.6854],[35.4136,31.684],[35.4147,31.6826],[35.4141,31.6804],[35.4123,31.6784],[35.4121,31.6773],[35.4126,31.6737],[35.4107,31.6659],[35.4099,31.6655],[35.4054,31.6663],[35.4048,31.6662],[35.4033,31.6661],[35.4024,31.6651],[35.4012,31.663],[35.4004,31.6596],[35.4011,31.6566],[35.3988,31.6471],[35.3979,31.6462],[35.3807,31.658],[35.3819,31.6583],[35.3822,31.671],[35.397,31.6823],[35.391,31.6938],[35.3961,31.6952],[35.3943,31.7019],[35.3933,31.7061],[35.3917,31.7111],[35.3903,31.7136],[35.3903,31.7165],[35.389,31.7196],[35.3888,31.7243],[35.3862,31.7445],[35.3812,31.7466],[35.3849,31.7505],[35.3861,31.7527],[35.3887,31.7551],[35.3899,31.7572],[35.3903,31.7589],[35.3914,31.761],[35.3923,31.762],[35.393,31.7648],[35.3941,31.7663],[35.3954,31.769],[35.3965,31.7711],[35.398,31.7743],[35.4009,31.7779],[35.404,31.7825],[35.4074,31.7898],[35.4077,31.7905],[35.4096,31.7944],[35.4099,31.795],[35.4099,31.795],[35.4101,31.795],[35.4101,31.795],[35.4143,31.7933],[35.4146,31.7931],[35.4182,31.7906],[35.419,31.7898],[35.4221,31.7861],[35.4227,31.7836],[35.4228,31.7833],[35.4233,31.7813],[35.4241,31.7806],[35.4252,31.7806],[35.4286,31.7812],[35.4324,31.7825],[35.4359,31.7843],[35.439,31.7858],[35.44,31.7855],[35.4461,31.7819],[35.4473,31.7811],[35.4491,31.7806],[35.4505,31.7804],[35.4507,31.7789],[35.4506,31.7764],[35.4513,31.7752],[35.4563,31.7711],[35.4576,31.7701],[35.4578,31.7688],[35.4577,31.7677],[35.4579,31.7666],[35.4582,31.7661],[35.4589,31.7653],[35.4602,31.7648],[35.4611,31.7639],[35.4608,31.761],[35.4592,31.7573],[35.4583,31.7537],[35.458,31.7507],[35.4584,31.7487],[35.4593,31.7471],[35.4601,31.7454],[35.4602,31.7452],[35.4602,31.7452],[35.4602,31.7452],[35.4602,31.7452],[35.4602,31.7452],[35.4599,31.7452],[35.4599,31.7452],[35.4599,31.7452],[35.4599,31.7452],[35.4598,31.7451],[35.4598,31.7451],[35.4597,31.7451],[35.4596,31.7451],[35.4595,31.7451],[35.4595,31.7451],[35.4595,31.7451],[35.4592,31.7452],[35.4592,31.7452],[35.459,31.7453],[35.459,31.7453],[35.459,31.7453],[35.459,31.7453],[35.459,31.7454],[35.459,31.7454],[35.459,31.7454],[35.459,31.7454],[35.459,31.7454],[35.4589,31.7454],[35.4589,31.7454],[35.4589,31.7454],[35.4589,31.7454],[35.4589,31.7454],[35.4589,31.7454],[35.4589,31.7454],[35.4588,31.7454],[35.4588,31.7454],[35.4588,31.7455],[35.4588,31.7455],[35.4588,31.7455],[35.4588,31.7455],[35.4588,31.7455],[35.4588,31.7455],[35.4588,31.7455],[35.4588,31.7455],[35.4588,31.7455],[35.4588,31.7455],[35.4588,31.7455],[35.4588,31.7455],[35.4588,31.7455],[35.4588,31.7455],[35.4587,31.7455],[35.4587,31.7455],[35.4587,31.7455],[35.4587,31.7455],[35.4584,31.7456],[35.4584,31.7456],[35.4584,31.7456],[35.4584,31.7456],[35.4582,31.7457],[35.4582,31.7457],[35.4581,31.7457],[35.4581,31.7457],[35.4581,31.7457],[35.458,31.7456],[35.458,31.7456],[35.458,31.7456],[35.458,31.7456],[35.4579,31.7456],[35.4579,31.7456],[35.4579,31.7456],[35.4578,31.7455],[35.4578,31.7455],[35.4578,31.7455],[35.4578,31.7455],[35.4578,31.7455],[35.4578,31.7455],[35.4578,31.7455],[35.4578,31.7455],[35.4578,31.7455],[35.4578,31.7454],[35.4578,31.7454],[35.4578,31.7454],[35.4579,31.7453],[35.4579,31.7453],[35.4579,31.7452],[35.4579,31.7452],[35.4579,31.7452],[35.4579,31.7451],[35.4579,31.7451],[35.4579,31.7451],[35.4578,31.745],[35.4578,31.745],[35.4576,31.7449],[35.4576,31.7449],[35.4573,31.7449],[35.4571,31.7449],[35.4571,31.7449],[35.4571,31.7449],[35.4568,31.7448],[35.4568,31.7448],[35.4566,31.7448],[35.4566,31.7448],[35.4563,31.7447],[35.4563,31.7447],[35.4563,31.7447],[35.4563,31.7447],[35.4562,31.7446],[35.4562,31.7446],[35.4562,31.7446],[35.4562,31.7446],[35.4562,31.7446],[35.4561,31.7445],[35.4561,31.7445],[35.4561,31.7445],[35.4561,31.7442],[35.4561,31.7442],[35.4561,31.7442],[35.456,31.744],[35.456,31.744],[35.456,31.744],[35.456,31.744],[35.456,31.744],[35.456,31.7439],[35.456,31.7439],[35.456,31.7439],[35.4559,31.7438],[35.4559,31.7438],[35.4557,31.7436],[35.4557,31.7436],[35.4557,31.7436],[35.4553,31.7434],[35.4553,31.7434],[35.4553,31.7434],[35.4547,31.7432],[35.4547,31.7432],[35.4547,31.7432],[35.4537,31.7429],[35.4537,31.7429],[35.4537,31.7429],[35.4533,31.7428],[35.4533,31.7428],[35.4533,31.7428],[35.4533,31.7428],[35.4532,31.7427],[35.4532,31.7427],[35.4532,31.7427],[35.4532,31.7427],[35.4531,31.7426],[35.4531,31.7426],[35.4531,31.7426],[35.4531,31.7425],[35.4531,31.7425],[35.4531,31.7425],[35.453,31.7425],[35.453,31.7425],[35.453,31.7425],[35.4529,31.7425],[35.4529,31.7425],[35.4529,31.7425],[35.4529,31.7425],[35.4529,31.7425],[35.4529,31.7424],[35.4529,31.7424],[35.4529,31.7424],[35.4529,31.7424],[35.4529,31.7424],[35.4529,31.7424],[35.4529,31.7424],[35.4529,31.7424],[35.4529,31.7424],[35.4528,31.7424],[35.4528,31.7424],[35.4528,31.7424],[35.4528,31.7424],[35.4528,31.7424],[35.4528,31.7424],[35.4527,31.7424],[35.4527,31.7424],[35.4527,31.7424],[35.4527,31.7424],[35.4527,31.7424],[35.4527,31.7424],[35.4527,31.7424],[35.4527,31.7424],[35.4527,31.7424],[35.4528,31.7422],[35.4528,31.7422],[35.4528,31.7422],[35.4528,31.7421],[35.4528,31.7421],[35.4528,31.7421],[35.4528,31.7421],[35.4527,31.7421],[35.4527,31.7421],[35.4527,31.7421],[35.4527,31.742],[35.4527,31.742],[35.4526,31.742],[35.4526,31.742],[35.4526,31.742],[35.4526,31.7419],[35.4526,31.7419],[35.4525,31.7419],[35.4525,31.7419],[35.4525,31.7419],[35.4525,31.7419],[35.4525,31.7419],[35.4525,31.7419],[35.4525,31.7419],[35.4525,31.7419],[35.4526,31.7418],[35.4526,31.7418],[35.4526,31.7418],[35.4526,31.7417],[35.4526,31.7417],[35.4526,31.7417],[35.4526,31.7416],[35.4526,31.7416],[35.4526,31.7416],[35.4527,31.7414],[35.4527,31.7414],[35.4527,31.7414],[35.4528,31.7412],[35.4528,31.7412],[35.4528,31.7412],[35.4528,31.7412],[35.453,31.741],[35.453,31.741],[35.453,31.741],[35.453,31.741],[35.453,31.741],[35.4533,31.7409],[35.4533,31.7409],[35.4533,31.7409],[35.4536,31.7405],[35.4536,31.7405],[35.4536,31.7405],[35.4537,31.7402],[35.4537,31.7402],[35.4537,31.7402],[35.4537,31.7402]]]]}},{"type":"Feature","properties":{"name":"915","remarks":""},"geometry":{"type":"MultiPolygon","coordinates":[[[[35.3254,31.5798],[35.3498,31.5799],[35.349,31.5765],[35.3507,31.5751],[35.3533,31.5717],[35.3549,31.5702],[35.356,31.5689],[35.3582,31.5668],[35.3585,31.5655],[35.3591,31.5649],[35.3577,31.5593],[35.3581,31.5581],[35.3588,31.558],[35.3602,31.5583],[35.3619,31.5597],[35.3641,31.5605],[35.368,31.5598],[35.3687,31.5574],[35.3683,31.5557],[35.3688,31.555],[35.3683,31.5528],[35.3675,31.5523],[35.3661,31.552],[35.3646,31.5511],[35.3636,31.5501],[35.3629,31.5497],[35.3621,31.5464],[35.3623,31.5446],[35.3649,31.5412],[35.3671,31.5391],[35.3686,31.5342],[35.3664,31.5247],[35.357,31.5194],[35.3534,31.5183],[35.3504,31.5171],[35.3463,31.5167],[35.3441,31.5159],[35.3436,31.5137],[35.3445,31.5118],[35.3461,31.5103],[35.347,31.5084],[35.3487,31.507],[35.3497,31.5056],[35.3514,31.5042],[35.3522,31.5017],[35.3508,31.496],[35.3196,31.5181],[35.3168,31.5201],[35.3156,31.5209],[35.3143,31.5212],[35.314,31.534],[35.3138,31.5341],[35.3139,31.5353],[35.3139,31.5353],[35.3139,31.5365],[35.3124,31.5396],[35.3138,31.5395],[35.3142,31.5398],[35.3146,31.5401],[35.3146,31.5407],[35.3145,31.5415],[35.3143,31.5421],[35.3141,31.5425],[35.3142,31.544],[35.3141,31.5444],[35.3148,31.5447],[35.3151,31.5449],[35.316,31.5461],[35.3164,31.5473],[35.3168,31.5485],[35.317,31.5498],[35.3171,31.5503],[35.3166,31.5532],[35.3165,31.5537],[35.3162,31.555],[35.3163,31.5569],[35.3168,31.558],[35.3169,31.5593],[35.3174,31.5606],[35.3183,31.5608],[35.3193,31.5609],[35.3198,31.5609],[35.3203,31.5609],[35.3207,31.5608],[35.3214,31.5608],[35.3217,31.5607],[35.3223,31.5606],[35.3228,31.5605],[35.3232,31.5604],[35.3242,31.5603],[35.325,31.5604],[35.326,31.5604],[35.3267,31.5602],[35.3271,31.5602],[35.3275,31.5611],[35.3278,31.5624],[35.3277,31.5636],[35.3274,31.5654],[35.3272,31.5668],[35.3271,31.5679],[35.3268,31.5701],[35.3265,31.571],[35.3261,31.5718],[35.3256,31.5729],[35.3257,31.5751],[35.3256,31.5759],[35.3254,31.5771],[35.3252,31.578],[35.3254,31.5789],[35.3254,31.5798]]]]}},{"type":"Feature","properties":{"name":"917","remarks":""},"geometry":{"type":"MultiPolygon","coordinates":[[[[35.3139,31.4351],[35.3139,31.4351],[35.309,31.4326],[35.2991,31.4255],[35.2893,31.4168],[35.2864,31.415],[35.2796,31.4113],[35.2733,31.407],[35.265,31.4013],[35.2618,31.3991],[35.2615,31.3989],[35.2542,31.3939],[35.2496,31.3908],[35.2482,31.3898],[35.2459,31.3879],[35.2402,31.3846],[35.2397,31.3845],[35.239,31.3852],[35.2383,31.386],[35.2364,31.3885],[35.2347,31.3905],[35.2318,31.394],[35.2282,31.3983],[35.2195,31.4103],[35.22,31.4128],[35.2201,31.4133],[35.2181,31.415],[35.2111,31.4217],[35.2114,31.4294],[35.2116,31.4346],[35.2116,31.4401],[35.2113,31.4435],[35.211,31.4454],[35.2116,31.4453],[35.212,31.4456],[35.2128,31.446],[35.2133,31.4462],[35.2143,31.4466],[35.2146,31.4467],[35.2155,31.4469],[35.216,31.4471],[35.2171,31.4473],[35.218,31.4473],[35.2191,31.4474],[35.2206,31.4473],[35.2227,31.4468],[35.2238,31.4466],[35.2243,31.4465],[35.225,31.4465],[35.2258,31.4465],[35.2264,31.4465],[35.2272,31.4464],[35.2278,31.4464],[35.2292,31.4463],[35.2307,31.4463],[35.231,31.4463],[35.2315,31.4462],[35.2322,31.4462],[35.2326,31.4463],[35.2338,31.4466],[35.2342,31.4467],[35.2351,31.4469],[35.2357,31.447],[35.2362,31.4473],[35.2375,31.4481],[35.2383,31.4485],[35.239,31.4492],[35.2391,31.4494],[35.2394,31.45],[35.2397,31.4506],[35.2403,31.4515],[35.2407,31.4523],[35.2409,31.4525],[35.2413,31.4541],[35.2417,31.455],[35.2422,31.4559],[35.2425,31.4564],[35.2431,31.4572],[35.2438,31.458],[35.2443,31.4585],[35.2454,31.4593],[35.2461,31.4597],[35.2467,31.4599],[35.2475,31.4609],[35.2482,31.462],[35.2489,31.4637],[35.2493,31.4662],[35.2506,31.4699],[35.2527,31.4733],[35.2544,31.4764],[35.2553,31.4776],[35.2554,31.4776],[35.2559,31.4782],[35.2602,31.4774],[35.2589,31.4689],[35.278,31.4644],[35.2811,31.4633],[35.2876,31.4621],[35.2909,31.4621],[35.2939,31.4633],[35.2974,31.4638],[35.3003,31.4645],[35.3025,31.4653],[35.3034,31.4663],[35.3022,31.4613],[35.3025,31.4595],[35.3036,31.4558],[35.3062,31.4495],[35.3071,31.4476],[35.3081,31.4463],[35.3109,31.4412],[35.3132,31.4364],[35.3139,31.4351]]]]}},{"type":"Feature","properties":{"name":"926 צפון","remarks":""},"geometry":{"type":"MultiPolygon","coordinates":[[[[35.3638,31.4667],[35.3599,31.4715],[35.3572,31.4747],[35.3608,31.4897],[35.3562,31.4922],[35.3508,31.496],[35.3522,31.5017],[35.3514,31.5042],[35.3497,31.5056],[35.3487,31.507],[35.347,31.5084],[35.3461,31.5103],[35.3445,31.5118],[35.3436,31.5137],[35.3441,31.5159],[35.3463,31.5167],[35.3504,31.5171],[35.3534,31.5183],[35.357,31.5194],[35.3664,31.5247],[35.3686,31.5342],[35.3671,31.5391],[35.3649,31.5412],[35.3623,31.5446],[35.3621,31.5464],[35.3629,31.5497],[35.3636,31.5501],[35.3646,31.5511],[35.3661,31.552],[35.3675,31.5523],[35.3683,31.5528],[35.3688,31.555],[35.3683,31.5557],[35.3687,31.5574],[35.368,31.5598],[35.3641,31.5605],[35.3619,31.5597],[35.3602,31.5583],[35.3588,31.558],[35.3581,31.5581],[35.3577,31.5593],[35.3591,31.5649],[35.3585,31.5655],[35.3582,31.5668],[35.356,31.5689],[35.3549,31.5702],[35.3533,31.5717],[35.3507,31.5751],[35.349,31.5765],[35.3498,31.5799],[35.3501,31.581],[35.3499,31.5833],[35.3506,31.5861],[35.3523,31.5875],[35.3541,31.5895],[35.3572,31.5913],[35.3586,31.5916],[35.3596,31.5926],[35.3604,31.596],[35.3613,31.597],[35.3645,31.5964],[35.3655,31.595],[35.3667,31.5943],[35.3673,31.5941],[35.3693,31.5938],[35.3715,31.5946],[35.3736,31.5948],[35.3807,31.5935],[35.3848,31.5968],[35.3889,31.6141],[35.3928,31.6163],[35.3947,31.6183],[35.3974,31.63],[35.3971,31.6312],[35.397,31.6327],[35.3969,31.6336],[35.3964,31.6371],[35.3945,31.6404],[35.395,31.6426],[35.3961,31.6442],[35.3979,31.6462],[35.3988,31.6471],[35.4011,31.6566],[35.4004,31.6596],[35.4012,31.663],[35.4024,31.6651],[35.4033,31.6661],[35.4048,31.6662],[35.4054,31.6663],[35.4099,31.6655],[35.4107,31.6659],[35.4126,31.6737],[35.4121,31.6773],[35.4123,31.6784],[35.4141,31.6804],[35.4147,31.6826],[35.4136,31.684],[35.412,31.6854],[35.4085,31.6878],[35.4067,31.6887],[35.4051,31.6907],[35.4107,31.6914],[35.4128,31.6917],[35.4141,31.6914],[35.4161,31.6916],[35.4181,31.6913],[35.4211,31.6925],[35.4234,31.6938],[35.4259,31.6957],[35.4267,31.699],[35.4327,31.7217],[35.4336,31.7251],[35.4537,31.7402],[35.4538,31.7401],[35.4538,31.7401],[35.4538,31.7401],[35.4538,31.7401],[35.4538,31.7401],[35.4541,31.7401],[35.4541,31.7401],[35.4541,31.7401],[35.4543,31.7403],[35.4543,31.7403],[35.4543,31.7403],[35.4543,31.7403],[35.4545,31.7404],[35.4545,31.7404],[35.4545,31.7404],[35.4547,31.7406],[35.4547,31.7406],[35.4547,31.7406],[35.4548,31.7408],[35.4548,31.7408],[35.4548,31.7408],[35.4549,31.741],[35.4549,31.741],[35.4549,31.741],[35.4551,31.741],[35.4551,31.741],[35.4551,31.741],[35.4551,31.741],[35.4551,31.741],[35.4552,31.741],[35.4552,31.741],[35.4552,31.741],[35.4552,31.741],[35.4552,31.741],[35.4552,31.741],[35.4552,31.741],[35.4552,31.7411],[35.4552,31.7411],[35.4552,31.7411],[35.4552,31.7411],[35.4553,31.7412],[35.4553,31.7413],[35.4553,31.7414],[35.4553,31.7414],[35.4553,31.7414],[35.4555,31.7415],[35.4555,31.7415],[35.4555,31.7415],[35.4555,31.7415],[35.4556,31.7417],[35.4557,31.7416],[35.4557,31.7416],[35.4557,31.7416],[35.4557,31.7416],[35.4558,31.7414],[35.4558,31.7412],[35.4558,31.7412],[35.4558,31.7412],[35.4558,31.741],[35.4558,31.741],[35.4558,31.7409],[35.4558,31.7409],[35.4558,31.7409],[35.4558,31.7408],[35.4558,31.7408],[35.4558,31.7408],[35.4558,31.7408],[35.4558,31.7408],[35.4561,31.7406],[35.4561,31.7406],[35.4561,31.7406],[35.4561,31.7406],[35.4566,31.7405],[35.4566,31.7405],[35.4566,31.7405],[35.457,31.7403],[35.457,31.7403],[35.457,31.7403],[35.4573,31.7402],[35.4573,31.7402],[35.4576,31.7399],[35.4576,31.7399],[35.4577,31.7399],[35.4567,31.7384],[35.4487,31.7246],[35.4476,31.7223],[35.4475,31.7222],[35.4474,31.7218],[35.4469,31.7188],[35.4469,31.7151],[35.4472,31.7129],[35.4477,31.7106],[35.4482,31.7082],[35.4484,31.7057],[35.4483,31.7017],[35.4481,31.6985],[35.4474,31.6951],[35.4463,31.6916],[35.445,31.6879],[35.443,31.6856],[35.4403,31.6837],[35.4368,31.6823],[35.4357,31.6815],[35.4341,31.6807],[35.4341,31.6807],[35.4316,31.6767],[35.4288,31.6726],[35.4277,31.6708],[35.4249,31.6662],[35.4212,31.6606],[35.4177,31.6568],[35.4168,31.6543],[35.4171,31.6519],[35.4173,31.6494],[35.4168,31.6476],[35.4142,31.6449],[35.4114,31.6423],[35.4092,31.6399],[35.4083,31.6378],[35.4081,31.6363],[35.4081,31.6362],[35.4079,31.6346],[35.4074,31.6296],[35.4063,31.6242],[35.4051,31.6209],[35.4042,31.6187],[35.4036,31.6174],[35.4034,31.6167],[35.4015,31.6124],[35.3988,31.6089],[35.3974,31.6066],[35.3954,31.6031],[35.3927,31.5997],[35.3896,31.5961],[35.3865,31.5929],[35.3853,31.5918],[35.382,31.5873],[35.3805,31.5841],[35.3805,31.5833],[35.3804,31.5816],[35.381,31.577],[35.3812,31.5765],[35.382,31.5745],[35.3822,31.5742],[35.3829,31.5732],[35.3844,31.5704],[35.3848,31.5692],[35.3838,31.5683],[35.3834,31.5679],[35.3814,31.5659],[35.3787,31.5623],[35.3787,31.5622],[35.3786,31.5609],[35.3793,31.5602],[35.3811,31.5586],[35.383,31.557],[35.3836,31.5559],[35.3836,31.5552],[35.3834,31.5546],[35.3831,31.5537],[35.3822,31.553],[35.381,31.5513],[35.3797,31.5481],[35.3792,31.5437],[35.379,31.5394],[35.3792,31.5361],[35.3794,31.532],[35.3794,31.5319],[35.3798,31.5291],[35.38,31.5286],[35.3809,31.5264],[35.3819,31.5245],[35.3823,31.5235],[35.3824,31.5219],[35.3822,31.5204],[35.3807,31.5199],[35.3796,31.5189],[35.3796,31.5174],[35.38,31.5165],[35.3805,31.5159],[35.3808,31.515],[35.3808,31.5141],[35.3802,31.5139],[35.379,31.514],[35.3776,31.5139],[35.3772,31.5125],[35.3771,31.5116],[35.3777,31.5103],[35.3814,31.5049],[35.3837,31.5015],[35.3843,31.5003],[35.3849,31.4985],[35.386,31.4953],[35.3865,31.4936],[35.3863,31.4927],[35.3865,31.4913],[35.3871,31.4884],[35.3871,31.4857],[35.3873,31.4839],[35.3873,31.4837],[35.3848,31.4817],[35.3799,31.4779],[35.3764,31.4751],[35.368,31.4695],[35.3648,31.4674],[35.3638,31.4667]]]]}},{"type":"Feature","properties":{"name":"912","remarks":""},"geometry":{"type":"MultiPolygon","coordinates":[[[[35.3949,31.8041],[35.3938,31.802],[35.3937,31.8018],[35.3912,31.797],[35.3889,31.7928],[35.3868,31.7897],[35.3823,31.7852],[35.3792,31.7806],[35.377,31.7769],[35.3737,31.7717],[35.371,31.7687],[35.3695,31.7655],[35.3673,31.7618],[35.3649,31.7576],[35.3629,31.7545],[35.356,31.7255],[35.3376,31.7257],[35.3344,31.7257],[35.3344,31.7257],[35.3334,31.7271],[35.3336,31.7291],[35.3353,31.7317],[35.335,31.7325],[35.3335,31.7335],[35.3303,31.7367],[35.3272,31.7395],[35.3252,31.7417],[35.3239,31.7434],[35.3224,31.7451],[35.3212,31.7465],[35.3197,31.7482],[35.3176,31.7503],[35.3159,31.7535],[35.3147,31.7555],[35.3129,31.7576],[35.3097,31.7599],[35.3076,31.7614],[35.3064,31.7632],[35.307,31.7639],[35.3082,31.765],[35.3088,31.7656],[35.3099,31.7667],[35.3116,31.7682],[35.3126,31.7688],[35.3139,31.7696],[35.3148,31.7704],[35.315,31.7709],[35.3148,31.7713],[35.3142,31.7717],[35.3131,31.7719],[35.3121,31.7722],[35.3116,31.7727],[35.3117,31.7736],[35.312,31.7747],[35.3124,31.775],[35.3131,31.7755],[35.3141,31.7755],[35.3151,31.7756],[35.3162,31.7757],[35.317,31.7761],[35.3172,31.7765],[35.3177,31.777],[35.3178,31.777],[35.3187,31.7764],[35.3196,31.7757],[35.3201,31.7752],[35.3208,31.7745],[35.3213,31.7741],[35.3219,31.7737],[35.3222,31.7735],[35.3227,31.7733],[35.3232,31.7732],[35.3235,31.7732],[35.3274,31.7731],[35.328,31.7743],[35.328,31.7744],[35.3281,31.7745],[35.3282,31.7746],[35.3282,31.7746],[35.3283,31.7747],[35.3284,31.7747],[35.3285,31.7748],[35.3286,31.7748],[35.3287,31.7748],[35.3288,31.7749],[35.3289,31.7749],[35.329,31.7749],[35.3291,31.7749],[35.3292,31.7749],[35.3293,31.7749],[35.3294,31.7748],[35.3295,31.7748],[35.3311,31.7742],[35.3296,31.778],[35.3296,31.7781],[35.3296,31.7781],[35.3296,31.7782],[35.3296,31.7782],[35.3296,31.7782],[35.3296,31.7783],[35.3296,31.7783],[35.3295,31.7784],[35.3295,31.7784],[35.3295,31.7785],[35.3295,31.7785],[35.3296,31.7785],[35.3296,31.7786],[35.3296,31.7786],[35.3296,31.7787],[35.3296,31.7787],[35.3296,31.7787],[35.3296,31.7788],[35.3296,31.7788],[35.3296,31.7789],[35.3297,31.7789],[35.3297,31.7789],[35.3297,31.779],[35.3297,31.779],[35.3297,31.7791],[35.3298,31.7791],[35.3298,31.7791],[35.3298,31.7792],[35.3299,31.7792],[35.3299,31.7792],[35.3299,31.7793],[35.33,31.7793],[35.33,31.7793],[35.33,31.7793],[35.3301,31.7794],[35.3301,31.7794],[35.3301,31.7794],[35.3302,31.7794],[35.3302,31.7795],[35.3303,31.7795],[35.3303,31.7795],[35.3304,31.7795],[35.3304,31.7795],[35.3304,31.7796],[35.3305,31.7796],[35.3305,31.7796],[35.3306,31.7796],[35.3306,31.7796],[35.3307,31.7796],[35.3307,31.7796],[35.3308,31.7796],[35.3308,31.7796],[35.3309,31.7796],[35.3309,31.7796],[35.331,31.7796],[35.331,31.7796],[35.3311,31.7796],[35.3311,31.7796],[35.3312,31.7796],[35.3312,31.7796],[35.3313,31.7796],[35.3313,31.7796],[35.3314,31.7796],[35.3314,31.7796],[35.3334,31.779],[35.3334,31.779],[35.3334,31.779],[35.3334,31.779],[35.3334,31.779],[35.3335,31.779],[35.3335,31.779],[35.3335,31.779],[35.3335,31.779],[35.3335,31.779],[35.3335,31.779],[35.3335,31.779],[35.3335,31.779],[35.3335,31.779],[35.3336,31.779],[35.3336,31.779],[35.3336,31.779],[35.3336,31.779],[35.3336,31.779],[35.3337,31.779],[35.3337,31.779],[35.3337,31.779],[35.3337,31.779],[35.3337,31.779],[35.3338,31.779],[35.3351,31.7789],[35.3351,31.7789],[35.3351,31.7789],[35.3352,31.7789],[35.3352,31.7789],[35.3353,31.7789],[35.3353,31.7789],[35.3353,31.7789],[35.3353,31.7789],[35.3354,31.7789],[35.3354,31.7789],[35.3354,31.7789],[35.3354,31.7789],[35.3355,31.7788],[35.3355,31.7788],[35.3356,31.7788],[35.3357,31.7788],[35.3357,31.7787],[35.3358,31.7787],[35.3358,31.7787],[35.3359,31.7786],[35.3359,31.7786],[35.3359,31.7786],[35.3371,31.7778],[35.3371,31.7777],[35.3371,31.7777],[35.3371,31.7777],[35.3371,31.7777],[35.3371,31.7777],[35.3372,31.7777],[35.3372,31.7777],[35.3372,31.7777],[35.3372,31.7777],[35.3373,31.7777],[35.3373,31.7777],[35.3373,31.7777],[35.3373,31.7777],[35.3373,31.7777],[35.3374,31.7777],[35.3374,31.7777],[35.3374,31.7777],[35.3375,31.7778],[35.3376,31.7778],[35.3394,31.7788],[35.3395,31.7789],[35.3395,31.7789],[35.3395,31.7789],[35.3395,31.7789],[35.3395,31.7789],[35.3395,31.7789],[35.3395,31.7789],[35.3395,31.7789],[35.3395,31.7789],[35.3395,31.779],[35.3396,31.779],[35.3396,31.779],[35.3396,31.779],[35.3396,31.779],[35.3396,31.779],[35.3396,31.779],[35.3396,31.779],[35.3396,31.779],[35.3396,31.779],[35.3396,31.779],[35.3396,31.779],[35.3397,31.7793],[35.3398,31.7796],[35.34,31.7796],[35.3411,31.7806],[35.3411,31.7806],[35.3412,31.7807],[35.3416,31.7812],[35.343,31.781],[35.3435,31.781],[35.3437,31.7812],[35.344,31.7813],[35.3444,31.7816],[35.3446,31.7816],[35.3449,31.7817],[35.3455,31.7816],[35.346,31.7815],[35.3464,31.7815],[35.3468,31.7816],[35.3465,31.7832],[35.3465,31.7837],[35.3465,31.7842],[35.3466,31.7845],[35.3467,31.7848],[35.3469,31.7849],[35.3473,31.7851],[35.3477,31.7851],[35.3482,31.7852],[35.3482,31.7853],[35.3482,31.7855],[35.348,31.7862],[35.3477,31.7876],[35.3473,31.7888],[35.3469,31.7896],[35.3464,31.7901],[35.3451,31.791],[35.3436,31.7917],[35.3434,31.7978],[35.3428,31.7982],[35.3407,31.7983],[35.34,31.7983],[35.3369,31.804],[35.3434,31.8065],[35.3481,31.8081],[35.3547,31.8095],[35.3599,31.8103],[35.3638,31.8108],[35.3698,31.8114],[35.3736,31.8117],[35.3776,31.8115],[35.3815,31.8111],[35.3835,31.8107],[35.3849,31.8097],[35.3877,31.8071],[35.39,31.8052],[35.3915,31.805],[35.3938,31.8052],[35.3948,31.8042],[35.3949,31.8041]]]]}},{"type":"Feature","properties":{"name":"צו סגירה 151","remarks":""},"geometry":{"type":"MultiPolygon","coordinates":[[[[35.5601,32.3785],[35.5609,32.3776],[35.5616,32.3778],[35.5623,32.3781],[35.5626,32.3779],[35.5625,32.3766],[35.563,32.3757],[35.5636,32.3742],[35.5635,32.3729],[35.5631,32.3711],[35.5631,32.3699],[35.5629,32.3678],[35.5622,32.3663],[35.5609,32.3645],[35.5592,32.3606],[35.5587,32.3601],[35.5579,32.3603],[35.5574,32.3606],[35.5573,32.3614],[35.5574,32.3622],[35.5576,32.3634],[35.5582,32.364],[35.5584,32.3646],[35.5584,32.365],[35.5579,32.3656],[35.5567,32.3665],[35.556,32.3668],[35.555,32.3668],[35.5539,32.3668],[35.5529,32.3671],[35.5525,32.3672],[35.5526,32.3664],[35.5534,32.3655],[35.5538,32.3645],[35.5536,32.3638],[35.5531,32.3626],[35.5531,32.3613],[35.5535,32.3593],[35.5543,32.3586],[35.5557,32.3584],[35.556,32.3578],[35.556,32.3572],[35.5557,32.3566],[35.555,32.3563],[35.5542,32.356],[35.5546,32.355],[35.5552,32.3543],[35.5559,32.3529],[35.5584,32.3496],[35.5588,32.349],[35.5586,32.3478],[35.5583,32.3474],[35.5573,32.347],[35.5563,32.3464],[35.5551,32.3454],[35.5542,32.3444],[35.5537,32.3437],[35.5544,32.3407],[35.555,32.339],[35.5553,32.3373],[35.5555,32.3354],[35.5557,32.3346],[35.5563,32.3339],[35.5566,32.3324],[35.5565,32.3314],[35.5562,32.3307],[35.5557,32.3305],[35.5551,32.3304],[35.5544,32.3292],[35.5546,32.3277],[35.5544,32.3263],[35.5544,32.3253],[35.5535,32.3242],[35.5531,32.3235],[35.5529,32.3224],[35.5532,32.3218],[35.5547,32.3219],[35.5559,32.3216],[35.5565,32.3207],[35.5574,32.3205],[35.559,32.319],[35.5596,32.3185],[35.5607,32.3174],[35.5609,32.3164],[35.5605,32.3149],[35.5606,32.3141],[35.5613,32.3132],[35.5622,32.3121],[35.5626,32.3111],[35.5633,32.3102],[35.5627,32.3087],[35.562,32.3074],[35.5613,32.3069],[35.5607,32.3063],[35.5598,32.306],[35.5598,32.3048],[35.5595,32.3036],[35.559,32.3029],[35.558,32.3027],[35.557,32.3026],[35.5562,32.3025],[35.556,32.3017],[35.5564,32.3016],[35.5563,32.301],[35.5555,32.3003],[35.5553,32.3002],[35.554,32.2992],[35.5544,32.2986],[35.5549,32.298],[35.5558,32.2979],[35.5564,32.298],[35.5573,32.2974],[35.5582,32.2968],[35.5601,32.296],[35.5618,32.2953],[35.5627,32.2936],[35.5645,32.2915],[35.5658,32.2896],[35.5661,32.2884],[35.5668,32.2868],[35.5672,32.2852],[35.5674,32.2839],[35.567,32.2826],[35.566,32.281],[35.5651,32.2802],[35.5635,32.2784],[35.5636,32.2773],[35.5644,32.2767],[35.5642,32.2761],[35.5638,32.2758],[35.562,32.2753],[35.561,32.2746],[35.5601,32.2741],[35.5591,32.2742],[35.558,32.2739],[35.5574,32.2729],[35.5579,32.2713],[35.5582,32.2701],[35.5587,32.2687],[35.5591,32.2676],[35.5594,32.2667],[35.5594,32.2661],[35.5601,32.2651],[35.5615,32.2646],[35.5624,32.2643],[35.5628,32.264],[35.5632,32.2636],[35.5635,32.2627],[35.564,32.2616],[35.564,32.2606],[35.5639,32.2599],[35.564,32.2592],[35.5635,32.2583],[35.5628,32.2574],[35.5626,32.2561],[35.5623,32.255],[35.5621,32.2534],[35.5622,32.2527],[35.5626,32.2515],[35.5633,32.2506],[35.5642,32.2501],[35.5646,32.25],[35.5656,32.2504],[35.5667,32.2512],[35.5681,32.2515],[35.5692,32.2517],[35.5699,32.2515],[35.5703,32.2505],[35.5704,32.2501],[35.57,32.2491],[35.5694,32.2479],[35.5691,32.2459],[35.5692,32.2447],[35.5695,32.2442],[35.5708,32.2436],[35.5715,32.2428],[35.5712,32.2419],[35.5703,32.241],[35.5693,32.241],[35.5687,32.2413],[35.568,32.2426],[35.5661,32.2427],[35.5653,32.243],[35.5645,32.2428],[35.5634,32.2425],[35.5631,32.2423],[35.5625,32.2405],[35.5622,32.2397],[35.563,32.2389],[35.5631,32.2374],[35.5626,32.2365],[35.5629,32.234],[35.5629,32.2319],[35.5632,32.2309],[35.5638,32.23],[35.5643,32.2296],[35.565,32.2295],[35.566,32.2295],[35.5669,32.2298],[35.5676,32.2301],[35.5682,32.2305],[35.5687,32.231],[35.5697,32.2309],[35.5704,32.2309],[35.571,32.2304],[35.5712,32.2293],[35.5703,32.2286],[35.5692,32.2281],[35.5683,32.2273],[35.5682,32.2262],[35.5687,32.2253],[35.5689,32.2239],[35.5685,32.2232],[35.5673,32.2224],[35.5667,32.2219],[35.5663,32.2211],[35.5662,32.2204],[35.5667,32.2199],[35.5668,32.2191],[35.5666,32.2185],[35.5661,32.2179],[35.5656,32.217],[35.5653,32.2165],[35.5654,32.2161],[35.5668,32.2158],[35.5677,32.2157],[35.5686,32.2151],[35.57,32.2153],[35.5715,32.2157],[35.5727,32.216],[35.5732,32.2163],[35.5734,32.2156],[35.5722,32.2145],[35.572,32.2137],[35.5719,32.2133],[35.5715,32.212],[35.571,32.2113],[35.5695,32.2103],[35.5689,32.2098],[35.568,32.2097],[35.5673,32.2097],[35.5668,32.2095],[35.5668,32.2087],[35.5661,32.208],[35.5651,32.2074],[35.5637,32.2058],[35.5636,32.2055],[35.5635,32.2049],[35.5638,32.204],[35.5642,32.2033],[35.5641,32.2022],[35.5636,32.2014],[35.563,32.2012],[35.5625,32.2009],[35.5619,32.2006],[35.5614,32.2005],[35.5614,32.1998],[35.5617,32.1988],[35.5624,32.1978],[35.5627,32.1977],[35.5634,32.1977],[35.5649,32.1991],[35.5658,32.1995],[35.5677,32.2011],[35.5687,32.2013],[35.569,32.2009],[35.5688,32.1994],[35.5687,32.1986],[35.5688,32.1972],[35.5685,32.1961],[35.5715,32.1942],[35.5721,32.1937],[35.5717,32.1929],[35.5713,32.1922],[35.5704,32.1919],[35.5695,32.1918],[35.5683,32.1924],[35.5677,32.1925],[35.5671,32.1921],[35.5672,32.1916],[35.5675,32.191],[35.5675,32.1899],[35.5676,32.1892],[35.5672,32.1884],[35.5659,32.1882],[35.5651,32.1884],[35.5645,32.1893],[35.5639,32.19],[35.5632,32.1903],[35.5621,32.19],[35.5612,32.1896],[35.5604,32.189],[35.5604,32.1882],[35.5607,32.1874],[35.5606,32.1859],[35.5604,32.1852],[35.5605,32.1845],[35.5609,32.1836],[35.5605,32.1829],[35.5598,32.1818],[35.5595,32.1809],[35.5591,32.1804],[35.5593,32.18],[35.5606,32.1787],[35.5613,32.1778],[35.5613,32.1774],[35.5612,32.1769],[35.5609,32.1765],[35.5597,32.1754],[35.5588,32.175],[35.5579,32.1751],[35.5572,32.1756],[35.5561,32.1761],[35.5553,32.1763],[35.5545,32.1763],[35.5542,32.176],[35.555,32.1751],[35.5554,32.1746],[35.5557,32.1743],[35.5557,32.1738],[35.5555,32.1735],[35.5552,32.173],[35.5549,32.1727],[35.5544,32.173],[35.5533,32.1733],[35.5526,32.1733],[35.5516,32.1729],[35.5514,32.1721],[35.552,32.1717],[35.5526,32.1712],[35.5535,32.171],[35.5544,32.1711],[35.555,32.1709],[35.5551,32.1705],[35.5551,32.1701],[35.5554,32.1698],[35.5558,32.1692],[35.5558,32.1683],[35.5555,32.168],[35.5546,32.1678],[35.5534,32.1678],[35.5526,32.1678],[35.5518,32.1677],[35.5512,32.1672],[35.5508,32.1668],[35.5506,32.1664],[35.5504,32.1658],[35.5506,32.1653],[35.5511,32.1649],[35.5515,32.1647],[35.5526,32.1649],[35.5531,32.1651],[35.5536,32.1651],[35.554,32.1647],[35.5542,32.1639],[35.5537,32.1635],[35.553,32.1632],[35.5515,32.163],[35.55,32.1627],[35.5488,32.1621],[35.5484,32.1617],[35.5489,32.1613],[35.5497,32.1608],[35.5505,32.1604],[35.5513,32.1601],[35.5522,32.1599],[35.5527,32.1597],[35.5536,32.1603],[35.5539,32.1605],[35.5546,32.1605],[35.5552,32.1595],[35.5563,32.1585],[35.5567,32.1579],[35.5569,32.1571],[35.5565,32.1562],[35.5561,32.1555],[35.5561,32.1547],[35.556,32.1541],[35.5567,32.1533],[35.5595,32.1534],[35.56,32.1525],[35.5601,32.1511],[35.5599,32.1497],[35.5591,32.1483],[35.5578,32.1464],[35.5586,32.1456],[35.5586,32.1446],[35.5581,32.144],[35.5576,32.1438],[35.5563,32.1437],[35.5548,32.144],[35.5536,32.1447],[35.5525,32.1448],[35.5513,32.1441],[35.5507,32.1434],[35.5513,32.1426],[35.5508,32.1422],[35.5501,32.1416],[35.5494,32.1415],[35.548,32.1431],[35.5475,32.1438],[35.5457,32.1436],[35.5451,32.1427],[35.5444,32.1423],[35.545,32.1408],[35.5462,32.1404],[35.5467,32.1397],[35.5457,32.139],[35.5445,32.1394],[35.5433,32.1396],[35.5437,32.1391],[35.5444,32.1387],[35.5447,32.138],[35.5446,32.1369],[35.5445,32.1361],[35.5449,32.1354],[35.5462,32.1357],[35.548,32.1354],[35.5493,32.1354],[35.5497,32.1348],[35.5493,32.1342],[35.5483,32.1328],[35.547,32.1324],[35.5467,32.1314],[35.5479,32.1304],[35.5498,32.1302],[35.55,32.1299],[35.5495,32.1288],[35.5489,32.1283],[35.5492,32.1255],[35.5491,32.1246],[35.5484,32.1232],[35.5476,32.1217],[35.5469,32.1212],[35.546,32.1205],[35.5457,32.1188],[35.544,32.1171],[35.5433,32.1158],[35.5428,32.1143],[35.5417,32.1132],[35.5409,32.1118],[35.5399,32.1104],[35.5385,32.1095],[35.536,32.1091],[35.5344,32.1088],[35.5338,32.1084],[35.5338,32.1067],[35.535,32.1052],[35.5358,32.1013],[35.5363,32.0996],[35.5372,32.0984],[35.5383,32.097],[35.5394,32.095],[35.5407,32.0928],[35.5411,32.0916],[35.5415,32.0895],[35.5425,32.0879],[35.5435,32.0865],[35.5442,32.0846],[35.5443,32.0832],[35.5431,32.0818],[35.5417,32.0807],[35.5408,32.0793],[35.5401,32.0779],[35.5397,32.0774],[35.5388,32.077],[35.5376,32.0769],[35.536,32.0765],[35.5348,32.0761],[35.5346,32.0751],[35.535,32.0742],[35.5351,32.073],[35.535,32.0723],[35.5356,32.0709],[35.5354,32.0703],[35.5351,32.0698],[35.5345,32.0695],[35.534,32.0697],[35.5326,32.0693],[35.5325,32.068],[35.5323,32.0676],[35.5314,32.0667],[35.5302,32.0654],[35.5302,32.065],[35.5296,32.0642],[35.5299,32.0624],[35.5306,32.0617],[35.5311,32.0607],[35.5306,32.0598],[35.5303,32.0595],[35.5299,32.0583],[35.5298,32.057],[35.5308,32.0561],[35.531,32.0557],[35.5306,32.0548],[35.53,32.0541],[35.5299,32.0514],[35.5295,32.0501],[35.5292,32.0497],[35.5279,32.0496],[35.5265,32.0497],[35.5245,32.0499],[35.5234,32.0499],[35.523,32.0494],[35.5235,32.0483],[35.523,32.0476],[35.5225,32.0473],[35.5218,32.0479],[35.5205,32.0484],[35.5197,32.0476],[35.519,32.0461],[35.519,32.0447],[35.5201,32.0442],[35.5223,32.0439],[35.5226,32.0435],[35.5218,32.0423],[35.5207,32.0408],[35.5203,32.0393],[35.5199,32.0376],[35.5182,32.0366],[35.5175,32.0364],[35.5186,32.0357],[35.5191,32.0361],[35.5191,32.0353],[35.5195,32.034],[35.5206,32.0336],[35.5219,32.0335],[35.523,32.0326],[35.5224,32.032],[35.5211,32.0319],[35.5216,32.0311],[35.521,32.0301],[35.5209,32.0295],[35.5218,32.0293],[35.5224,32.0291],[35.523,32.0281],[35.522,32.0246],[35.5219,32.0234],[35.5222,32.0224],[35.5233,32.0219],[35.524,32.0204],[35.5245,32.0202],[35.5259,32.0204],[35.5272,32.0204],[35.5289,32.0188],[35.5281,32.0175],[35.5264,32.0159],[35.5254,32.0159],[35.5239,32.0157],[35.5234,32.0146],[35.5222,32.0144],[35.5225,32.0131],[35.5231,32.0123],[35.524,32.0126],[35.5243,32.0137],[35.5254,32.0147],[35.5258,32.015],[35.5266,32.0149],[35.5271,32.0128],[35.5264,32.0103],[35.5271,32.0093],[35.5282,32.0093],[35.5286,32.0085],[35.5276,32.0071],[35.5266,32.0065],[35.5256,32.0056],[35.5255,32.0047],[35.5259,32.004],[35.5263,32.0034],[35.5253,32.0026],[35.5255,32.0024],[35.5258,32.0021],[35.5265,32.0022],[35.5269,32.0017],[35.5269,32.001],[35.5274,32.0005],[35.5289,32.0],[35.5295,31.9997],[35.5306,31.9999],[35.5314,32.0007],[35.5322,32.0009],[35.5322,31.9995],[35.5318,31.9986],[35.5325,31.9981],[35.5335,31.9985],[35.534,31.9993],[35.5342,32.0001],[35.5339,32.0004],[35.5331,32.0009],[35.5331,32.0013],[35.5337,32.0016],[35.5342,32.0016],[35.5361,32.0007],[35.5362,32.0005],[35.536,31.9997],[35.535,31.9981],[35.5348,31.9976],[35.5374,31.9965],[35.5381,31.9961],[35.5385,31.9959],[35.5385,31.9953],[35.5382,31.9944],[35.535,31.992],[35.5358,31.9915],[35.5364,31.9913],[35.5371,31.9915],[35.5375,31.9913],[35.5373,31.9907],[35.5365,31.9902],[35.5354,31.9891],[35.535,31.9888],[35.5353,31.9884],[35.536,31.9881],[35.5367,31.9881],[35.5375,31.9881],[35.5372,31.9871],[35.5366,31.9864],[35.536,31.9864],[35.5353,31.9865],[35.5344,31.9868],[35.5336,31.9869],[35.5333,31.9865],[35.5335,31.986],[35.5341,31.9856],[35.5348,31.9854],[35.5355,31.9851],[35.5359,31.9834],[35.5366,31.9825],[35.5383,31.9807],[35.5401,31.98],[35.5414,31.9792],[35.543,31.9777],[35.5433,31.9769],[35.5422,31.9762],[35.5405,31.9762],[35.5405,31.9754],[35.5407,31.9749],[35.541,31.9745],[35.5419,31.9743],[35.5421,31.9731],[35.5428,31.9731],[35.5438,31.9732],[35.5434,31.9727],[35.5434,31.9718],[35.5435,31.9712],[35.5442,31.9704],[35.5449,31.97],[35.5456,31.97],[35.5464,31.9702],[35.5468,31.9714],[35.5475,31.9719],[35.5479,31.9713],[35.548,31.9698],[35.5483,31.9687],[35.5482,31.9678],[35.5476,31.9672],[35.5465,31.9673],[35.5457,31.9674],[35.545,31.966],[35.5437,31.9655],[35.5429,31.9651],[35.5427,31.9644],[35.5438,31.9636],[35.5445,31.9633],[35.5451,31.9631],[35.5455,31.9624],[35.5457,31.9617],[35.5458,31.9612],[35.5452,31.9604],[35.5441,31.9604],[35.5431,31.9605],[35.5423,31.9603],[35.5419,31.9598],[35.542,31.9584],[35.5418,31.9573],[35.5413,31.9562],[35.5422,31.9555],[35.5434,31.9549],[35.5436,31.9544],[35.5433,31.9526],[35.5423,31.9518],[35.5418,31.9514],[35.5417,31.9509],[35.5421,31.95],[35.5426,31.9494],[35.543,31.9488],[35.5428,31.948],[35.5426,31.9475],[35.5436,31.9455],[35.5438,31.9447],[35.5438,31.944],[35.5436,31.9436],[35.5432,31.9435],[35.5425,31.9435],[35.5418,31.9438],[35.5413,31.9437],[35.5422,31.9427],[35.543,31.9423],[35.5435,31.9421],[35.5438,31.9417],[35.5435,31.9408],[35.5414,31.9388],[35.5409,31.9384],[35.5408,31.9374],[35.5409,31.9366],[35.5416,31.9363],[35.5425,31.9363],[35.5445,31.9366],[35.5455,31.9364],[35.5453,31.9353],[35.5441,31.9338],[35.5437,31.9335],[35.5422,31.9332],[35.5415,31.9329],[35.5415,31.9326],[35.541,31.9319],[35.5407,31.9317],[35.5402,31.9331],[35.5397,31.9332],[35.5392,31.9331],[35.5392,31.9321],[35.5391,31.9318],[35.5385,31.9311],[35.5376,31.9305],[35.537,31.93],[35.5362,31.9298],[35.5359,31.929],[35.5364,31.9263],[35.5366,31.9254],[35.5365,31.9247],[35.536,31.9245],[35.5348,31.9247],[35.5329,31.9243],[35.5321,31.9242],[35.5309,31.9234],[35.53,31.9232],[35.529,31.9231],[35.5278,31.9227],[35.5274,31.9215],[35.5275,31.9201],[35.5274,31.9185],[35.5276,31.9177],[35.5281,31.9171],[35.5288,31.9162],[35.5285,31.9159],[35.5279,31.9158],[35.5274,31.9156],[35.5274,31.9149],[35.5276,31.9141],[35.5265,31.9136],[35.5263,31.9127],[35.5262,31.9112],[35.5254,31.9085],[35.5251,31.908],[35.5247,31.9075],[35.5249,31.9066],[35.5263,31.9061],[35.5266,31.9053],[35.5262,31.9042],[35.5258,31.9031],[35.5258,31.9025],[35.5259,31.902],[35.5264,31.9021],[35.5269,31.9027],[35.5274,31.9027],[35.5283,31.9018],[35.5283,31.9001],[35.5283,31.8998],[35.5286,31.8989],[35.5291,31.8985],[35.5301,31.8985],[35.5309,31.8986],[35.5315,31.8986],[35.5317,31.8984],[35.5314,31.8975],[35.5309,31.8973],[35.5307,31.897],[35.5309,31.8966],[35.5311,31.8963],[35.5313,31.8962],[35.5318,31.8963],[35.5323,31.8968],[35.5326,31.8969],[35.5333,31.8964],[35.5338,31.8959],[35.5335,31.8954],[35.5322,31.8948],[35.5315,31.8939],[35.531,31.8934],[35.5305,31.893],[35.5306,31.8926],[35.5311,31.8923],[35.5317,31.8924],[35.5326,31.8929],[35.5332,31.8936],[35.5342,31.8942],[35.5348,31.8945],[35.5351,31.8941],[35.535,31.8935],[35.5344,31.8924],[35.5343,31.8924],[35.5339,31.8918],[35.5325,31.8911],[35.5317,31.8911],[35.5309,31.891],[35.5306,31.8907],[35.5308,31.8897],[35.531,31.8888],[35.5318,31.8878],[35.5322,31.8869],[35.5321,31.8866],[35.533,31.8864],[35.534,31.8859],[35.5346,31.8858],[35.5355,31.8857],[35.5363,31.8854],[35.5361,31.8844],[35.5348,31.8839],[35.5334,31.8834],[35.5328,31.8825],[35.5334,31.8821],[35.5358,31.8811],[35.5379,31.8803],[35.5395,31.88],[35.5397,31.8776],[35.5398,31.8768],[35.5396,31.8751],[35.5395,31.8748],[35.5397,31.8742],[35.5409,31.8741],[35.5431,31.875],[35.5442,31.8756],[35.545,31.8756],[35.5468,31.8738],[35.5477,31.8737],[35.5483,31.8744],[35.5492,31.8737],[35.5497,31.8732],[35.5496,31.8727],[35.5485,31.8721],[35.5472,31.8719],[35.546,31.8715],[35.5453,31.8712],[35.5451,31.8705],[35.5454,31.8694],[35.5466,31.8686],[35.547,31.8681],[35.5478,31.8675],[35.5474,31.8665],[35.5487,31.8666],[35.5486,31.8657],[35.5483,31.8655],[35.5475,31.8647],[35.5467,31.8646],[35.5464,31.865],[35.5451,31.8655],[35.5447,31.8651],[35.5452,31.8646],[35.5462,31.8643],[35.5467,31.8638],[35.5463,31.8635],[35.5458,31.8635],[35.5448,31.8638],[35.5446,31.864],[35.5442,31.864],[35.5438,31.8636],[35.5446,31.863],[35.5447,31.8627],[35.5448,31.8621],[35.5444,31.8617],[35.5436,31.8614],[35.5432,31.8608],[35.5431,31.86],[35.5432,31.8596],[35.543,31.8595],[35.5427,31.8594],[35.5423,31.8596],[35.5419,31.8599],[35.5413,31.8607],[35.5404,31.8608],[35.5404,31.8608],[35.54,31.8587],[35.5397,31.8584],[35.5393,31.8585],[35.5387,31.8582],[35.539,31.858],[35.5399,31.8579],[35.5403,31.8577],[35.5403,31.8573],[35.5393,31.857],[35.5377,31.8569],[35.537,31.8566],[35.5373,31.8562],[35.538,31.8557],[35.5386,31.8552],[35.5402,31.8547],[35.541,31.8547],[35.5425,31.8551],[35.5428,31.8551],[35.543,31.8548],[35.5428,31.8544],[35.5421,31.854],[35.5415,31.8536],[35.5408,31.8533],[35.5402,31.8524],[35.5393,31.8523],[35.5392,31.8521],[35.5398,31.8513],[35.541,31.8506],[35.5418,31.8504],[35.5427,31.8503],[35.5433,31.8501],[35.5433,31.8499],[35.5428,31.8495],[35.542,31.8492],[35.5415,31.8489],[35.5413,31.8486],[35.5413,31.8484],[35.5417,31.8482],[35.542,31.8482],[35.5422,31.8483],[35.5431,31.8488],[35.5432,31.8491],[35.5436,31.8492],[35.5438,31.8492],[35.5451,31.8487],[35.546,31.8482],[35.5466,31.8476],[35.5467,31.8474],[35.5466,31.8472],[35.5463,31.8469],[35.546,31.8468],[35.5456,31.8468],[35.5449,31.8468],[35.5445,31.8469],[35.5441,31.8468],[35.5438,31.8467],[35.5436,31.8465],[35.5436,31.8462],[35.5438,31.8459],[35.544,31.8457],[35.5451,31.8455],[35.5465,31.8449],[35.547,31.8446],[35.548,31.8443],[35.5485,31.8442],[35.5489,31.844],[35.5489,31.8435],[35.5487,31.8432],[35.5485,31.843],[35.548,31.843],[35.5472,31.8429],[35.5467,31.843],[35.5459,31.8429],[35.5456,31.8428],[35.5451,31.8426],[35.5449,31.8424],[35.5449,31.8421],[35.5451,31.8418],[35.5454,31.8417],[35.5459,31.8414],[35.5466,31.8412],[35.547,31.8409],[35.5471,31.8406],[35.5472,31.8403],[35.5469,31.8399],[35.5469,31.8396],[35.547,31.8394],[35.5472,31.839],[35.5475,31.8385],[35.5475,31.838],[35.5471,31.8374],[35.5463,31.8365],[35.5464,31.8363],[35.5467,31.8362],[35.547,31.8362],[35.5477,31.8363],[35.5481,31.8364],[35.5485,31.8365],[35.5488,31.8365],[35.5492,31.8363],[35.5491,31.836],[35.5491,31.8358],[35.5488,31.8356],[35.5481,31.8352],[35.5477,31.8349],[35.5472,31.8344],[35.5467,31.8334],[35.5464,31.8331],[35.5464,31.8325],[35.5466,31.8322],[35.5471,31.8317],[35.5473,31.8312],[35.5473,31.8311],[35.5472,31.831],[35.5459,31.8311],[35.5454,31.8311],[35.5452,31.8309],[35.5451,31.8306],[35.5452,31.8305],[35.5458,31.8302],[35.5472,31.83],[35.5474,31.8298],[35.5476,31.8296],[35.5477,31.8292],[35.5476,31.8288],[35.5471,31.8279],[35.547,31.8275],[35.547,31.8273],[35.5471,31.827],[35.548,31.8261],[35.5482,31.8257],[35.5483,31.8252],[35.5484,31.8246],[35.5484,31.8241],[35.5482,31.8239],[35.5479,31.8237],[35.5473,31.8234],[35.5462,31.8233],[35.545,31.8228],[35.5447,31.8226],[35.544,31.8224],[35.5435,31.8222],[35.5429,31.8213],[35.5422,31.8206],[35.5421,31.8202],[35.5421,31.8199],[35.5427,31.8192],[35.543,31.8189],[35.5436,31.8178],[35.5436,31.8177],[35.5435,31.8175],[35.5432,31.8174],[35.5428,31.8174],[35.5422,31.8174],[35.5416,31.8175],[35.5409,31.8177],[35.5404,31.8178],[35.5401,31.8177],[35.5398,31.8175],[35.5395,31.8168],[35.5393,31.8166],[35.5392,31.8164],[35.5393,31.8161],[35.5395,31.8159],[35.5398,31.8158],[35.5409,31.8156],[35.5416,31.8156],[35.542,31.8156],[35.5421,31.8154],[35.5421,31.8152],[35.5419,31.815],[35.5413,31.8143],[35.541,31.8139],[35.5409,31.8138],[35.541,31.8135],[35.5412,31.8132],[35.5415,31.8131],[35.5418,31.8131],[35.5425,31.8133],[35.543,31.8136],[35.5435,31.8138],[35.5437,31.8138],[35.5439,31.8137],[35.5442,31.8132],[35.5443,31.813],[35.5444,31.8127],[35.5444,31.8125],[35.5444,31.8123],[35.5437,31.8116],[35.5432,31.811],[35.5431,31.8106],[35.5436,31.8096],[35.5435,31.8093],[35.5433,31.8091],[35.5432,31.8089],[35.543,31.8087],[35.543,31.8071],[35.5429,31.8066],[35.5426,31.8061],[35.5426,31.8059],[35.5426,31.8057],[35.5427,31.8053],[35.5429,31.805],[35.5432,31.8045],[35.5436,31.8042],[35.5448,31.803],[35.5452,31.8025],[35.5454,31.8022],[35.5456,31.8016],[35.5458,31.8011],[35.546,31.8007],[35.5462,31.8004],[35.5467,31.8001],[35.5475,31.7999],[35.548,31.7999],[35.5483,31.8],[35.5489,31.8004],[35.5496,31.8007],[35.5509,31.7985],[35.551,31.7981],[35.5509,31.7978],[35.5508,31.7974],[35.5506,31.7972],[35.5504,31.7969],[35.5497,31.7967],[35.5483,31.7959],[35.548,31.7956],[35.5481,31.7953],[35.5482,31.7951],[35.5485,31.7951],[35.5488,31.7951],[35.5493,31.7954],[35.5495,31.7954],[35.5497,31.7952],[35.5501,31.7947],[35.5504,31.794],[35.5505,31.7936],[35.5507,31.7933],[35.551,31.7923],[35.551,31.7919],[35.551,31.7916],[35.5508,31.7909],[35.5505,31.7907],[35.5502,31.7896],[35.55,31.7892],[35.5498,31.7884],[35.5495,31.7878],[35.5488,31.7863],[35.5485,31.7859],[35.548,31.785],[35.5479,31.7843],[35.5476,31.7836],[35.5475,31.7832],[35.5476,31.7826],[35.5477,31.7821],[35.548,31.7815],[35.5483,31.7806],[35.55,31.7774],[35.5517,31.7745],[35.5521,31.7742],[35.5527,31.7739],[35.5536,31.7732],[35.5541,31.7727],[35.5546,31.772],[35.5549,31.7712],[35.555,31.7708],[35.5541,31.7695],[35.5536,31.7688],[35.5535,31.7682],[35.5536,31.7677],[35.5538,31.7672],[35.5548,31.7661],[35.5565,31.7648],[35.5575,31.7644],[35.5585,31.7642],[35.5589,31.7639],[35.559,31.7636],[35.5592,31.7633],[35.5592,31.7629],[35.5589,31.7621],[35.558,31.7606],[35.555,31.7565],[35.5549,31.7565],[35.5549,31.7565],[35.5548,31.7565],[35.5548,31.7565],[35.5547,31.7565],[35.5546,31.7565],[35.5546,31.7566],[35.5546,31.7566],[35.5546,31.7566],[35.5546,31.7567],[35.5545,31.7567],[35.5542,31.7568],[35.5538,31.7573],[35.553,31.7577],[35.5525,31.7578],[35.5518,31.758],[35.5513,31.7581],[35.5509,31.7579],[35.5504,31.7579],[35.5501,31.7581],[35.5495,31.7579],[35.5485,31.7577],[35.5476,31.7579],[35.5471,31.7577],[35.5462,31.7575],[35.5451,31.7576],[35.5443,31.7581],[35.544,31.7582],[35.5431,31.7586],[35.5425,31.759],[35.5418,31.7591],[35.5413,31.759],[35.5407,31.7588],[35.5402,31.759],[35.5394,31.7589],[35.5393,31.7588],[35.5391,31.7587],[35.539,31.7586],[35.5388,31.7584],[35.5386,31.7584],[35.5383,31.7586],[35.5379,31.759],[35.5377,31.7591],[35.5372,31.7591],[35.5367,31.7592],[35.5363,31.7591],[35.5359,31.759],[35.5355,31.7591],[35.5353,31.7592],[35.535,31.7591],[35.5347,31.7592],[35.5344,31.7594],[35.5341,31.7595],[35.5341,31.7597],[35.534,31.7597],[35.5338,31.7597],[35.5336,31.7599],[35.5335,31.7601],[35.5328,31.7602],[35.5325,31.7602],[35.5319,31.7602],[35.5317,31.7602],[35.5311,31.7602],[35.5308,31.7604],[35.5304,31.7605],[35.5302,31.7605],[35.53,31.7605],[35.5295,31.7607],[35.5293,31.761],[35.529,31.7611],[35.5289,31.7613],[35.5288,31.7615],[35.5285,31.7615],[35.5282,31.7614],[35.528,31.7613],[35.5277,31.7613],[35.5273,31.7613],[35.5271,31.7612],[35.5271,31.7612],[35.527,31.7611],[35.5268,31.7611],[35.5268,31.7611],[35.5268,31.761],[35.5266,31.761],[35.5266,31.7609],[35.5266,31.7608],[35.5266,31.7608],[35.5266,31.7607],[35.5267,31.7607],[35.5265,31.7606],[35.5265,31.7606],[35.5265,31.7605],[35.5263,31.7604],[35.5261,31.7604],[35.5259,31.7604],[35.5258,31.7605],[35.5257,31.7606],[35.5256,31.7608],[35.5255,31.7608],[35.5254,31.7609],[35.5253,31.7608],[35.5253,31.7608],[35.5252,31.7608],[35.5251,31.7608],[35.5249,31.7607],[35.5245,31.7607],[35.5244,31.7608],[35.5242,31.7608],[35.5241,31.7609],[35.524,31.761],[35.524,31.7609],[35.5239,31.7608],[35.5238,31.7608],[35.5237,31.7607],[35.5235,31.7606],[35.5233,31.7606],[35.5231,31.7606],[35.523,31.7605],[35.5228,31.7604],[35.5227,31.7603],[35.5227,31.7602],[35.5226,31.7602],[35.5225,31.7602],[35.5224,31.76],[35.5223,31.76],[35.5222,31.7599],[35.5223,31.7598],[35.5221,31.7598],[35.5218,31.7598],[35.5216,31.7597],[35.5215,31.7596],[35.5213,31.7597],[35.5212,31.7598],[35.5212,31.7599],[35.5211,31.7599],[35.5209,31.76],[35.5207,31.7602],[35.5205,31.7604],[35.5203,31.7606],[35.52,31.7606],[35.5198,31.7607],[35.5196,31.7607],[35.5194,31.7608],[35.5191,31.7609],[35.519,31.7609],[35.5189,31.7609],[35.5189,31.7608],[35.5189,31.7608],[35.5189,31.7608],[35.5187,31.7609],[35.5184,31.761],[35.5182,31.7611],[35.5179,31.7611],[35.5177,31.7612],[35.5176,31.7613],[35.5175,31.7614],[35.5174,31.7614],[35.5173,31.7615],[35.5172,31.7615],[35.5171,31.7615],[35.517,31.7616],[35.5169,31.7616],[35.5169,31.7617],[35.5169,31.7618],[35.5169,31.7619],[35.5168,31.762],[35.5167,31.762],[35.5166,31.7621],[35.5165,31.7621],[35.5165,31.7622],[35.5165,31.7622],[35.5164,31.7623],[35.5162,31.7624],[35.516,31.7624],[35.516,31.7624],[35.5157,31.7624],[35.5155,31.7624],[35.5155,31.7624],[35.5155,31.7624],[35.5154,31.7624],[35.5154,31.7624],[35.5153,31.7624],[35.5152,31.7624],[35.5151,31.7624],[35.515,31.7624],[35.515,31.7624],[35.515,31.7624],[35.5149,31.7624],[35.5148,31.7624],[35.5148,31.7624],[35.5147,31.7624],[35.5147,31.7624],[35.5147,31.7624],[35.5147,31.7624],[35.5147,31.7624],[35.5146,31.7624],[35.5146,31.7624],[35.5146,31.7624],[35.5146,31.7624],[35.5146,31.7624],[35.5146,31.7624],[35.5146,31.7624],[35.5145,31.7624],[35.5145,31.7624],[35.5144,31.7623],[35.5144,31.7623],[35.5143,31.7623],[35.5142,31.7623],[35.5142,31.7623],[35.5141,31.7623],[35.5141,31.7623],[35.514,31.7623],[35.514,31.7623],[35.5139,31.7624],[35.5138,31.7624],[35.5138,31.7624],[35.5137,31.7624],[35.5137,31.7624],[35.5136,31.7624],[35.5135,31.7624],[35.5135,31.7624],[35.5134,31.7624],[35.5134,31.7624],[35.5133,31.7624],[35.5133,31.7624],[35.5132,31.7624],[35.5132,31.7624],[35.5132,31.7624],[35.5131,31.7624],[35.5129,31.7623],[35.5129,31.7623],[35.5128,31.7622],[35.5128,31.7623],[35.5128,31.7622],[35.5127,31.7622],[35.5127,31.7623],[35.5127,31.7623],[35.5126,31.7623],[35.5126,31.7623],[35.5126,31.7623],[35.5126,31.7624],[35.5125,31.7624],[35.5125,31.7624],[35.5124,31.7625],[35.5124,31.7625],[35.5124,31.7625],[35.5123,31.7626],[35.5122,31.7626],[35.5121,31.7626],[35.5121,31.7627],[35.5119,31.7626],[35.5119,31.7626],[35.5119,31.7635],[35.5118,31.7635],[35.5118,31.7636],[35.5118,31.7637],[35.5118,31.7637],[35.5118,31.7638],[35.5118,31.7638],[35.5119,31.7639],[35.5119,31.7639],[35.5119,31.764],[35.5119,31.7646],[35.512,31.7667],[35.5119,31.7683],[35.5115,31.7714],[35.5112,31.773],[35.5112,31.7731],[35.5111,31.7738],[35.511,31.7744],[35.511,31.7744],[35.511,31.7745],[35.511,31.7745],[35.511,31.7746],[35.511,31.7746],[35.5111,31.7747],[35.5111,31.7747],[35.5111,31.7748],[35.5112,31.7748],[35.5112,31.7748],[35.5113,31.7749],[35.5113,31.7749],[35.5114,31.7749],[35.512,31.775],[35.5126,31.7751],[35.5126,31.7751],[35.5126,31.7751],[35.5134,31.7752],[35.5134,31.7752],[35.5143,31.7753],[35.5143,31.7753],[35.5143,31.7753],[35.5151,31.7753],[35.5161,31.7753],[35.5161,31.7753],[35.5165,31.7753],[35.5172,31.7753],[35.5178,31.7754],[35.5184,31.7754],[35.5189,31.7755],[35.5189,31.7755],[35.519,31.7755],[35.519,31.7756],[35.5191,31.7756],[35.5192,31.7756],[35.5192,31.7756],[35.5194,31.7756],[35.5195,31.7756],[35.5195,31.7756],[35.5198,31.7756],[35.5201,31.7755],[35.5214,31.7755],[35.5225,31.7755],[35.5232,31.7755],[35.5238,31.7755],[35.5238,31.7755],[35.5241,31.7755],[35.5241,31.7755],[35.5242,31.7755],[35.5244,31.7755],[35.5244,31.7754],[35.5244,31.7754],[35.5246,31.7754],[35.5247,31.7754],[35.5247,31.7754],[35.5251,31.7752],[35.5251,31.7752],[35.5252,31.7751],[35.5253,31.7751],[35.5253,31.7752],[35.5251,31.7755],[35.5251,31.7755],[35.5251,31.7755],[35.525,31.7757],[35.525,31.7757],[35.525,31.7758],[35.525,31.7761],[35.525,31.7761],[35.5249,31.7767],[35.5248,31.7781],[35.5248,31.7786],[35.5248,31.7787],[35.5248,31.7792],[35.5248,31.7792],[35.5248,31.7794],[35.5248,31.7795],[35.5248,31.7797],[35.5248,31.7798],[35.5248,31.7798],[35.5249,31.78],[35.5249,31.78],[35.5249,31.7801],[35.525,31.7804],[35.525,31.7804],[35.5252,31.7808],[35.5252,31.7808],[35.5252,31.7808],[35.5253,31.7811],[35.5253,31.7811],[35.5254,31.7811],[35.5255,31.7814],[35.5255,31.7814],[35.5259,31.7819],[35.5264,31.7825],[35.5264,31.7825],[35.5266,31.7827],[35.5266,31.7828],[35.5266,31.7828],[35.5268,31.7829],[35.5269,31.783],[35.5269,31.783],[35.5271,31.7831],[35.5275,31.7833],[35.5275,31.7833],[35.5275,31.7833],[35.5283,31.7836],[35.5287,31.7837],[35.5288,31.7838],[35.5289,31.7839],[35.529,31.784],[35.5291,31.7843],[35.5292,31.7844],[35.5292,31.7845],[35.5293,31.7847],[35.5293,31.7849],[35.5293,31.785],[35.5293,31.785],[35.5293,31.7851],[35.5293,31.7852],[35.5292,31.7853],[35.5291,31.7856],[35.5291,31.7856],[35.5289,31.7861],[35.5288,31.7863],[35.5288,31.7863],[35.5287,31.7865],[35.5287,31.7866],[35.5286,31.7868],[35.5286,31.7868],[35.5286,31.7868],[35.5286,31.787],[35.5286,31.787],[35.5286,31.7872],[35.5285,31.7872],[35.5285,31.7875],[35.5283,31.7886],[35.5283,31.7886],[35.5282,31.7895],[35.528,31.7906],[35.5279,31.7913],[35.5279,31.7916],[35.5277,31.7927],[35.5275,31.7936],[35.5274,31.7941],[35.527,31.7955],[35.5267,31.7967],[35.5265,31.7975],[35.5262,31.7986],[35.5262,31.7986],[35.5261,31.7991],[35.5261,31.7991],[35.5261,31.7991],[35.5261,31.7996],[35.5261,31.7996],[35.526,31.8001],[35.526,31.8001],[35.526,31.8004],[35.526,31.8009],[35.5259,31.8019],[35.5259,31.8029],[35.5258,31.8039],[35.5257,31.8051],[35.5257,31.8061],[35.5256,31.8072],[35.5256,31.8075],[35.5256,31.8075],[35.5256,31.8079],[35.5256,31.8079],[35.5256,31.8084],[35.5256,31.8084],[35.5256,31.809],[35.5256,31.8093],[35.5256,31.8094],[35.5256,31.8096],[35.5256,31.8107],[35.5257,31.8112],[35.5257,31.8117],[35.5257,31.8126],[35.5257,31.8135],[35.5257,31.8138],[35.5257,31.8145],[35.5257,31.8153],[35.5257,31.8159],[35.5256,31.8162],[35.5256,31.8164],[35.5256,31.8169],[35.5256,31.8169],[35.5255,31.8175],[35.5254,31.8183],[35.5253,31.8193],[35.5252,31.8202],[35.5251,31.8209],[35.5251,31.8209],[35.5251,31.8214],[35.525,31.8214],[35.525,31.8218],[35.525,31.8218],[35.525,31.8218],[35.525,31.8222],[35.525,31.8223],[35.5251,31.823],[35.5252,31.8237],[35.5253,31.8246],[35.5254,31.8256],[35.5255,31.8265],[35.5256,31.827],[35.5256,31.827],[35.5256,31.827],[35.5257,31.8278],[35.5257,31.8278],[35.5259,31.8285],[35.5261,31.8295],[35.5263,31.8303],[35.5263,31.8307],[35.5264,31.8314],[35.5265,31.8319],[35.5265,31.8319],[35.5265,31.8319],[35.5265,31.8321],[35.5266,31.8326],[35.5267,31.8337],[35.5267,31.8345],[35.5268,31.8356],[35.5268,31.8356],[35.527,31.8367],[35.5271,31.8378],[35.5271,31.8383],[35.5272,31.8394],[35.5273,31.8406],[35.5274,31.8412],[35.5274,31.8412],[35.5274,31.8415],[35.5273,31.8415],[35.5272,31.8419],[35.5267,31.8427],[35.5263,31.8436],[35.5258,31.8444],[35.5256,31.845],[35.5251,31.8458],[35.5251,31.8458],[35.5247,31.8468],[35.5245,31.8471],[35.524,31.848],[35.5233,31.8493],[35.523,31.8499],[35.5224,31.8511],[35.5223,31.8513],[35.5219,31.852],[35.5218,31.8522],[35.5217,31.8523],[35.5215,31.8525],[35.5214,31.8527],[35.5209,31.8532],[35.5206,31.8535],[35.5206,31.8535],[35.52,31.8541],[35.5198,31.8544],[35.5194,31.8548],[35.519,31.8551],[35.519,31.8551],[35.5188,31.8554],[35.5184,31.8558],[35.5181,31.8561],[35.5178,31.8565],[35.5174,31.8568],[35.5174,31.8568],[35.517,31.8573],[35.5166,31.8577],[35.5163,31.858],[35.5163,31.858],[35.5159,31.8584],[35.5155,31.8588],[35.5151,31.8593],[35.5149,31.8595],[35.5146,31.8598],[35.5143,31.8601],[35.5143,31.8601],[35.5141,31.8603],[35.5141,31.8603],[35.5138,31.8606],[35.5138,31.8606],[35.5138,31.8606],[35.5136,31.8609],[35.5136,31.8609],[35.5134,31.8612],[35.5134,31.8612],[35.5131,31.8615],[35.5128,31.8619],[35.5126,31.8622],[35.5126,31.8622],[35.5123,31.8625],[35.512,31.863],[35.5119,31.8631],[35.5116,31.8635],[35.5112,31.864],[35.5112,31.864],[35.511,31.8643],[35.5107,31.8647],[35.5107,31.8647],[35.5103,31.8652],[35.5098,31.8658],[35.5094,31.8663],[35.509,31.8669],[35.5087,31.8673],[35.5087,31.8673],[35.5085,31.8675],[35.5082,31.8679],[35.5081,31.868],[35.5081,31.868],[35.5078,31.8685],[35.5078,31.8686],[35.5078,31.8686],[35.5076,31.869],[35.5075,31.8692],[35.5074,31.8695],[35.5074,31.8695],[35.5073,31.8698],[35.5073,31.8698],[35.5071,31.8702],[35.507,31.8706],[35.507,31.8706],[35.5068,31.8709],[35.5066,31.8715],[35.5065,31.8717],[35.5065,31.8717],[35.5064,31.8722],[35.5062,31.8725],[35.5061,31.8728],[35.506,31.8731],[35.506,31.8731],[35.506,31.8733],[35.5058,31.8738],[35.5056,31.8743],[35.5055,31.8747],[35.5053,31.8751],[35.5052,31.8754],[35.5051,31.8756],[35.505,31.8758],[35.5047,31.8762],[35.5047,31.8762],[35.5047,31.8763],[35.5046,31.8764],[35.5046,31.8764],[35.5045,31.8765],[35.5044,31.8766],[35.5041,31.8768],[35.5036,31.877],[35.5035,31.877],[35.5033,31.8772],[35.5033,31.8772],[35.5033,31.8772],[35.5032,31.8773],[35.5032,31.8773],[35.503,31.8775],[35.503,31.8776],[35.503,31.8776],[35.5029,31.8778],[35.5029,31.8778],[35.5029,31.8779],[35.5029,31.8779],[35.5029,31.8781],[35.5029,31.8783],[35.5029,31.8783],[35.5029,31.8784],[35.5029,31.8785],[35.503,31.8785],[35.503,31.8785],[35.503,31.8786],[35.5031,31.8788],[35.5032,31.8788],[35.5033,31.879],[35.5033,31.879],[35.5035,31.8794],[35.5035,31.8794],[35.5036,31.8798],[35.5038,31.8802],[35.5038,31.8802],[35.5039,31.8804],[35.5043,31.8812],[35.5045,31.8817],[35.5048,31.8823],[35.505,31.8829],[35.5053,31.8834],[35.5053,31.8834],[35.5055,31.8838],[35.5057,31.8843],[35.5058,31.8846],[35.506,31.8849],[35.5062,31.8854],[35.5064,31.8858],[35.5065,31.886],[35.5065,31.8861],[35.5066,31.8862],[35.5066,31.8863],[35.5065,31.8864],[35.5064,31.8867],[35.5063,31.8871],[35.5061,31.8876],[35.5061,31.8876],[35.5059,31.8883],[35.5059,31.8883],[35.5057,31.889],[35.5057,31.889],[35.5055,31.8896],[35.5054,31.8898],[35.5054,31.8899],[35.5054,31.8899],[35.5054,31.8901],[35.5053,31.8902],[35.5052,31.8903],[35.5051,31.8904],[35.5049,31.8905],[35.5048,31.8906],[35.5045,31.8907],[35.5042,31.8908],[35.5042,31.8908],[35.5042,31.8908],[35.504,31.8909],[35.5039,31.8909],[35.5039,31.8909],[35.5037,31.891],[35.5037,31.8911],[35.5035,31.8912],[35.5035,31.8912],[35.5032,31.8913],[35.5029,31.8916],[35.5028,31.8916],[35.5022,31.8921],[35.5018,31.8923],[35.5014,31.8927],[35.5014,31.8927],[35.5011,31.8929],[35.5011,31.893],[35.5011,31.893],[35.5009,31.8932],[35.5008,31.8933],[35.5008,31.8933],[35.5006,31.8937],[35.5006,31.8937],[35.5006,31.8937],[35.5005,31.8939],[35.5005,31.894],[35.5005,31.894],[35.5004,31.8942],[35.5003,31.8948],[35.5003,31.8948],[35.5001,31.8954],[35.5001,31.8955],[35.5,31.8959],[35.4999,31.8963],[35.4998,31.8968],[35.4997,31.8971],[35.4997,31.8972],[35.4997,31.8976],[35.4996,31.8981],[35.4995,31.8984],[35.4995,31.8984],[35.4995,31.8984],[35.4995,31.8985],[35.4995,31.8985],[35.4995,31.8988],[35.4995,31.8988],[35.4995,31.8989],[35.4995,31.8995],[35.4995,31.9002],[35.4995,31.9007],[35.4995,31.9007],[35.4995,31.9012],[35.4995,31.9012],[35.4996,31.902],[35.4996,31.9023],[35.4996,31.9023],[35.4996,31.903],[35.4996,31.903],[35.4996,31.9037],[35.4997,31.9043],[35.4997,31.9047],[35.4997,31.9055],[35.4997,31.9062],[35.4997,31.9062],[35.4997,31.907],[35.4997,31.9074],[35.4998,31.9084],[35.4998,31.909],[35.4998,31.9096],[35.4998,31.9096],[35.4998,31.9096],[35.4998,31.9098],[35.4998,31.9099],[35.4998,31.9099],[35.4998,31.9099],[35.4999,31.9101],[35.4999,31.9101],[35.4999,31.9101],[35.5,31.9102],[35.5,31.9103],[35.5,31.9103],[35.5002,31.9105],[35.5004,31.9109],[35.5008,31.9116],[35.5008,31.9116],[35.5012,31.9122],[35.5015,31.9127],[35.5015,31.9128],[35.502,31.9135],[35.5023,31.914],[35.5023,31.914],[35.5026,31.9146],[35.5029,31.9151],[35.5029,31.9151],[35.503,31.9153],[35.5033,31.9158],[35.5035,31.9162],[35.5036,31.9165],[35.5037,31.9166],[35.5037,31.9167],[35.5037,31.9167],[35.5037,31.9168],[35.5037,31.9168],[35.5037,31.9169],[35.5038,31.917],[35.5038,31.9171],[35.5038,31.9171],[35.5038,31.9171],[35.5038,31.9172],[35.5042,31.9176],[35.5044,31.9179],[35.5046,31.9182],[35.5049,31.9186],[35.5052,31.9191],[35.5055,31.9196],[35.5061,31.9205],[35.5064,31.921],[35.5065,31.9213],[35.5065,31.9213],[35.5069,31.922],[35.5072,31.9225],[35.5073,31.9225],[35.5075,31.923],[35.5078,31.9234],[35.5078,31.9234],[35.5078,31.9234],[35.5079,31.9235],[35.5081,31.9237],[35.5081,31.9237],[35.5082,31.9237],[35.5082,31.9237],[35.5085,31.9239],[35.5092,31.9242],[35.5099,31.9245],[35.5106,31.9249],[35.5112,31.9251],[35.5116,31.9253],[35.5116,31.9254],[35.5116,31.9254],[35.5116,31.9255],[35.5116,31.9256],[35.5117,31.9256],[35.5117,31.9256],[35.5117,31.9257],[35.5118,31.9258],[35.5119,31.926],[35.512,31.9262],[35.512,31.9262],[35.5121,31.9264],[35.5121,31.9265],[35.5122,31.9267],[35.5123,31.927],[35.5123,31.9271],[35.5124,31.9272],[35.5124,31.9273],[35.5125,31.9274],[35.5125,31.9274],[35.5126,31.9275],[35.5126,31.9276],[35.5126,31.9276],[35.5128,31.9277],[35.5128,31.9278],[35.5132,31.928],[35.5132,31.928],[35.5135,31.9282],[35.5135,31.9282],[35.5135,31.9282],[35.5137,31.9283],[35.5141,31.9285],[35.5141,31.9285],[35.5142,31.9287],[35.5142,31.9287],[35.5143,31.9288],[35.5142,31.929],[35.5142,31.9293],[35.5142,31.9293],[35.5142,31.9296],[35.5142,31.93],[35.5142,31.93],[35.5142,31.93],[35.5142,31.9302],[35.5142,31.9303],[35.5142,31.9303],[35.5142,31.9304],[35.5143,31.9304],[35.5143,31.9307],[35.5143,31.9307],[35.5144,31.9308],[35.5144,31.9308],[35.5145,31.9309],[35.5145,31.9309],[35.5146,31.931],[35.5146,31.931],[35.5147,31.931],[35.5148,31.9311],[35.5148,31.9311],[35.5147,31.9314],[35.5145,31.9318],[35.5141,31.9324],[35.5141,31.9324],[35.5137,31.9331],[35.5135,31.9335],[35.5132,31.9341],[35.5129,31.9347],[35.5126,31.9354],[35.5126,31.9354],[35.5123,31.936],[35.5121,31.9364],[35.5118,31.9369],[35.5115,31.9376],[35.5112,31.9382],[35.5112,31.9382],[35.5109,31.9389],[35.5105,31.9395],[35.5105,31.9395],[35.5103,31.94],[35.5102,31.9402],[35.5102,31.9402],[35.5102,31.9402],[35.5101,31.9406],[35.5101,31.9406],[35.5099,31.941],[35.5098,31.9414],[35.5097,31.9418],[35.5097,31.9418],[35.5096,31.9422],[35.5096,31.9422],[35.5096,31.9422],[35.5095,31.9425],[35.5095,31.9425],[35.5093,31.9431],[35.5093,31.9434],[35.5091,31.944],[35.5089,31.945],[35.5088,31.9455],[35.5088,31.9455],[35.5086,31.9463],[35.5085,31.9467],[35.5084,31.9473],[35.5083,31.9478],[35.5081,31.9487],[35.5079,31.9493],[35.5079,31.9493],[35.5078,31.9499],[35.5077,31.9503],[35.5075,31.951],[35.5075,31.951],[35.5074,31.9514],[35.5073,31.9521],[35.5071,31.9526],[35.507,31.9533],[35.507,31.9534],[35.5069,31.9539],[35.5068,31.9543],[35.5068,31.9543],[35.5067,31.9546],[35.5065,31.9553],[35.5063,31.9563],[35.5061,31.957],[35.5059,31.9577],[35.5057,31.9589],[35.5056,31.9594],[35.5053,31.9604],[35.5053,31.9604],[35.5053,31.9608],[35.5052,31.9611],[35.505,31.9617],[35.505,31.9617],[35.5049,31.9624],[35.5047,31.9631],[35.5045,31.9639],[35.5044,31.9643],[35.5044,31.9644],[35.5043,31.9646],[35.5042,31.9648],[35.5042,31.9648],[35.5042,31.9648],[35.5041,31.9651],[35.504,31.9653],[35.5039,31.9654],[35.5038,31.9656],[35.5038,31.9656],[35.5034,31.9661],[35.5033,31.9661],[35.5029,31.9668],[35.5025,31.9672],[35.5022,31.9676],[35.5015,31.9684],[35.5008,31.9692],[35.5002,31.9699],[35.4998,31.9704],[35.4995,31.9708],[35.4988,31.9716],[35.4988,31.9716],[35.4983,31.9721],[35.4979,31.9726],[35.4979,31.9726],[35.4972,31.9734],[35.4969,31.9737],[35.4968,31.9739],[35.4966,31.9741],[35.4964,31.9744],[35.4963,31.9744],[35.4962,31.9746],[35.4962,31.9746],[35.4957,31.9753],[35.4955,31.9756],[35.4955,31.9756],[35.4952,31.9761],[35.495,31.9764],[35.4947,31.9769],[35.4944,31.9774],[35.4944,31.9774],[35.494,31.9779],[35.4936,31.9785],[35.4932,31.979],[35.4932,31.9791],[35.4928,31.9798],[35.4927,31.9799],[35.4927,31.98],[35.4927,31.98],[35.4926,31.9801],[35.4926,31.9801],[35.4925,31.9803],[35.4925,31.9803],[35.4924,31.9806],[35.4924,31.9806],[35.4924,31.9806],[35.4923,31.9811],[35.4922,31.9816],[35.4921,31.9818],[35.4921,31.9819],[35.492,31.9822],[35.4919,31.9826],[35.4918,31.9828],[35.4917,31.9831],[35.4916,31.9832],[35.4916,31.9832],[35.4916,31.9834],[35.4916,31.9834],[35.4916,31.9834],[35.4916,31.9835],[35.4916,31.9835],[35.4916,31.9836],[35.4916,31.9837],[35.4916,31.9837],[35.4916,31.9838],[35.4916,31.9838],[35.4917,31.9841],[35.4919,31.9845],[35.4927,31.9854],[35.4938,31.9865],[35.4951,31.9881],[35.4977,31.9901],[35.4999,31.9919],[35.5023,31.9935],[35.5055,31.9956],[35.5066,31.9965],[35.5074,31.9974],[35.5076,31.9977],[35.508,31.9983],[35.5086,31.9991],[35.5089,31.9995],[35.5089,31.9996],[35.5089,31.9998],[35.509,32.0],[35.5089,32.0001],[35.5089,32.0003],[35.5088,32.0004],[35.5086,32.0005],[35.5083,32.0006],[35.5081,32.0006],[35.5078,32.0006],[35.507,32.0005],[35.5064,32.0005],[35.5055,32.0006],[35.505,32.0007],[35.5047,32.0008],[35.5044,32.001],[35.5043,32.0013],[35.5042,32.0015],[35.5039,32.0021],[35.5037,32.0028],[35.5035,32.0031],[35.5032,32.0038],[35.5031,32.0039],[35.5027,32.0043],[35.5027,32.0043],[35.5025,32.0044],[35.5023,32.0046],[35.5022,32.0047],[35.5022,32.0047],[35.5018,32.005],[35.5018,32.0051],[35.5016,32.0053],[35.5012,32.0057],[35.5012,32.0057],[35.5009,32.006],[35.5008,32.0061],[35.5005,32.0064],[35.5002,32.0066],[35.4996,32.007],[35.499,32.0073],[35.4989,32.0074],[35.4988,32.0074],[35.4986,32.0075],[35.4986,32.0076],[35.4986,32.0076],[35.4985,32.0077],[35.4985,32.0077],[35.4983,32.0079],[35.4983,32.008],[35.4981,32.0083],[35.4979,32.0086],[35.4977,32.0089],[35.4972,32.0096],[35.4969,32.0101],[35.4968,32.0102],[35.4968,32.0102],[35.4967,32.0102],[35.4965,32.0103],[35.4959,32.0105],[35.4951,32.0107],[35.4943,32.0109],[35.4942,32.0109],[35.4941,32.0109],[35.4941,32.0109],[35.4939,32.011],[35.4939,32.011],[35.4938,32.011],[35.4937,32.0111],[35.4937,32.0111],[35.4936,32.0112],[35.4933,32.0114],[35.493,32.0115],[35.4925,32.0118],[35.4917,32.0121],[35.4913,32.0123],[35.4913,32.0123],[35.491,32.0125],[35.4903,32.0128],[35.4899,32.013],[35.4895,32.0132],[35.4895,32.0132],[35.4895,32.0132],[35.489,32.0135],[35.4886,32.0137],[35.4886,32.0137],[35.4882,32.014],[35.4876,32.0143],[35.4876,32.0143],[35.487,32.0146],[35.4866,32.0148],[35.4859,32.0151],[35.485,32.0155],[35.485,32.0155],[35.4844,32.0158],[35.4839,32.0161],[35.4827,32.0166],[35.4819,32.017],[35.4813,32.0173],[35.4802,32.0177],[35.4802,32.0177],[35.4797,32.018],[35.4791,32.0183],[35.4791,32.0183],[35.4782,32.0187],[35.4776,32.0189],[35.4772,32.0191],[35.4759,32.0197],[35.4754,32.0199],[35.4754,32.0199],[35.4745,32.0203],[35.4745,32.0203],[35.4738,32.0206],[35.4729,32.0211],[35.4726,32.0213],[35.4726,32.0213],[35.4722,32.0215],[35.4721,32.0215],[35.472,32.0216],[35.472,32.0216],[35.4719,32.0217],[35.4719,32.0217],[35.4719,32.0218],[35.4718,32.0219],[35.4718,32.0219],[35.4718,32.0219],[35.4718,32.022],[35.4717,32.0227],[35.4715,32.0236],[35.4714,32.0242],[35.4714,32.0242],[35.4712,32.0252],[35.4711,32.0255],[35.4711,32.0256],[35.471,32.0261],[35.471,32.0261],[35.4709,32.027],[35.4709,32.0278],[35.4708,32.0281],[35.4706,32.0283],[35.4706,32.0283],[35.4706,32.0284],[35.4706,32.0284],[35.4706,32.0285],[35.4706,32.0285],[35.4706,32.0288],[35.4706,32.0288],[35.4706,32.0288],[35.4707,32.0289],[35.4707,32.029],[35.4708,32.0291],[35.4708,32.0291],[35.4708,32.0291],[35.4709,32.0292],[35.471,32.0293],[35.4711,32.0293],[35.4715,32.0297],[35.4721,32.0302],[35.4725,32.0305],[35.4726,32.0306],[35.4736,32.0313],[35.4736,32.0313],[35.4744,32.0319],[35.4749,32.0323],[35.4749,32.0323],[35.4754,32.0327],[35.4756,32.0328],[35.4756,32.0329],[35.4756,32.033],[35.4756,32.0336],[35.4756,32.0344],[35.4756,32.0344],[35.4756,32.0353],[35.4756,32.0358],[35.4756,32.0363],[35.4756,32.0363],[35.4756,32.0369],[35.4756,32.0375],[35.4756,32.0375],[35.4756,32.0382],[35.4756,32.0387],[35.4756,32.0387],[35.4756,32.0388],[35.4757,32.0391],[35.4757,32.0392],[35.4757,32.0392],[35.4759,32.0396],[35.4761,32.0403],[35.4762,32.0404],[35.4764,32.041],[35.4764,32.041],[35.4767,32.0414],[35.4767,32.0415],[35.4769,32.0418],[35.4771,32.0423],[35.4775,32.0429],[35.4778,32.0436],[35.4781,32.0441],[35.4781,32.0441],[35.4784,32.0447],[35.4786,32.0451],[35.4786,32.0452],[35.4786,32.0453],[35.4785,32.0459],[35.4785,32.0459],[35.4785,32.0462],[35.4785,32.0463],[35.4785,32.0463],[35.4785,32.0464],[35.4785,32.0464],[35.4785,32.0465],[35.4786,32.0466],[35.4786,32.0466],[35.4786,32.0466],[35.4786,32.0467],[35.4787,32.0467],[35.4787,32.0467],[35.4788,32.0468],[35.4788,32.0468],[35.4788,32.0468],[35.4789,32.0469],[35.4789,32.0469],[35.48,32.0475],[35.48,32.0475],[35.48,32.0475],[35.4804,32.0477],[35.4804,32.0477],[35.4804,32.0478],[35.4804,32.0478],[35.4804,32.0479],[35.4805,32.0479],[35.4805,32.0481],[35.4806,32.0481],[35.4806,32.0482],[35.4806,32.0482],[35.4807,32.0482],[35.4807,32.0483],[35.4807,32.0483],[35.4808,32.0483],[35.4811,32.0485],[35.4812,32.0486],[35.4814,32.0488],[35.4818,32.0493],[35.4818,32.0493],[35.4822,32.0497],[35.4822,32.0497],[35.4822,32.0498],[35.4826,32.0502],[35.483,32.0506],[35.4834,32.0513],[35.4837,32.0517],[35.4837,32.0517],[35.484,32.0521],[35.484,32.0521],[35.4844,32.0526],[35.4848,32.0531],[35.4848,32.0531],[35.4849,32.0536],[35.485,32.054],[35.4851,32.0551],[35.4851,32.0553],[35.4851,32.0553],[35.4851,32.0554],[35.4852,32.0557],[35.4855,32.0565],[35.4858,32.0572],[35.486,32.0578],[35.486,32.0578],[35.4864,32.0588],[35.4864,32.0588],[35.4867,32.0594],[35.4867,32.0594],[35.487,32.06],[35.4875,32.0613],[35.4875,32.0613],[35.4878,32.062],[35.488,32.0626],[35.4881,32.0628],[35.4881,32.0629],[35.4881,32.063],[35.4881,32.0632],[35.4881,32.0632],[35.4881,32.0633],[35.4881,32.0633],[35.4881,32.0634],[35.4882,32.0634],[35.4882,32.0635],[35.4882,32.0635],[35.4883,32.0635],[35.4886,32.0637],[35.4887,32.0638],[35.4887,32.0638],[35.4888,32.0638],[35.4889,32.0638],[35.4889,32.0638],[35.489,32.0638],[35.4892,32.0639],[35.4894,32.0641],[35.4896,32.0642],[35.4896,32.0643],[35.4898,32.0645],[35.49,32.0646],[35.49,32.0646],[35.4902,32.0647],[35.4902,32.0648],[35.4903,32.0648],[35.4904,32.0649],[35.4905,32.0649],[35.4905,32.0649],[35.4908,32.065],[35.4908,32.065],[35.4911,32.065],[35.4914,32.0651],[35.492,32.0652],[35.492,32.0652],[35.4921,32.0652],[35.4922,32.0653],[35.4922,32.0653],[35.4923,32.0653],[35.4923,32.0653],[35.4924,32.0653],[35.4925,32.0652],[35.4925,32.0652],[35.4926,32.0652],[35.4926,32.0652],[35.4929,32.0651],[35.4935,32.0649],[35.4935,32.0649],[35.494,32.0647],[35.4947,32.0643],[35.4954,32.0641],[35.4957,32.0641],[35.4964,32.0641],[35.4975,32.0641],[35.4975,32.0641],[35.4981,32.0641],[35.4982,32.0641],[35.4983,32.0641],[35.4985,32.0642],[35.4987,32.0643],[35.4988,32.0643],[35.499,32.0646],[35.4994,32.0651],[35.4996,32.0653],[35.5,32.0657],[35.5002,32.066],[35.5004,32.0665],[35.5008,32.0671],[35.501,32.0675],[35.5012,32.0679],[35.5012,32.0679],[35.5016,32.0687],[35.5018,32.0691],[35.5018,32.0691],[35.5021,32.0696],[35.5021,32.0697],[35.5021,32.0698],[35.5022,32.0699],[35.5022,32.0699],[35.5022,32.07],[35.5023,32.0702],[35.5023,32.0702],[35.5023,32.0703],[35.5024,32.0703],[35.5026,32.0705],[35.5027,32.0706],[35.5028,32.0708],[35.5031,32.0713],[35.5037,32.0723],[35.5041,32.0729],[35.5044,32.0733],[35.5044,32.0733],[35.5044,32.0734],[35.5045,32.0735],[35.5045,32.0736],[35.5046,32.0736],[35.5046,32.0737],[35.5047,32.0737],[35.5048,32.0737],[35.5048,32.0738],[35.5049,32.0738],[35.5049,32.0738],[35.5051,32.0739],[35.5052,32.0739],[35.5057,32.0742],[35.5065,32.0748],[35.507,32.0752],[35.5071,32.0753],[35.5078,32.0761],[35.5078,32.0761],[35.5088,32.0771],[35.5097,32.0782],[35.5101,32.0787],[35.5107,32.0794],[35.5108,32.0796],[35.511,32.0798],[35.511,32.0798],[35.511,32.0798],[35.5112,32.08],[35.5116,32.0805],[35.5116,32.0805],[35.5117,32.0809],[35.5117,32.0811],[35.5117,32.0813],[35.5117,32.0813],[35.5118,32.0818],[35.5118,32.0818],[35.5118,32.0818],[35.5118,32.0822],[35.5118,32.0822],[35.5119,32.0826],[35.512,32.083],[35.5121,32.0835],[35.5121,32.0838],[35.5121,32.0839],[35.5121,32.084],[35.5122,32.0842],[35.5122,32.0842],[35.5124,32.0848],[35.5124,32.0848],[35.5126,32.0856],[35.5126,32.0856],[35.5128,32.086],[35.5128,32.0862],[35.5129,32.0866],[35.5129,32.0874],[35.513,32.0887],[35.5131,32.0894],[35.5131,32.0901],[35.5131,32.0901],[35.5131,32.0906],[35.5131,32.091],[35.5132,32.0917],[35.5132,32.0917],[35.5132,32.0923],[35.5132,32.0928],[35.5133,32.0935],[35.5133,32.094],[35.5134,32.0951],[35.5134,32.0956],[35.5134,32.0961],[35.5133,32.0969],[35.5133,32.0977],[35.5132,32.0982],[35.5132,32.0987],[35.5132,32.0987],[35.5132,32.0988],[35.5132,32.0991],[35.5132,32.0991],[35.5132,32.0992],[35.5134,32.0997],[35.5134,32.0997],[35.5135,32.1001],[35.5135,32.1001],[35.5136,32.1004],[35.5139,32.1014],[35.5141,32.102],[35.5144,32.1028],[35.5146,32.1034],[35.5146,32.1035],[35.5146,32.1036],[35.5146,32.1036],[35.5146,32.1036],[35.5147,32.1037],[35.5147,32.1037],[35.5147,32.1038],[35.5148,32.1039],[35.5148,32.1039],[35.5149,32.1039],[35.5152,32.1042],[35.5156,32.1045],[35.516,32.1048],[35.5162,32.105],[35.5168,32.1055],[35.517,32.1057],[35.517,32.1057],[35.5172,32.1058],[35.5172,32.1058],[35.5173,32.1058],[35.5174,32.1059],[35.5174,32.1059],[35.5176,32.1059],[35.5176,32.106],[35.5177,32.106],[35.5179,32.106],[35.5179,32.106],[35.5183,32.106],[35.5188,32.1061],[35.5193,32.1062],[35.5198,32.1063],[35.5203,32.1064],[35.5203,32.1064],[35.5206,32.1064],[35.5211,32.1065],[35.5216,32.1067],[35.5217,32.1067],[35.5221,32.1068],[35.5225,32.1069],[35.5228,32.107],[35.5228,32.107],[35.5228,32.107],[35.5232,32.1071],[35.5234,32.1071],[35.5236,32.1072],[35.5238,32.1074],[35.5246,32.1079],[35.5249,32.1081],[35.525,32.1082],[35.5252,32.1084],[35.5252,32.1084],[35.5254,32.1085],[35.5254,32.1086],[35.5255,32.1086],[35.5256,32.1087],[35.5257,32.1088],[35.5258,32.1088],[35.5258,32.1089],[35.5259,32.109],[35.526,32.1094],[35.5261,32.1098],[35.5261,32.1098],[35.5262,32.1103],[35.5263,32.1106],[35.5263,32.1107],[35.5264,32.111],[35.5264,32.1112],[35.5264,32.1114],[35.5263,32.1116],[35.5263,32.1123],[35.5263,32.1123],[35.5263,32.1126],[35.5263,32.1126],[35.5263,32.1128],[35.5263,32.1128],[35.5263,32.1128],[35.5264,32.1131],[35.5265,32.1135],[35.5267,32.1141],[35.5268,32.1147],[35.527,32.1151],[35.5271,32.1157],[35.5273,32.1163],[35.5275,32.1168],[35.5276,32.1173],[35.5277,32.1177],[35.5278,32.118],[35.5281,32.1189],[35.5283,32.1197],[35.5284,32.12],[35.5284,32.12],[35.5286,32.1207],[35.5288,32.1213],[35.5288,32.1213],[35.5289,32.1217],[35.529,32.1221],[35.5291,32.1225],[35.5292,32.1229],[35.5292,32.1229],[35.5293,32.1232],[35.5294,32.1236],[35.5296,32.1241],[35.5296,32.1242],[35.5297,32.1246],[35.5299,32.1251],[35.5299,32.1254],[35.5299,32.1254],[35.5301,32.126],[35.5302,32.1264],[35.5304,32.127],[35.5304,32.1271],[35.5306,32.1277],[35.5308,32.1283],[35.5309,32.1288],[35.531,32.1292],[35.5313,32.13],[35.5314,32.1305],[35.5315,32.1309],[35.5316,32.1311],[35.5316,32.1313],[35.5317,32.1315],[35.5317,32.1316],[35.5317,32.1318],[35.5317,32.132],[35.5316,32.1322],[35.5316,32.1324],[35.5316,32.1325],[35.5316,32.1325],[35.5315,32.1327],[35.5314,32.1331],[35.5312,32.1337],[35.531,32.1343],[35.5309,32.1348],[35.5307,32.1352],[35.5306,32.1358],[35.5306,32.1358],[35.5305,32.1361],[35.5303,32.1366],[35.5302,32.1371],[35.5302,32.1371],[35.53,32.1377],[35.53,32.1377],[35.5299,32.1381],[35.5298,32.1384],[35.5296,32.1389],[35.5295,32.1393],[35.5293,32.1398],[35.5292,32.1402],[35.5291,32.1405],[35.5291,32.1405],[35.5288,32.1413],[35.5286,32.1418],[35.5286,32.1418],[35.5285,32.1422],[35.5283,32.1428],[35.5282,32.1433],[35.528,32.1436],[35.528,32.1438],[35.5278,32.1442],[35.5278,32.1443],[35.5278,32.1445],[35.5278,32.1445],[35.5278,32.1445],[35.5277,32.1448],[35.5277,32.1448],[35.5277,32.1453],[35.5277,32.1458],[35.5277,32.1463],[35.5276,32.1469],[35.5276,32.1476],[35.5276,32.1482],[35.5276,32.1488],[35.5275,32.1492],[35.5275,32.1496],[35.5275,32.1503],[35.5275,32.1509],[35.5275,32.1515],[35.5275,32.1515],[35.5274,32.1519],[35.5274,32.1525],[35.5274,32.153],[35.5274,32.1535],[35.5274,32.1535],[35.5274,32.154],[35.5273,32.1549],[35.5273,32.1556],[35.5273,32.1563],[35.5273,32.157],[35.5272,32.1576],[35.5272,32.1581],[35.5272,32.1586],[35.5272,32.1595],[35.5272,32.1598],[35.5272,32.1598],[35.5272,32.1598],[35.5272,32.16],[35.5272,32.16],[35.5272,32.16],[35.5273,32.1602],[35.5273,32.1602],[35.5273,32.1603],[35.5273,32.1603],[35.5273,32.1603],[35.5274,32.1604],[35.5274,32.1606],[35.5275,32.1606],[35.5275,32.1606],[35.5277,32.1609],[35.5277,32.1609],[35.5277,32.1609],[35.5279,32.1611],[35.5281,32.1614],[35.5285,32.1618],[35.5289,32.1622],[35.5293,32.1626],[35.5296,32.163],[35.5296,32.163],[35.5296,32.163],[35.5298,32.1632],[35.5303,32.1636],[35.5307,32.164],[35.5309,32.1642],[35.5309,32.1642],[35.5312,32.1644],[35.5315,32.1647],[35.5315,32.1647],[35.5315,32.1647],[35.5318,32.165],[35.532,32.1652],[35.532,32.1652],[35.5321,32.1652],[35.5324,32.1655],[35.5324,32.1655],[35.5324,32.1655],[35.5326,32.1657],[35.5332,32.1661],[35.5333,32.1661],[35.5342,32.1668],[35.5348,32.1673],[35.5348,32.1673],[35.5352,32.1675],[35.5356,32.1678],[35.5356,32.1678],[35.5356,32.1679],[35.5358,32.1679],[35.536,32.1681],[35.5369,32.1688],[35.5372,32.169],[35.5373,32.1691],[35.5375,32.1693],[35.5376,32.1695],[35.5377,32.1697],[35.5379,32.1702],[35.5379,32.1702],[35.538,32.1705],[35.5382,32.171],[35.5384,32.1715],[35.5385,32.1719],[35.5387,32.1723],[35.5388,32.1728],[35.539,32.1732],[35.5392,32.1737],[35.5392,32.1737],[35.5393,32.174],[35.5396,32.1747],[35.5398,32.1752],[35.5398,32.1753],[35.5399,32.1755],[35.5401,32.176],[35.5401,32.176],[35.5404,32.1767],[35.5406,32.1772],[35.5406,32.1772],[35.5409,32.178],[35.541,32.1782],[35.5411,32.1785],[35.5413,32.179],[35.5414,32.1793],[35.5414,32.1793],[35.5418,32.1802],[35.542,32.1807],[35.5423,32.1815],[35.5424,32.1819],[35.5425,32.1822],[35.5425,32.1822],[35.5428,32.1828],[35.543,32.1834],[35.5431,32.1838],[35.5433,32.1843],[35.5433,32.1843],[35.5435,32.1848],[35.5436,32.1852],[35.5436,32.1852],[35.5438,32.1855],[35.5438,32.1855],[35.5438,32.1856],[35.5441,32.186],[35.5441,32.186],[35.5442,32.1863],[35.5444,32.1866],[35.5445,32.1868],[35.5447,32.1871],[35.5449,32.1877],[35.5449,32.1877],[35.545,32.1881],[35.5451,32.1883],[35.5451,32.1883],[35.5451,32.1884],[35.5451,32.1884],[35.5451,32.1885],[35.545,32.1886],[35.545,32.1886],[35.5449,32.1887],[35.5446,32.1888],[35.5443,32.1891],[35.5443,32.1891],[35.5443,32.1891],[35.5442,32.1892],[35.5442,32.1892],[35.5442,32.1892],[35.5441,32.1893],[35.5441,32.1893],[35.544,32.1894],[35.5439,32.1895],[35.5439,32.1895],[35.5438,32.1896],[35.5438,32.1896],[35.5438,32.1896],[35.5437,32.1899],[35.5437,32.1899],[35.5436,32.1902],[35.5436,32.1903],[35.5435,32.1906],[35.5435,32.1907],[35.5434,32.1907],[35.5434,32.1908],[35.5434,32.1909],[35.5434,32.191],[35.5434,32.1911],[35.5434,32.1911],[35.5434,32.1912],[35.5434,32.1912],[35.5434,32.1913],[35.5434,32.1913],[35.5434,32.1914],[35.5435,32.1915],[35.5435,32.1915],[35.5435,32.1916],[35.5435,32.1916],[35.5436,32.1916],[35.5437,32.192],[35.5437,32.192],[35.5437,32.192],[35.5439,32.1923],[35.5439,32.1924],[35.544,32.1925],[35.544,32.1926],[35.544,32.1929],[35.5439,32.1934],[35.5439,32.1937],[35.5439,32.1942],[35.5438,32.1944],[35.5438,32.1944],[35.5438,32.1945],[35.5438,32.1947],[35.5439,32.1947],[35.5439,32.1947],[35.5439,32.195],[35.5439,32.1953],[35.5439,32.1953],[35.5439,32.1953],[35.544,32.1956],[35.544,32.1956],[35.544,32.1956],[35.5441,32.1959],[35.5442,32.196],[35.5442,32.1961],[35.5442,32.1961],[35.5444,32.1964],[35.5444,32.1966],[35.5444,32.1966],[35.5444,32.1966],[35.5444,32.1966],[35.5444,32.1967],[35.5444,32.1968],[35.5444,32.1968],[35.5444,32.1969],[35.5444,32.1969],[35.5445,32.197],[35.5445,32.197],[35.5445,32.1971],[35.5445,32.1971],[35.5446,32.1975],[35.5446,32.1976],[35.5447,32.198],[35.5447,32.1981],[35.5448,32.1983],[35.5448,32.1983],[35.5449,32.1985],[35.5449,32.1986],[35.5449,32.1986],[35.5451,32.1989],[35.5451,32.199],[35.5451,32.199],[35.5451,32.1991],[35.5452,32.1991],[35.5452,32.1991],[35.5454,32.1993],[35.5454,32.1993],[35.5455,32.1994],[35.5456,32.1996],[35.5457,32.1997],[35.5457,32.1997],[35.5458,32.1999],[35.5458,32.1999],[35.5458,32.2],[35.5457,32.2001],[35.5457,32.2002],[35.5457,32.2002],[35.5457,32.2003],[35.5457,32.2003],[35.5457,32.2003],[35.5457,32.2005],[35.5457,32.2005],[35.5456,32.2008],[35.5456,32.2008],[35.5456,32.2008],[35.5456,32.201],[35.5456,32.2011],[35.5456,32.2013],[35.5456,32.2013],[35.5456,32.2013],[35.5456,32.2016],[35.5456,32.2017],[35.5456,32.2017],[35.5457,32.202],[35.5457,32.2022],[35.5458,32.2025],[35.5458,32.2025],[35.5458,32.2025],[35.5458,32.2026],[35.5459,32.2027],[35.5459,32.2027],[35.5459,32.2028],[35.546,32.2028],[35.546,32.2029],[35.546,32.2029],[35.5461,32.203],[35.5461,32.203],[35.5461,32.203],[35.5462,32.2031],[35.5462,32.2032],[35.5463,32.2033],[35.5463,32.2033],[35.5464,32.2033],[35.5464,32.2034],[35.5465,32.2034],[35.5465,32.2034],[35.5466,32.2035],[35.5468,32.2037],[35.5472,32.2041],[35.5476,32.2045],[35.5478,32.2046],[35.5479,32.2048],[35.5481,32.2052],[35.5481,32.2052],[35.5483,32.2055],[35.5484,32.2057],[35.5484,32.2057],[35.5486,32.206],[35.5486,32.2061],[35.5488,32.2064],[35.5489,32.2066],[35.549,32.2067],[35.549,32.2068],[35.549,32.2068],[35.5491,32.2069],[35.5492,32.2072],[35.5492,32.2074],[35.5493,32.2074],[35.5493,32.2078],[35.5493,32.2081],[35.5493,32.2081],[35.5493,32.2084],[35.5493,32.2089],[35.5493,32.2089],[35.5493,32.2092],[35.5493,32.2094],[35.5493,32.2099],[35.5493,32.2106],[35.5493,32.2106],[35.5494,32.2111],[35.5494,32.2115],[35.5494,32.2115],[35.5494,32.2116],[35.5494,32.2117],[35.5493,32.2118],[35.5493,32.2121],[35.5492,32.2122],[35.5491,32.2124],[35.5491,32.2124],[35.549,32.2126],[35.5489,32.2128],[35.5489,32.2128],[35.5489,32.2129],[35.5488,32.213],[35.5488,32.2131],[35.5488,32.2131],[35.5488,32.2132],[35.5488,32.2133],[35.5489,32.2134],[35.5489,32.2135],[35.5489,32.2135],[35.5489,32.2137],[35.5489,32.2137],[35.549,32.2141],[35.549,32.2144],[35.5491,32.215],[35.5491,32.2155],[35.5492,32.216],[35.5492,32.2163],[35.5492,32.2166],[35.5492,32.2167],[35.5492,32.2169],[35.5493,32.217],[35.5493,32.2173],[35.5493,32.2173],[35.5493,32.2173],[35.5494,32.2176],[35.5495,32.2176],[35.5495,32.2177],[35.5496,32.2181],[35.5498,32.2187],[35.5498,32.2187],[35.55,32.2191],[35.5501,32.2196],[35.5502,32.22],[35.5502,32.2202],[35.5502,32.2204],[35.5502,32.2207],[35.5501,32.2211],[35.5501,32.2214],[35.55,32.2215],[35.55,32.2217],[35.55,32.2217],[35.5499,32.2217],[35.5499,32.2217],[35.5498,32.2218],[35.5498,32.2219],[35.5498,32.2219],[35.5498,32.2219],[35.5497,32.2221],[35.5497,32.2222],[35.5497,32.2223],[35.5497,32.2223],[35.5497,32.2224],[35.5497,32.2224],[35.5497,32.2227],[35.5497,32.2228],[35.5497,32.223],[35.5497,32.223],[35.5497,32.223],[35.5496,32.2233],[35.5496,32.2233],[35.5496,32.2234],[35.5496,32.2236],[35.5496,32.2236],[35.5496,32.2239],[35.5496,32.2239],[35.5496,32.2239],[35.5497,32.2242],[35.5497,32.2242],[35.5497,32.2242],[35.5498,32.2246],[35.5499,32.2251],[35.5501,32.2256],[35.5503,32.2263],[35.5504,32.2266],[35.5504,32.2268],[35.5504,32.2268],[35.5505,32.227],[35.5505,32.2272],[35.5505,32.2274],[35.5505,32.2276],[35.5504,32.228],[35.5504,32.228],[35.5503,32.2281],[35.5503,32.2281],[35.5503,32.2282],[35.5503,32.2282],[35.5503,32.2283],[35.5502,32.2283],[35.5502,32.2283],[35.5502,32.2284],[35.5502,32.2285],[35.5502,32.2285],[35.5502,32.2286],[35.5502,32.2286],[35.5502,32.2286],[35.5502,32.2287],[35.5502,32.2289],[35.5502,32.2289],[35.5501,32.2292],[35.5501,32.2294],[35.55,32.2295],[35.5499,32.2297],[35.5499,32.2297],[35.5498,32.2299],[35.5498,32.23],[35.5498,32.2301],[35.5498,32.2301],[35.5498,32.2302],[35.5497,32.2303],[35.5497,32.2304],[35.5497,32.2304],[35.5496,32.2304],[35.5496,32.2305],[35.5496,32.2305],[35.5496,32.2306],[35.5496,32.2306],[35.5496,32.2307],[35.5496,32.2307],[35.5496,32.2308],[35.5496,32.2309],[35.5496,32.2309],[35.5496,32.231],[35.5497,32.2311],[35.5497,32.2312],[35.5497,32.2312],[35.5499,32.2317],[35.5501,32.2322],[35.5502,32.2325],[35.5502,32.2327],[35.5503,32.2331],[35.5503,32.2335],[35.5503,32.2335],[35.5504,32.2339],[35.5504,32.2339],[35.5505,32.2343],[35.5505,32.2345],[35.5505,32.2346],[35.5505,32.2346],[35.5505,32.2347],[35.5505,32.2347],[35.5505,32.2347],[35.5505,32.2348],[35.5506,32.2352],[35.5506,32.2352],[35.5506,32.2353],[35.5506,32.2354],[35.5506,32.2354],[35.5507,32.2355],[35.5508,32.2356],[35.5509,32.2358],[35.5511,32.2361],[35.5512,32.2361],[35.5513,32.2363],[35.5519,32.237],[35.5522,32.2373],[35.5525,32.2378],[35.5527,32.238],[35.5528,32.2382],[35.553,32.2385],[35.5532,32.2389],[35.5533,32.239],[35.5534,32.2392],[35.5534,32.2394],[35.5534,32.2395],[35.5534,32.2395],[35.5534,32.2396],[35.5534,32.2396],[35.5534,32.2397],[35.5534,32.2398],[35.5534,32.2398],[35.5535,32.24],[35.5535,32.24],[35.5535,32.24],[35.5536,32.2401],[35.5536,32.2402],[35.5536,32.2404],[35.5536,32.2408],[35.5536,32.2408],[35.5537,32.2411],[35.5537,32.2415],[35.5538,32.2418],[35.5538,32.2424],[35.5539,32.2428],[35.5539,32.243],[35.5539,32.2432],[35.5539,32.2434],[35.5539,32.2436],[35.5538,32.2439],[35.5537,32.2443],[35.5536,32.2445],[35.5536,32.2447],[35.5536,32.2447],[35.5535,32.2451],[35.5535,32.2451],[35.5535,32.2452],[35.5535,32.2453],[35.5535,32.2453],[35.5535,32.2456],[35.5535,32.2456],[35.5535,32.2456],[35.5535,32.2458],[35.5535,32.2461],[35.5535,32.2464],[35.5535,32.2466],[35.5534,32.2469],[35.5533,32.2471],[35.5533,32.2473],[35.5532,32.2476],[35.5531,32.2477],[35.5531,32.2477],[35.553,32.2478],[35.5529,32.248],[35.5529,32.248],[35.5529,32.2481],[35.5529,32.2481],[35.5529,32.2482],[35.5529,32.2482],[35.5529,32.2483],[35.5528,32.2485],[35.5528,32.2486],[35.5528,32.2486],[35.5528,32.2489],[35.5527,32.2492],[35.5527,32.2492],[35.5526,32.2498],[35.5526,32.2503],[35.5525,32.2508],[35.5524,32.251],[35.5524,32.2511],[35.5524,32.2514],[35.5524,32.2514],[35.5524,32.2514],[35.5524,32.2517],[35.5524,32.2519],[35.5524,32.2519],[35.5524,32.252],[35.5524,32.252],[35.5524,32.2522],[35.5524,32.2522],[35.5525,32.2523],[35.5525,32.2525],[35.5525,32.2525],[35.5526,32.2525],[35.5526,32.2526],[35.5526,32.2526],[35.5527,32.2527],[35.5527,32.2528],[35.5528,32.2531],[35.5528,32.2532],[35.5529,32.2533],[35.5528,32.2536],[35.5528,32.2538],[35.5528,32.254],[35.5527,32.2541],[35.5527,32.2541],[35.5527,32.2543],[35.5527,32.2543],[35.5527,32.2544],[35.5527,32.2544],[35.5528,32.2545],[35.5528,32.2548],[35.5527,32.2553],[35.5527,32.2553],[35.5527,32.2556],[35.5527,32.2556],[35.5527,32.2558],[35.5527,32.2559],[35.5527,32.2559],[35.5526,32.256],[35.5526,32.256],[35.5526,32.2561],[35.5526,32.2561],[35.5526,32.2562],[35.5527,32.2564],[35.5527,32.2565],[35.5527,32.2566],[35.5527,32.2566],[35.5528,32.2566],[35.5528,32.2567],[35.5528,32.2567],[35.5528,32.2574],[35.5528,32.2575],[35.5529,32.2577],[35.5529,32.2578],[35.5528,32.2578],[35.5528,32.2579],[35.5528,32.2579],[35.5528,32.258],[35.5528,32.258],[35.5528,32.2581],[35.5528,32.2581],[35.5528,32.2581],[35.5528,32.2582],[35.5528,32.2582],[35.5529,32.2583],[35.5529,32.2583],[35.5529,32.2585],[35.5529,32.2585],[35.553,32.2586],[35.553,32.2586],[35.5531,32.2587],[35.5531,32.2587],[35.5532,32.259],[35.5533,32.2591],[35.5533,32.2595],[35.5534,32.2598],[35.5534,32.26],[35.5535,32.2604],[35.5535,32.2606],[35.5535,32.2606],[35.5535,32.261],[35.5535,32.2615],[35.5535,32.2618],[35.5534,32.2622],[35.5534,32.2625],[35.5534,32.2626],[35.5534,32.2629],[35.5533,32.2632],[35.5533,32.2634],[35.5533,32.2637],[35.5532,32.264],[35.5531,32.2643],[35.553,32.2643],[35.553,32.2645],[35.553,32.2645],[35.553,32.2646],[35.553,32.2646],[35.553,32.2647],[35.5529,32.2648],[35.5529,32.2648],[35.553,32.2649],[35.553,32.265],[35.553,32.265],[35.553,32.2651],[35.553,32.2654],[35.5531,32.2657],[35.5531,32.2658],[35.5531,32.2658],[35.5531,32.2658],[35.5531,32.2659],[35.553,32.2659],[35.5528,32.2659],[35.5528,32.2659],[35.5527,32.2659],[35.5525,32.2659],[35.5525,32.2659],[35.5524,32.2659],[35.5523,32.266],[35.5522,32.266],[35.5522,32.266],[35.5521,32.2661],[35.552,32.2661],[35.552,32.2661],[35.5519,32.2662],[35.5518,32.2662],[35.5518,32.2663],[35.5517,32.2663],[35.5517,32.2663],[35.5516,32.2664],[35.5516,32.2664],[35.5515,32.2666],[35.5515,32.2666],[35.5515,32.2667],[35.5514,32.2669],[35.5514,32.2669],[35.5514,32.267],[35.5513,32.2671],[35.5513,32.2672],[35.5513,32.2672],[35.5514,32.2675],[35.5514,32.2675],[35.5514,32.2676],[35.5514,32.2676],[35.5514,32.2677],[35.5515,32.2677],[35.5516,32.2679],[35.5516,32.2679],[35.5517,32.2679],[35.5517,32.268],[35.5518,32.268],[35.5519,32.2681],[35.552,32.2682],[35.5521,32.2682],[35.5521,32.2683],[35.5521,32.2683],[35.5521,32.2684],[35.5521,32.2684],[35.5522,32.2684],[35.5522,32.2685],[35.5523,32.2687],[35.5523,32.2689],[35.5523,32.2689],[35.5522,32.2691],[35.552,32.2695],[35.552,32.2696],[35.5519,32.2698],[35.5519,32.2698],[35.5519,32.2699],[35.5518,32.27],[35.5518,32.2701],[35.5518,32.2701],[35.5518,32.2702],[35.5518,32.2702],[35.5518,32.2703],[35.5518,32.2704],[35.5518,32.2704],[35.5518,32.2705],[35.5519,32.2707],[35.5519,32.2709],[35.552,32.271],[35.5519,32.2712],[35.5519,32.2717],[35.5519,32.2721],[35.5518,32.2725],[35.5518,32.2729],[35.5517,32.2731],[35.5517,32.2731],[35.5517,32.2731],[35.5517,32.2734],[35.5517,32.2735],[35.5517,32.2735],[35.5517,32.2738],[35.5517,32.2739],[35.5517,32.2739],[35.5518,32.2743],[35.5519,32.2746],[35.552,32.275],[35.552,32.275],[35.552,32.2751],[35.5521,32.2751],[35.5522,32.2753],[35.5523,32.2756],[35.5523,32.2758],[35.5524,32.276],[35.5524,32.2763],[35.5524,32.2764],[35.5524,32.2765],[35.5522,32.2766],[35.552,32.2768],[35.5519,32.2768],[35.5519,32.2769],[35.5519,32.2769],[35.5518,32.277],[35.5518,32.277],[35.5518,32.2771],[35.5518,32.2773],[35.5518,32.2774],[35.5518,32.2775],[35.5518,32.2776],[35.5518,32.2776],[35.5518,32.2777],[35.5518,32.2777],[35.552,32.278],[35.552,32.2781],[35.552,32.2781],[35.5519,32.2782],[35.5519,32.2782],[35.5516,32.2784],[35.5515,32.2784],[35.5511,32.2786],[35.5511,32.2787],[35.5509,32.2788],[35.5507,32.279],[35.5506,32.279],[35.5506,32.279],[35.5503,32.2793],[35.5503,32.2793],[35.5502,32.2793],[35.5502,32.2794],[35.5501,32.2795],[35.5498,32.2796],[35.5498,32.2797],[35.5497,32.2798],[35.5496,32.2798],[35.5496,32.2799],[35.5495,32.28],[35.5495,32.28],[35.5495,32.28],[35.5494,32.2802],[35.5494,32.2802],[35.5494,32.2802],[35.5493,32.2804],[35.5493,32.2804],[35.5493,32.2804],[35.5492,32.2807],[35.5492,32.2808],[35.5492,32.2811],[35.5491,32.2814],[35.549,32.2819],[35.549,32.2819],[35.5489,32.2823],[35.5489,32.2823],[35.5489,32.2823],[35.5489,32.2826],[35.5489,32.2827],[35.5489,32.2828],[35.5489,32.283],[35.5489,32.2833],[35.5489,32.2835],[35.5489,32.2835],[35.5488,32.2836],[35.5488,32.2836],[35.5488,32.2837],[35.5488,32.2837],[35.5488,32.2838],[35.5488,32.2838],[35.5488,32.2839],[35.5488,32.2839],[35.5488,32.284],[35.5488,32.284],[35.5489,32.2841],[35.5489,32.2841],[35.549,32.2842],[35.549,32.2844],[35.5489,32.2846],[35.5489,32.285],[35.5489,32.2853],[35.5489,32.2856],[35.5489,32.2856],[35.5488,32.2861],[35.5488,32.2861],[35.5488,32.2862],[35.5488,32.2864],[35.5488,32.2864],[35.5488,32.2866],[35.5488,32.2867],[35.5489,32.2868],[35.5489,32.2873],[35.549,32.2881],[35.549,32.2881],[35.549,32.2886],[35.5491,32.289],[35.549,32.2891],[35.549,32.2891],[35.549,32.2893],[35.5489,32.2897],[35.5487,32.2903],[35.5487,32.2903],[35.5486,32.2909],[35.5486,32.2911],[35.5485,32.2914],[35.5482,32.2921],[35.5481,32.2924],[35.548,32.2927],[35.5479,32.2929],[35.5478,32.2931],[35.5475,32.2933],[35.5472,32.2937],[35.5468,32.2941],[35.5466,32.2943],[35.5465,32.2943],[35.5463,32.2945],[35.5459,32.2948],[35.5459,32.2948],[35.5455,32.2951],[35.5452,32.2954],[35.5452,32.2954],[35.5448,32.2956],[35.5448,32.2956],[35.5447,32.2958],[35.5446,32.2958],[35.5446,32.2958],[35.5445,32.2959],[35.5445,32.296],[35.5445,32.296],[35.5443,32.2961],[35.5443,32.2962],[35.5443,32.2962],[35.5443,32.2962],[35.5442,32.2964],[35.5442,32.2964],[35.5441,32.2968],[35.5441,32.2968],[35.544,32.2971],[35.544,32.2971],[35.5439,32.2975],[35.5439,32.2978],[35.5439,32.2978],[35.5438,32.2982],[35.5438,32.2982],[35.5438,32.2982],[35.5437,32.2987],[35.5437,32.2988],[35.5437,32.2988],[35.5437,32.2989],[35.5437,32.2992],[35.5437,32.2994],[35.5436,32.2996],[35.5436,32.2998],[35.5435,32.3001],[35.5435,32.3002],[35.5434,32.3003],[35.5434,32.3004],[35.5433,32.3005],[35.5433,32.3005],[35.5433,32.3006],[35.5432,32.3009],[35.543,32.3012],[35.543,32.3012],[35.5429,32.3014],[35.5429,32.3015],[35.5429,32.3016],[35.5429,32.3016],[35.5428,32.3018],[35.5428,32.3019],[35.5428,32.3019],[35.5428,32.302],[35.5428,32.302],[35.5428,32.3021],[35.5429,32.3022],[35.5429,32.3022],[35.5429,32.3026],[35.543,32.3031],[35.5431,32.3034],[35.5431,32.3035],[35.5431,32.3035],[35.543,32.3036],[35.543,32.3036],[35.543,32.3037],[35.5431,32.3037],[35.5431,32.3038],[35.5431,32.3038],[35.5431,32.3039],[35.5431,32.3039],[35.5432,32.304],[35.5432,32.3044],[35.5433,32.3046],[35.5434,32.3053],[35.5434,32.3056],[35.5434,32.3056],[35.5435,32.3062],[35.5435,32.3064],[35.5435,32.3064],[35.5435,32.3065],[35.5434,32.3068],[35.5434,32.3068],[35.5433,32.307],[35.5433,32.307],[35.5433,32.3071],[35.5432,32.3073],[35.5432,32.3073],[35.5432,32.3073],[35.5432,32.3074],[35.5432,32.3075],[35.5432,32.3075],[35.5432,32.3075],[35.5433,32.3076],[35.5433,32.3077],[35.5433,32.3078],[35.5433,32.3078],[35.5434,32.308],[35.5434,32.308],[35.5435,32.3085],[35.5436,32.3086],[35.5436,32.3087],[35.5436,32.3088],[35.5436,32.3088],[35.5436,32.3089],[35.5436,32.3089],[35.5436,32.309],[35.5436,32.309],[35.5437,32.3091],[35.5437,32.3091],[35.5437,32.3091],[35.5437,32.3093],[35.5438,32.3098],[35.5438,32.3098],[35.5439,32.3102],[35.5439,32.3102],[35.544,32.3106],[35.544,32.3106],[35.5441,32.311],[35.5441,32.3113],[35.5441,32.3113],[35.5442,32.3115],[35.5442,32.3119],[35.5442,32.312],[35.5442,32.312],[35.5442,32.3121],[35.5442,32.3121],[35.5442,32.3122],[35.5442,32.3122],[35.5442,32.3123],[35.5442,32.3124],[35.5442,32.3124],[35.5442,32.3125],[35.5443,32.3125],[35.5443,32.3126],[35.5444,32.3126],[35.5444,32.3126],[35.5444,32.3126],[35.5445,32.3127],[35.5445,32.3127],[35.5446,32.3128],[35.5446,32.3128],[35.5446,32.3128],[35.5447,32.3129],[35.5447,32.3129],[35.5448,32.3129],[35.5449,32.3129],[35.545,32.313],[35.5454,32.3131],[35.5457,32.3133],[35.5458,32.3133],[35.5462,32.3135],[35.5466,32.3137],[35.5467,32.3137],[35.5471,32.3139],[35.5472,32.3139],[35.5475,32.3141],[35.5477,32.3141],[35.5479,32.3143],[35.5482,32.3145],[35.5484,32.3147],[35.5486,32.3148],[35.5486,32.3148],[35.5486,32.3148],[35.5486,32.3149],[35.5487,32.315],[35.5488,32.3151],[35.5489,32.3152],[35.5489,32.3154],[35.5489,32.3157],[35.5489,32.3157],[35.549,32.3159],[35.549,32.316],[35.549,32.316],[35.549,32.3161],[35.5491,32.3162],[35.5491,32.3162],[35.5492,32.3164],[35.5492,32.3164],[35.5493,32.3165],[35.5493,32.3165],[35.5493,32.3166],[35.5493,32.3168],[35.5492,32.317],[35.5492,32.3172],[35.5491,32.3174],[35.5491,32.3175],[35.5491,32.3176],[35.5492,32.3177],[35.5492,32.3177],[35.5492,32.3177],[35.5492,32.318],[35.5493,32.3184],[35.5493,32.3184],[35.5494,32.3187],[35.5494,32.3191],[35.5495,32.3193],[35.5495,32.3193],[35.5495,32.3194],[35.5495,32.3195],[35.5495,32.3196],[35.5495,32.3196],[35.5495,32.3196],[35.5495,32.3197],[35.5495,32.3198],[35.5496,32.3201],[35.5496,32.3203],[35.5495,32.3205],[35.5493,32.321],[35.5492,32.3214],[35.5491,32.3217],[35.549,32.3217],[35.549,32.3218],[35.5489,32.3219],[35.5487,32.322],[35.5485,32.3221],[35.5483,32.3221],[35.5482,32.3222],[35.548,32.3222],[35.5477,32.3222],[35.5471,32.3222],[35.5468,32.3222],[35.5466,32.3222],[35.5466,32.3222],[35.5466,32.3222],[35.5465,32.3222],[35.5464,32.3222],[35.5463,32.3222],[35.5463,32.3222],[35.5463,32.3222],[35.5462,32.3222],[35.5462,32.3222],[35.5461,32.3223],[35.546,32.3223],[35.546,32.3223],[35.546,32.3223],[35.5459,32.3224],[35.5458,32.3224],[35.5458,32.3225],[35.5457,32.3226],[35.5457,32.3226],[35.5457,32.3226],[35.5456,32.3227],[35.5456,32.3228],[35.5456,32.3228],[35.5455,32.3229],[35.5455,32.323],[35.5455,32.3232],[35.5454,32.3234],[35.5454,32.3234],[35.5453,32.3234],[35.5452,32.3234],[35.5452,32.3235],[35.5452,32.3235],[35.5451,32.3236],[35.5451,32.3236],[35.5451,32.3237],[35.5451,32.3237],[35.5451,32.3238],[35.5451,32.3238],[35.5451,32.3239],[35.545,32.3243],[35.5449,32.3245],[35.5448,32.3247],[35.5448,32.3247],[35.5448,32.3247],[35.5447,32.3248],[35.5447,32.3249],[35.5447,32.3249],[35.5447,32.325],[35.5447,32.3251],[35.5447,32.3253],[35.5447,32.3253],[35.5447,32.3255],[35.5447,32.3255],[35.5447,32.3255],[35.5449,32.3262],[35.5449,32.3262],[35.545,32.3268],[35.5451,32.3269],[35.545,32.327],[35.545,32.3273],[35.545,32.3276],[35.545,32.3276],[35.545,32.3279],[35.545,32.3284],[35.545,32.3284],[35.5449,32.3288],[35.5449,32.3288],[35.5449,32.3288],[35.545,32.329],[35.545,32.329],[35.545,32.3291],[35.545,32.3292],[35.5451,32.3294],[35.5451,32.3295],[35.5453,32.3298],[35.5453,32.3298],[35.5453,32.3298],[35.5454,32.33],[35.5454,32.3302],[35.5455,32.3305],[35.5455,32.3307],[35.5455,32.331],[35.5455,32.3313],[35.5455,32.3314],[35.5454,32.3316],[35.5454,32.3316],[35.5454,32.3316],[35.5454,32.3317],[35.5454,32.3318],[35.5454,32.3318],[35.5454,32.332],[35.5454,32.332],[35.5455,32.3321],[35.5456,32.3325],[35.5456,32.3327],[35.5456,32.333],[35.5456,32.3332],[35.5455,32.3332],[35.5455,32.3335],[35.5451,32.3345],[35.5451,32.3345],[35.5449,32.3353],[35.5447,32.3359],[35.5446,32.3359],[35.5446,32.336],[35.5446,32.3362],[35.5446,32.3362],[35.5446,32.3365],[35.5445,32.3367],[35.5443,32.3374],[35.5439,32.3384],[35.5439,32.3384],[35.5438,32.3388],[35.5436,32.3393],[35.5435,32.3397],[35.5431,32.3407],[35.5431,32.3407],[35.5429,32.3413],[35.5427,32.3418],[35.5427,32.342],[35.5423,32.3422],[35.5423,32.3423],[35.5423,32.3423],[35.542,32.3425],[35.542,32.3425],[35.542,32.3426],[35.542,32.3426],[35.5419,32.3427],[35.5418,32.3429],[35.5418,32.3429],[35.5417,32.343],[35.5416,32.3433],[35.5416,32.3433],[35.5416,32.3434],[35.5416,32.3435],[35.5416,32.3435],[35.5415,32.3435],[35.5415,32.3439],[35.5415,32.3439],[35.5415,32.3439],[35.5415,32.3441],[35.5415,32.3441],[35.5414,32.3443],[35.5411,32.3446],[35.5409,32.3449],[35.5408,32.3449],[35.5408,32.3449],[35.5405,32.3454],[35.5405,32.3454],[35.5402,32.346],[35.5402,32.3461],[35.5402,32.3462],[35.5398,32.3469],[35.5398,32.3469],[35.5398,32.347],[35.5397,32.3471],[35.5395,32.3475],[35.5392,32.3483],[35.539,32.3487],[35.539,32.3487],[35.5388,32.349],[35.5388,32.349],[35.5388,32.3491],[35.5388,32.3491],[35.5388,32.3492],[35.5388,32.3492],[35.5388,32.3493],[35.5388,32.3493],[35.5388,32.3494],[35.5388,32.3494],[35.5389,32.3494],[35.5389,32.3495],[35.5389,32.3495],[35.539,32.3496],[35.539,32.3496],[35.5391,32.3496],[35.5391,32.3497],[35.5392,32.3497],[35.5396,32.3499],[35.5397,32.3499],[35.5403,32.3501],[35.5417,32.3506],[35.542,32.3507],[35.5424,32.3509],[35.5433,32.3515],[35.5437,32.3517],[35.5444,32.3521],[35.5448,32.3525],[35.545,32.3526],[35.5451,32.3527],[35.5454,32.353],[35.5454,32.353],[35.5461,32.3538],[35.5462,32.3539],[35.5464,32.3541],[35.5463,32.3541],[35.5458,32.3541],[35.5458,32.3541],[35.5455,32.3541],[35.5454,32.3541],[35.5453,32.3541],[35.5453,32.3542],[35.5451,32.3542],[35.5451,32.3542],[35.545,32.3543],[35.545,32.3543],[35.5448,32.3544],[35.5448,32.3545],[35.5448,32.3545],[35.5447,32.3545],[35.5446,32.3547],[35.5446,32.3547],[35.5441,32.3554],[35.5439,32.3557],[35.5438,32.3559],[35.5436,32.3561],[35.5436,32.3561],[35.5433,32.3564],[35.5433,32.3565],[35.5432,32.3565],[35.5431,32.3567],[35.5431,32.3568],[35.5431,32.3568],[35.543,32.357],[35.543,32.3571],[35.543,32.3572],[35.543,32.3572],[35.543,32.3573],[35.543,32.3575],[35.5431,32.3578],[35.5431,32.3579],[35.5431,32.3579],[35.5431,32.358],[35.5432,32.358],[35.5432,32.3581],[35.5434,32.3583],[35.5434,32.3583],[35.5434,32.3583],[35.5435,32.3584],[35.5435,32.3584],[35.5438,32.3585],[35.5438,32.3585],[35.5439,32.3585],[35.544,32.3585],[35.544,32.3585],[35.5441,32.3585],[35.5445,32.3585],[35.5448,32.3585],[35.5449,32.3585],[35.5449,32.3585],[35.5453,32.3584],[35.5455,32.3584],[35.5457,32.3584],[35.5459,32.3584],[35.5462,32.3585],[35.5468,32.3587],[35.5471,32.3589],[35.5474,32.359],[35.5475,32.3591],[35.5477,32.3593],[35.5478,32.3595],[35.5478,32.3596],[35.5479,32.3597],[35.5479,32.3598],[35.5479,32.3599],[35.5479,32.3605],[35.5479,32.3606],[35.5479,32.3609],[35.5479,32.3609],[35.548,32.3612],[35.548,32.3612],[35.548,32.3615],[35.548,32.3615],[35.548,32.3615],[35.5481,32.3617],[35.5481,32.3618],[35.5482,32.3618],[35.5482,32.362],[35.5484,32.3623],[35.5489,32.3631],[35.5492,32.3637],[35.5492,32.3637],[35.5494,32.3641],[35.5495,32.3643],[35.5495,32.3644],[35.5495,32.3645],[35.5495,32.3646],[35.5495,32.3646],[35.5492,32.3648],[35.5488,32.3653],[35.5483,32.3658],[35.5481,32.3659],[35.548,32.366],[35.548,32.366],[35.5479,32.3662],[35.5479,32.3662],[35.5478,32.3664],[35.5477,32.3665],[35.5477,32.3665],[35.5475,32.3668],[35.5475,32.3668],[35.5475,32.3669],[35.5475,32.367],[35.5475,32.367],[35.5474,32.3672],[35.5474,32.3672],[35.5474,32.3672],[35.5473,32.369],[35.5473,32.3691],[35.5473,32.3691],[35.5473,32.37],[35.5473,32.37],[35.5473,32.3705],[35.5473,32.371],[35.5473,32.3719],[35.5473,32.3723],[35.5472,32.3726],[35.5472,32.373],[35.5472,32.3731],[35.5472,32.3732],[35.5472,32.3732],[35.5472,32.3733],[35.5472,32.3735],[35.5472,32.3735],[35.5472,32.3735],[35.5472,32.3737],[35.5472,32.3737],[35.5472,32.3738],[35.5473,32.3738],[35.5473,32.3739],[35.5474,32.374],[35.5474,32.374],[35.5474,32.374],[35.5475,32.3741],[35.5476,32.3741],[35.5476,32.3742],[35.5478,32.3742],[35.5478,32.3742],[35.5479,32.3743],[35.5479,32.3743],[35.5481,32.3743],[35.5481,32.3743],[35.5482,32.3743],[35.5483,32.3743],[35.5484,32.3743],[35.5484,32.3743],[35.5485,32.3743],[35.5487,32.3743],[35.5489,32.3743],[35.5491,32.3742],[35.5494,32.3742],[35.5498,32.3742],[35.5504,32.3742],[35.5505,32.3742],[35.5505,32.3742],[35.5506,32.3742],[35.5506,32.3742],[35.5509,32.3742],[35.551,32.3742],[35.551,32.3742],[35.5513,32.3741],[35.5513,32.3741],[35.5513,32.3741],[35.5516,32.3741],[35.5516,32.3741],[35.5516,32.3741],[35.5519,32.3739],[35.552,32.3739],[35.5524,32.3738],[35.5528,32.3737],[35.5532,32.3736],[35.5536,32.3736],[35.5543,32.3735],[35.5543,32.3735],[35.555,32.3735],[35.5557,32.3735],[35.5558,32.3735],[35.5558,32.3735],[35.5558,32.3737],[35.5559,32.3737],[35.556,32.3739],[35.556,32.3739],[35.5561,32.3741],[35.5561,32.3741],[35.5563,32.3746],[35.5564,32.3747],[35.5564,32.3748],[35.5564,32.3749],[35.5564,32.3751],[35.5563,32.3753],[35.5562,32.3756],[35.5561,32.376],[35.5559,32.3764],[35.5558,32.3767],[35.5554,32.3771],[35.555,32.3777],[35.5548,32.378],[35.5542,32.3786],[35.5542,32.3786],[35.5536,32.3793],[35.5533,32.3796],[35.5533,32.3796],[35.5533,32.3797],[35.5532,32.3798],[35.5531,32.3799],[35.5531,32.3799],[35.553,32.3801],[35.553,32.3801],[35.553,32.3802],[35.5529,32.3808],[35.5528,32.3809],[35.5528,32.3809],[35.5528,32.381],[35.5528,32.3811],[35.5528,32.3811],[35.5528,32.3812],[35.5528,32.3815],[35.5528,32.3815],[35.5528,32.3815],[35.5528,32.3815],[35.5528,32.382],[35.5528,32.382],[35.5528,32.3825],[35.5528,32.3825],[35.5528,32.3828],[35.5528,32.3828],[35.5529,32.3829],[35.5529,32.3832],[35.5529,32.3832],[35.5529,32.3832],[35.5531,32.3836],[35.5531,32.3837],[35.5531,32.3838],[35.5531,32.3839],[35.5532,32.3839],[35.5532,32.384],[35.5532,32.384],[35.5533,32.3841],[35.5533,32.3842],[35.5533,32.3842],[35.5534,32.3844],[35.5534,32.3844],[35.5535,32.3846],[35.5535,32.3846],[35.5538,32.3852],[35.5538,32.3852],[35.554,32.3856],[35.5541,32.3856],[35.5541,32.3857],[35.5542,32.3859],[35.5544,32.3861],[35.5545,32.3863],[35.5546,32.3864],[35.5547,32.3866],[35.5547,32.3868],[35.5547,32.3869],[35.5547,32.387],[35.5547,32.3871],[35.5546,32.3873],[35.5544,32.3876],[35.5539,32.3881],[35.5538,32.3883],[35.5537,32.3884],[35.5537,32.3884],[35.5541,32.3887],[35.5541,32.3887],[35.5546,32.3888],[35.5548,32.3888],[35.5548,32.3888],[35.5562,32.3876],[35.5584,32.3865],[35.5606,32.3856],[35.5614,32.3855],[35.562,32.3852],[35.5624,32.3842],[35.5623,32.3836],[35.5616,32.3829],[35.5607,32.3822],[35.5598,32.3816],[35.5596,32.3802],[35.5598,32.3793],[35.5601,32.3785]]]]}},{"type":"Feature","properties":{"name":"203 צפון","remarks":"02-5305042, pakmaz64@gmail.com"},"geometry":{"type":"MultiPolygon","coordinates":[[[[34.9908,32.0741],[34.9914,32.0742],[34.9916,32.0738],[34.9917,32.0734],[34.9918,32.0731],[34.9918,32.0731],[34.9919,32.0729],[34.9921,32.0723],[34.9923,32.0717],[34.9923,32.0717],[34.9924,32.0715],[34.9925,32.0712],[34.9925,32.0712],[34.9925,32.071],[34.9927,32.0705],[34.9928,32.0702],[34.9929,32.0699],[34.9931,32.0695],[34.9931,32.0695],[34.9931,32.0695],[34.9932,32.0692],[34.9932,32.0692],[34.9933,32.069],[34.9934,32.0687],[34.9934,32.0686],[34.9936,32.0681],[34.9939,32.0675],[34.994,32.0672],[34.9941,32.0669],[34.9942,32.0666],[34.9944,32.0663],[34.9944,32.066],[34.9945,32.0659],[34.9946,32.0657],[34.9948,32.0651],[34.9948,32.065],[34.9949,32.065],[34.9949,32.0649],[34.9949,32.0648],[34.9951,32.0645],[34.9951,32.0644],[34.9951,32.0644],[34.9953,32.0639],[34.9953,32.0639],[34.9955,32.0633],[34.9959,32.0622],[34.9961,32.0619],[34.9962,32.0614],[34.9961,32.0617],[34.9965,32.0609],[34.9967,32.0602],[34.9968,32.0601],[34.9969,32.0596],[34.997,32.0595],[34.9972,32.059],[34.9973,32.0587],[34.9974,32.0584],[34.9976,32.0576],[34.9977,32.0575],[34.9978,32.0571],[34.9981,32.0566],[34.9981,32.0563],[34.9983,32.0561],[34.9983,32.0559],[34.9984,32.0558],[34.9984,32.0556],[34.9984,32.0556],[34.9984,32.0556],[34.9984,32.0555],[34.9984,32.0555],[34.9985,32.0554],[34.9985,32.0553],[34.9985,32.0553],[34.9986,32.0549],[34.9987,32.0548],[34.9987,32.0548],[34.9988,32.0543],[34.9988,32.0543],[34.9989,32.054],[34.9991,32.0534],[34.9992,32.053],[34.9993,32.0527],[34.9994,32.0526],[34.9999,32.0509],[35.0004,32.0494],[35.0005,32.0488],[35.0006,32.0487],[35.0006,32.0485],[35.0011,32.0468],[35.0013,32.0462],[35.0013,32.0461],[35.0017,32.0449],[35.002,32.0437],[35.0022,32.0431],[35.0022,32.0431],[35.001,32.0428],[34.9998,32.0425],[34.9986,32.0423],[34.9974,32.042],[34.9962,32.0417],[34.9949,32.0416],[34.9936,32.0414],[34.9916,32.0413],[34.9905,32.041],[34.9895,32.0407],[34.9885,32.0404],[34.9875,32.0401],[34.9856,32.0395],[34.9838,32.0393],[34.9827,32.0393],[34.9817,32.0393],[34.9806,32.0393],[34.9795,32.0392],[34.9785,32.0392],[34.9774,32.0392],[34.9763,32.0392],[34.9753,32.0392],[34.974,32.0388],[34.9723,32.038],[34.9712,32.0374],[34.9695,32.0363],[34.9682,32.0363],[34.9669,32.0363],[34.9658,32.0366],[34.9654,32.0366],[34.9652,32.0371],[34.9653,32.0375],[34.9655,32.0384],[34.9657,32.0393],[34.9658,32.0402],[34.966,32.0411],[34.9662,32.0421],[34.9664,32.043],[34.9667,32.0439],[34.9669,32.0449],[34.9671,32.0458],[34.9673,32.0467],[34.9675,32.0477],[34.9677,32.0486],[34.968,32.0495],[34.9682,32.0505],[34.9684,32.0514],[34.9686,32.0523],[34.9688,32.0533],[34.969,32.054],[34.9691,32.0545],[34.9694,32.0558],[34.9693,32.0568],[34.9693,32.0578],[34.9693,32.0586],[34.9693,32.0587],[34.9693,32.0597],[34.9692,32.0607],[34.9692,32.0617],[34.9692,32.0626],[34.9692,32.0636],[34.9692,32.0646],[34.9691,32.0653],[34.9691,32.0656],[34.9691,32.0666],[34.9691,32.0676],[34.969,32.0686],[34.969,32.0696],[34.969,32.0705],[34.969,32.0714],[34.9689,32.0722],[34.9689,32.0724],[34.9689,32.0733],[34.9689,32.0733],[34.9689,32.0742],[34.9689,32.0751],[34.9689,32.076],[34.9688,32.077],[34.9688,32.0779],[34.9688,32.0788],[34.9688,32.0797],[34.9693,32.0797],[34.9699,32.0798],[34.9702,32.0797],[34.9704,32.0796],[34.9706,32.0795],[34.9707,32.0792],[34.9708,32.079],[34.9712,32.0789],[34.9715,32.0788],[34.9718,32.0786],[34.9719,32.0786],[34.9722,32.0786],[34.9725,32.0787],[34.9727,32.0788],[34.9729,32.0789],[34.9736,32.0786],[34.9736,32.0785],[34.9733,32.0783],[34.9732,32.078],[34.9731,32.0774],[34.9731,32.0772],[34.9732,32.0768],[34.9734,32.0764],[34.9735,32.0761],[34.9736,32.0759],[34.9737,32.0756],[34.9738,32.0754],[34.9741,32.0751],[34.9743,32.0749],[34.9744,32.0747],[34.9746,32.0747],[34.9748,32.0747],[34.9753,32.0747],[34.9754,32.0747],[34.9757,32.0746],[34.9759,32.0745],[34.976,32.0743],[34.976,32.0741],[34.9761,32.0738],[34.9762,32.0736],[34.9763,32.0734],[34.9764,32.0732],[34.9764,32.0732],[34.9765,32.0731],[34.9766,32.0731],[34.9766,32.0731],[34.9768,32.0731],[34.9769,32.0731],[34.9769,32.0731],[34.9771,32.073],[34.9772,32.073],[34.9773,32.0731],[34.9773,32.073],[34.9774,32.073],[34.9775,32.073],[34.9776,32.073],[34.9778,32.073],[34.9779,32.073],[34.978,32.073],[34.9782,32.073],[34.9783,32.0731],[34.9785,32.0733],[34.9785,32.0734],[34.9785,32.0734],[34.9786,32.0734],[34.9786,32.0734],[34.9786,32.0735],[34.9787,32.0735],[34.9787,32.0736],[34.9788,32.0736],[34.9789,32.0736],[34.9789,32.0736],[34.9789,32.0737],[34.979,32.0738],[34.979,32.0739],[34.9791,32.074],[34.9791,32.074],[34.9792,32.074],[34.9792,32.0741],[34.9792,32.0742],[34.9794,32.0742],[34.9794,32.0743],[34.9795,32.0743],[34.9796,32.0744],[34.9796,32.0744],[34.9799,32.0746],[34.98,32.0746],[34.98,32.0747],[34.9801,32.0747],[34.9801,32.0748],[34.9802,32.0748],[34.9802,32.0748],[34.9802,32.0749],[34.9803,32.0749],[34.9803,32.0749],[34.9804,32.075],[34.9804,32.075],[34.9805,32.0751],[34.9807,32.0753],[34.9807,32.0754],[34.9808,32.0754],[34.9809,32.0755],[34.9809,32.0756],[34.9809,32.0756],[34.981,32.0757],[34.981,32.0757],[34.9811,32.0758],[34.9811,32.0758],[34.9812,32.0759],[34.9812,32.076],[34.9812,32.076],[34.9813,32.0761],[34.9813,32.0761],[34.9814,32.0762],[34.9815,32.0763],[34.9815,32.0763],[34.9812,32.0766],[34.9815,32.0768],[34.9816,32.0768],[34.9818,32.077],[34.983,32.0772],[34.9831,32.0773],[34.9833,32.0773],[34.9835,32.0772],[34.9847,32.0769],[34.9848,32.0768],[34.9849,32.0767],[34.985,32.0762],[34.9851,32.0761],[34.9852,32.0761],[34.9854,32.076],[34.9858,32.0759],[34.986,32.0759],[34.9862,32.0758],[34.9863,32.0758],[34.9864,32.0757],[34.9865,32.0757],[34.9866,32.0756],[34.9867,32.0755],[34.9868,32.0754],[34.9868,32.0754],[34.9872,32.075],[34.9877,32.0745],[34.9877,32.0745],[34.9878,32.0744],[34.9879,32.0744],[34.9882,32.0742],[34.9884,32.0742],[34.9887,32.0743],[34.9889,32.0743],[34.9891,32.0745],[34.9895,32.0742],[34.9897,32.0741],[34.9903,32.0741],[34.9904,32.0741],[34.9905,32.0741],[34.9907,32.0741],[34.9908,32.0741]]],[[[34.9836,32.0888],[34.9837,32.0888],[34.9838,32.0888],[34.9838,32.0888],[34.9842,32.0889],[34.9845,32.089],[34.9846,32.089],[34.9852,32.0892],[34.9856,32.0893],[34.986,32.0895],[34.9863,32.0897],[34.9863,32.0897],[34.9864,32.0895],[34.9865,32.0894],[34.9869,32.0882],[34.9869,32.0881],[34.9871,32.0876],[34.9874,32.0868],[34.9877,32.0858],[34.9879,32.0853],[34.9881,32.0846],[34.9882,32.0843],[34.9882,32.0842],[34.9871,32.0848],[34.9874,32.0854],[34.987,32.0855],[34.9867,32.0856],[34.9867,32.0856],[34.9867,32.0858],[34.9867,32.086],[34.9866,32.0861],[34.9865,32.0864],[34.9864,32.0866],[34.9862,32.0868],[34.9859,32.087],[34.9856,32.0872],[34.9852,32.0873],[34.9847,32.0876],[34.9838,32.088],[34.9834,32.0883],[34.9833,32.0883],[34.983,32.0886],[34.9829,32.0887],[34.9828,32.0888],[34.9827,32.0889],[34.9827,32.089],[34.9826,32.0891],[34.9826,32.0891],[34.9825,32.0893],[34.9829,32.0891],[34.9832,32.0889],[34.9836,32.0888]]],[[[34.9885,32.0834],[34.9911,32.0752],[34.9914,32.0742],[34.9914,32.0742],[34.9914,32.0743],[34.9914,32.0744],[34.9913,32.0745],[34.9912,32.075],[34.991,32.0755],[34.9909,32.0757],[34.9909,32.0758],[34.9908,32.076],[34.9908,32.0761],[34.9908,32.0761],[34.9907,32.0762],[34.9906,32.0765],[34.9906,32.0767],[34.9905,32.077],[34.9904,32.0773],[34.9903,32.0775],[34.9899,32.0787],[34.9899,32.0788],[34.9899,32.0788],[34.9898,32.0791],[34.9898,32.0792],[34.9893,32.0808],[34.9893,32.0809],[34.9893,32.0809],[34.989,32.0816],[34.9887,32.0826],[34.9886,32.0831],[34.9885,32.0834]]],[[[34.9884,32.0836],[34.9885,32.0834],[34.9882,32.0842],[34.9884,32.0836]]]]}},{"type":"Feature","properties":{"name":"203 דרום","remarks":"02-5305042, pakmaz64@gmail.com"},"geometry":{"type":"MultiPolygon","coordinates":[[[[35.0036,32.0344],[35.0037,32.0335],[35.0038,32.0326],[35.0039,32.0317],[35.004,32.0307],[35.0042,32.0298],[35.0043,32.0289],[35.0044,32.028],[35.0045,32.027],[35.0046,32.0261],[35.0047,32.0252],[35.0048,32.0243],[35.005,32.0225],[35.0042,32.0199],[35.0027,32.0186],[35.0002,32.0178],[35.0,32.0175],[34.9998,32.0175],[34.9993,32.0174],[34.9995,32.0067],[34.9997,31.9991],[34.9997,31.9989],[34.9997,31.9979],[34.9998,31.9964],[35.0001,31.994],[34.9984,31.9883],[34.9982,31.9884],[34.9981,31.9886],[34.9981,31.9886],[34.9981,31.9886],[34.9981,31.9886],[34.9981,31.9886],[34.9977,31.9864],[34.9977,31.9863],[34.9975,31.9854],[34.9974,31.9851],[34.9973,31.9848],[34.9972,31.9845],[34.9969,31.9831],[34.9969,31.9829],[34.9967,31.9822],[34.9966,31.9822],[34.9958,31.9822],[34.9957,31.9822],[34.9957,31.9822],[34.9955,31.9821],[34.9953,31.9819],[34.9951,31.9818],[34.9951,31.9817],[34.9951,31.9817],[34.995,31.9816],[34.995,31.9816],[34.995,31.9816],[34.995,31.9816],[34.995,31.9816],[34.995,31.9815],[34.995,31.9814],[34.9951,31.9812],[34.9951,31.9812],[34.9951,31.9811],[34.9952,31.9811],[34.9954,31.9807],[34.9954,31.9807],[34.9954,31.9807],[34.9957,31.9804],[34.996,31.98],[34.9961,31.9798],[34.9962,31.9798],[34.9962,31.9797],[34.9962,31.9797],[34.9962,31.9796],[34.9963,31.9794],[34.9963,31.9793],[34.9964,31.9791],[34.9963,31.9789],[34.9963,31.9787],[34.9963,31.9785],[34.9963,31.9784],[34.9959,31.9764],[34.9956,31.9749],[34.9955,31.9747],[34.9953,31.9743],[34.9953,31.9742],[34.9952,31.9741],[34.995,31.9738],[34.9948,31.9735],[34.9946,31.9733],[34.9942,31.9731],[34.9938,31.9727],[34.9937,31.9727],[34.9933,31.9725],[34.9929,31.9723],[34.9926,31.9722],[34.9907,31.9716],[34.9898,31.9714],[34.9896,31.9714],[34.9886,31.9709],[34.9886,31.9709],[34.9885,31.97],[34.9885,31.969],[34.9885,31.968],[34.988,31.9667],[34.9879,31.9664],[34.9876,31.9646],[34.9875,31.9632],[34.9858,31.9623],[34.9855,31.9612],[34.9851,31.96],[34.985,31.959],[34.9848,31.958],[34.9853,31.9568],[34.9859,31.9557],[34.9855,31.9544],[34.9843,31.9543],[34.9831,31.9543],[34.9818,31.9542],[34.9818,31.9542],[34.9818,31.9542],[34.9806,31.9543],[34.9794,31.9543],[34.9774,31.9545],[34.9771,31.9545],[34.9761,31.9546],[34.9761,31.9547],[34.9748,31.9548],[34.9736,31.9551],[34.9723,31.9553],[34.9709,31.9555],[34.9695,31.9557],[34.9676,31.9561],[34.9669,31.9562],[34.9657,31.9563],[34.9645,31.9565],[34.9633,31.9567],[34.9615,31.9571],[34.9599,31.9575],[34.9593,31.9582],[34.9589,31.959],[34.9587,31.9596],[34.9587,31.96],[34.9592,31.9601],[34.9592,31.961],[34.9593,31.9619],[34.9593,31.9624],[34.9594,31.9628],[34.9594,31.9637],[34.9594,31.9638],[34.9595,31.9646],[34.9596,31.9656],[34.9596,31.9665],[34.9597,31.9672],[34.9597,31.9674],[34.9597,31.9677],[34.9597,31.9683],[34.9598,31.9688],[34.9598,31.9692],[34.9599,31.9701],[34.9599,31.9702],[34.9599,31.9702],[34.9604,31.9714],[34.9608,31.9724],[34.9612,31.9734],[34.9617,31.9746],[34.9619,31.9755],[34.9622,31.9764],[34.9626,31.9776],[34.9629,31.9784],[34.9632,31.9796],[34.9631,31.9812],[34.9633,31.9824],[34.9635,31.9832],[34.9636,31.9842],[34.9636,31.9852],[34.9635,31.986],[34.9636,31.9861],[34.9637,31.9862],[34.9639,31.9865],[34.9641,31.9868],[34.9643,31.9869],[34.9644,31.9871],[34.9646,31.9872],[34.9646,31.9872],[34.9648,31.9875],[34.9649,31.9876],[34.9649,31.9876],[34.965,31.9877],[34.965,31.9877],[34.965,31.9877],[34.9651,31.9879],[34.9652,31.9881],[34.9652,31.9881],[34.9652,31.9882],[34.9652,31.9882],[34.9653,31.9885],[34.9653,31.9885],[34.9653,31.9885],[34.9653,31.9885],[34.9653,31.9886],[34.9653,31.9886],[34.9653,31.9886],[34.9652,31.9887],[34.9652,31.9887],[34.9652,31.9887],[34.9652,31.9888],[34.9652,31.9888],[34.9652,31.9888],[34.9652,31.9888],[34.9652,31.9889],[34.9652,31.9889],[34.9652,31.9889],[34.9652,31.9889],[34.9652,31.9889],[34.9651,31.989],[34.9651,31.989],[34.9651,31.989],[34.9651,31.989],[34.9651,31.9891],[34.9651,31.9891],[34.9651,31.9891],[34.9651,31.9891],[34.965,31.9892],[34.965,31.9892],[34.965,31.9892],[34.9649,31.9893],[34.9649,31.9893],[34.9649,31.9893],[34.9649,31.9893],[34.9649,31.9893],[34.9648,31.9893],[34.9648,31.9893],[34.9648,31.9894],[34.9648,31.9894],[34.9648,31.9894],[34.9648,31.9894],[34.9647,31.9895],[34.9647,31.9895],[34.9647,31.9895],[34.9647,31.9895],[34.9647,31.9895],[34.9646,31.9895],[34.9646,31.9895],[34.9646,31.9896],[34.9646,31.9896],[34.9644,31.9897],[34.9644,31.9897],[34.9644,31.9897],[34.9642,31.9897],[34.964,31.9898],[34.9641,31.9901],[34.9644,31.9909],[34.9645,31.9912],[34.9653,31.9916],[34.9652,31.9925],[34.9653,31.9936],[34.9653,31.9942],[34.9653,31.9943],[34.9657,31.9958],[34.9662,31.9973],[34.9663,31.9979],[34.9664,31.9983],[34.9665,31.9987],[34.9665,31.999],[34.9666,31.9994],[34.9666,31.9997],[34.9667,32.0004],[34.9667,32.0014],[34.9665,32.0014],[34.9665,32.0014],[34.9665,32.0021],[34.9666,32.0031],[34.9666,32.0033],[34.9666,32.004],[34.9669,32.004],[34.9673,32.004],[34.9673,32.004],[34.9676,32.004],[34.9678,32.004],[34.9683,32.004],[34.9683,32.004],[34.9694,32.004],[34.9699,32.0042],[34.9701,32.0043],[34.9711,32.005],[34.9717,32.0058],[34.9728,32.0072],[34.9729,32.008],[34.9728,32.0082],[34.9727,32.0089],[34.9726,32.0091],[34.9724,32.0095],[34.9722,32.0098],[34.9725,32.0102],[34.9727,32.0105],[34.9732,32.0108],[34.9734,32.0109],[34.9739,32.0108],[34.9749,32.0107],[34.9756,32.0106],[34.9769,32.0102],[34.9771,32.0099],[34.9775,32.009],[34.9777,32.0089],[34.9788,32.0084],[34.9788,32.0083],[34.9789,32.0084],[34.9793,32.0094],[34.9794,32.0093],[34.9802,32.0095],[34.9808,32.01],[34.9809,32.0102],[34.981,32.0105],[34.9806,32.0116],[34.9805,32.0123],[34.9805,32.0127],[34.9805,32.0131],[34.9808,32.0133],[34.9808,32.0133],[34.982,32.0136],[34.9821,32.0138],[34.9821,32.0138],[34.9823,32.0139],[34.9823,32.0141],[34.9824,32.0141],[34.9823,32.0146],[34.9825,32.0153],[34.9826,32.0155],[34.9834,32.0159],[34.9838,32.0165],[34.9841,32.0178],[34.9841,32.018],[34.9841,32.0182],[34.9838,32.0184],[34.9832,32.0187],[34.9832,32.019],[34.9823,32.0196],[34.9824,32.0198],[34.9822,32.02],[34.9829,32.0205],[34.9825,32.0211],[34.9819,32.0214],[34.9812,32.0215],[34.9805,32.0213],[34.9802,32.0213],[34.9795,32.0216],[34.9788,32.0216],[34.9776,32.022],[34.9772,32.0218],[34.9769,32.0215],[34.9762,32.0213],[34.9755,32.0212],[34.9751,32.0213],[34.9746,32.0215],[34.9735,32.0212],[34.9723,32.0209],[34.9723,32.0211],[34.9711,32.0208],[34.9708,32.0215],[34.9707,32.0215],[34.9698,32.0214],[34.9702,32.0208],[34.9691,32.0203],[34.9692,32.0194],[34.9693,32.0184],[34.9686,32.0179],[34.9687,32.0171],[34.9674,32.0165],[34.9672,32.0164],[34.9672,32.0172],[34.9672,32.018],[34.9669,32.019],[34.9664,32.0205],[34.9664,32.0206],[34.9661,32.0212],[34.9659,32.0216],[34.9654,32.0224],[34.9648,32.0232],[34.9648,32.0234],[34.9648,32.024],[34.9648,32.025],[34.9648,32.0259],[34.9648,32.0269],[34.9647,32.0279],[34.9647,32.0288],[34.9647,32.0298],[34.9646,32.0307],[34.9646,32.0317],[34.9648,32.0331],[34.9651,32.0341],[34.9656,32.0341],[34.9671,32.0344],[34.9691,32.0341],[34.9703,32.0341],[34.9713,32.0346],[34.9724,32.035],[34.9736,32.0361],[34.9755,32.0368],[34.9765,32.0368],[34.9776,32.0368],[34.9787,32.0368],[34.9797,32.0369],[34.9808,32.0369],[34.9819,32.0369],[34.9829,32.0369],[34.9843,32.0371],[34.9857,32.0372],[34.9875,32.0379],[34.9891,32.0383],[34.9904,32.0386],[34.9918,32.039],[34.9929,32.0392],[34.9943,32.0395],[34.9964,32.0401],[34.9976,32.0403],[34.9988,32.0405],[35.0001,32.0407],[35.0013,32.0409],[35.0025,32.0411],[35.0028,32.0412],[35.0028,32.0409],[35.0029,32.04],[35.003,32.0391],[35.0031,32.0381],[35.0033,32.0372],[35.0034,32.0363],[35.0035,32.0354],[35.0036,32.0344]],[[34.9987,32.0016],[34.9988,32.0016],[34.9988,32.0016],[34.9987,32.0016]]]]}}]}
